bam_id,full,first,last,bats,position,birth_date,birthCity,birthState,birthCountry
598265,Jackie Bradley Jr.,Jackie,Bradley Jr.,L,CF,1990-04-19,Richmond,VA,USA
593428,Xander Bogaerts,Xander,Bogaerts,R,SS,1992-10-01,Oranjestad,,Aruba
434670,Hanley Ramirez,Hanley,Ramirez,R,SS,1983-12-23,Samana,,Dominican Republic
120074,David Ortiz,David,Ortiz,L,DH,1975-11-18,Santo Domingo,,DOM
605141,Mookie Betts,Mookie,Betts,R,SS,1992-10-07,Nashville,TN,USA
518626,Josh Donaldson,Josh,Donaldson,R,3B,1985-12-08,Pensacola,FL,USA
581527,Devon Travis,Devon,Travis,R,2B,1991-02-21,West Palm Beach,FL,USA
485567,Ezequiel Carrera,Ezequiel,Carrera,L,LF,1987-06-11,Guiria,,Venezuela
607680,Kevin Pillar,Kevin,Pillar,R,LF,1989-01-04,West Hills,CA,USA
571788,Brock Holt,Brock,Holt,L,2B,1988-06-11,Fort Worth,TX,USA
456030,Dustin Pedroia,Dustin,Pedroia,R,2B,1983-08-17,Woodland,CA,USA
643217,Andrew Benintendi,Andrew,Benintendi,L,DH,1994-07-06,Cincinnati,OH,USA
455759,Chris Young,Chris,Young,R,CF,1983-09-05,Houston,TX,USA
459431,Michael Saunders,Michael,Saunders,L,LF,1986-11-19,Victoria,BC,Canada
453064,Troy Tulowitzki,Troy,Tulowitzki,R,SS,1984-10-10,Santa Clara,CA,USA
431145,Russell Martin,Russell,Martin,R,C,1983-02-15,East York,ON,Canada
430832,José Bautista,José,Bautista,R,RF,1980-10-19,Santo Domingo,,Dominican Republic
429665,Edwin Encarnación,Edwin,Encarnación,R,DH,1983-01-07,La Romana,,Dominican Republic
506702,Sandy León,Sandy,León,S,C,1989-03-13,Maracaibo,,Venezuela
425834,B.J. Upton,B.J.,Upton,R,CF,1984-08-21,Norfolk,VA,USA
592261,Delino DeShields,Delino,DeShields,R,CF,1992-08-16,Easton,MD,USA
595777,Jurickson Profar,Jurickson,Profar,S,LF,1993-02-20,Willemstad,,Curacao
607387,Ryan Rua,Ryan,Rua,R,LF,1990-03-11,Amherst,OH,USA
523253,Logan Forsythe,Logan,Forsythe,R,2B,1987-01-14,Memphis,TN,USA
543094,Jaff Decker,Jaff,Decker,L,RF,1990-02-23,Phoenix,AZ,USA
571912,Luke Maile,Luke,Maile,R,C,1991-02-06,Edgewood,KY,USA
592200,Curt Casali,Curt,Casali,R,C,1988-11-09,Walnut Creek,CA,USA
493351,Alexei Ramirez,Alexei,Ramirez,R,SS,1981-09-22,Pinar del Rio,,Cuba
572128,Richie Shaffer,Richie,Shaffer,R,1B,1991-03-15,Flemington,NJ,USA
608336,Joey Gallo,Joey,Gallo,L,LF,1993-11-19,Henderson,NV,USA
592592,Brett Nicholas,Brett,Nicholas,L,C,1988-07-18,Phoenix,AZ,USA
608577,Nomar Mazara,Nomar,Mazara,L,OF,1995-04-26,Santo Domingo,,Dominican Republic
593643,Hanser Alberto,Hanser,Alberto,R,3B,1992-10-17,San Francisco de Macoris,,Dominican Republic
455139,Robinson Chirinos,Robinson,Chirinos,R,C,1984-06-05,Punto Fijo,,Venezuela
592419,Jared Hoying,Jared,Hoying,L,LF,1989-05-18,Fort Loramie,OH,USA
572816,Corey Dickerson,Corey,Dickerson,L,LF,1989-05-22,McComb,MS,USA
446334,Evan Longoria,Evan,Longoria,R,3B,1985-10-07,Downey,CA,USA
543484,Mikie Mahtook,Mikie,Mahtook,R,CF,1989-11-30,Lafayette,LA,USA
425783,Shin-Soo Choo,Shin-Soo,Choo,L,RF,1982-07-13,Busan,,Republic of Korea
462101,Elvis Andrus,Elvis,Andrus,R,SS,1988-08-26,Maracay,,Venezuela
518960,Jonathan Lucroy,Jonathan,Lucroy,R,C,1986-06-13,Eustis,FL,USA
134181,Adrian Beltré,Adrian,Beltré,R,3B,1979-04-07,Santo Domingo,,Dominican Republic
136860,Carlos Beltrán,Carlos,Beltrán,S,CF,1977-04-24,Manati,,Puerto Rico
460576,Carlos Gómez,Carlos,Gómez,R,CF,1985-12-04,Santiago,,Dominican Republic
594838,Phil Gosselin,Phil,Gosselin,R,2B,1988-10-03,Bryn Mawr,PA,USA
488912,Tuffy Gosewisch,Tuffy,Gosewisch,R,C,1983-08-17,Freeport,IL,USA
571745,Mitch Haniger,Mitch,Haniger,R,RF,1990-12-23,Mountain View,CA,USA
572008,Chris Owings,Chris,Owings,R,SS,1991-08-12,Charleston,SC,USA
595978,Austin Hedges,Austin,Hedges,R,C,1992-08-18,San Juan Capistrano,CA,USA
572114,Ryan Schimpf,Ryan,Schimpf,L,2B,1988-04-11,New Orleans,LA,USA
592669,Hunter Renfroe,Hunter,Renfroe,R,RF,1992-01-28,Crystal Springs,MS,USA
630111,Yasmany Tomás,Yasmany,Tomás,R,RF,1990-11-14,Havana,,Cuba
592273,Brandon Drury,Brandon,Drury,R,3B,1992-08-21,Grants Pass,OR,USA
502671,Paul Goldschmidt,Paul,Goldschmidt,R,1B,1987-09-10,Wilmington,DE,USA
571875,Jake Lamb,Jake,Lamb,L,3B,1990-10-09,Seattle,WA,USA
543105,Alex Dickerson,Alex,Dickerson,L,LF,1990-05-26,Poway,CA,USA
500208,Yangervis Solarte,Yangervis,Solarte,S,3B,1987-07-03,Valencia,,Venezuela
571976,Wil Myers,Wil,Myers,R,1B,1990-12-10,Thomasville,NC,USA
516416,Jean Segura,Jean,Segura,R,SS,1990-03-17,San Juan,,Dominican Republic
571812,Kyle Jensen,Kyle,Jensen,R,1B,1988-05-20,Walnut Creek,CA,USA
622534,Manuel Margot,Manuel,Margot,R,CF,1994-09-28,San Cristobal,,Dominican Republic
489267,Adam Rosales,Adam,Rosales,R,SS,1983-05-20,Chicago,IL,USA
596143,Luis Sardinas,Luis,Sardinas,S,SS,1993-05-16,Bolivar,,Venezuela
571863,Matt Koch,Matt,Koch,L,P,1990-11-02,Cherokee,IA,USA
518560,Paul Clemens,Paul,Clemens,R,P,1988-02-14,Columbia,SC,USA
457705,Andrew McCutchen,Andrew,McCutchen,R,DH,1986-10-10,Fort Meade,FL,USA
570256,Gregory Polanco,Gregory,Polanco,L,RF,1991-09-14,Santo Domingo,,Dominican Republic
444379,John Jaso,John,Jaso,L,C,1983-09-19,Chula Vista,CA,USA
595386,Jason Rogers,Jason,Rogers,R,1B,1988-03-13,East Point,GA,USA
461235,Brandon Moss,Brandon,Moss,L,1B,1983-09-16,Monroe,GA,USA
594824,Greg Garcia,Greg,Garcia,L,2B,1989-08-08,El Cajon,CA,USA
572039,Stephen Piscotty,Stephen,Piscotty,R,RF,1991-01-14,Pleasanton,CA,USA
425877,Yadier Molina,Yadier,Molina,R,C,1982-07-13,Bayamon,,Puerto Rico
465753,Pedro Florimón,Pedro,Florimón,S,SS,1986-12-10,La Romana,,Dominican Republic
518700,Eric Fryer,Eric,Fryer,R,C,1985-08-26,Columbus,OH,USA
593700,Alen Hanson,Alen,Hanson,S,2B,1992-10-22,La Romana,,Dominican Republic
459964,Matt Joyce,Matt,Joyce,L,RF,1984-08-03,Tampa,FL,USA
649557,Aledmys Díaz,Aledmys,Díaz,R,SS,1990-08-01,Santa Clara,,Cuba
572761,Matt Carpenter,Matt,Carpenter,L,3B,1985-11-26,Galveston,TX,USA
571431,Matt Adams,Matt,Adams,L,1B,1988-08-31,Philipsburg,PA,USA
545341,Randal Grichuk,Randal,Grichuk,R,DH,1991-08-13,Rosenberg,TX,USA
576397,Jedd Gyorko,Jedd,Gyorko,R,2B,1988-09-23,Morgantown,WV,USA
425509,Jhonny Peralta,Jhonny,Peralta,R,SS,1982-05-28,Santiago,,Dominican Republic
628356,Jung Ho Kang,Jung Ho,Kang,R,3B,1987-04-05,Gwangju,,
624428,Adam Frazier,Adam,Frazier,L,2B,1991-12-14,Athens,GA,USA
500874,José A. Martínez,José A.,Martínez,R,RF,1988-07-25,La Guaira,,Venezuela
285064,Ryan Vogelsong,Ryan,Vogelsong,R,P,1977-07-22,Charlotte,NC,USA
425794,Adam Wainwright,Adam,Wainwright,R,P,1981-08-30,Brunswick,GA,USA
596129,Daniel Vogelbach,Daniel,Vogelbach,L,1B,1992-12-17,Orlando,FL,USA
572122,Kyle Seager,Kyle,Seager,L,3B,1987-11-03,Charlotte,NC,USA
429711,Franklin Gutierrez,Franklin,Gutierrez,R,CF,1983-02-21,Caracas,,Venezuela
621566,Matt Olson,Matt,Olson,L,1B,1994-03-29,Atlanta,GA,USA
518649,Brett Eibner,Brett,Eibner,R,P,1988-12-02,San Diego,CA,USA
622194,Bruce Maxwell,Bruce,Maxwell,L,C,1990-12-20,Weisbaden,,Germany
572287,Mike Zunino,Mike,Zunino,R,C,1991-03-25,Cape Coral,FL,USA
502523,Shawn O'Malley,Shawn,O'Malley,S,SS,1987-12-28,Richland,WA,USA
628338,Guillermo Heredia,Guillermo,Heredia,R,LF,1991-01-31,Matanzas,,Cuba
502273,Mike Freeman,Mike,Freeman,L,SS,1987-08-04,Orlando,FL,USA
475174,Yonder Alonso,Yonder,Alonso,L,1B,1987-04-08,Havana,,Cuba
592387,Ryon Healy,Ryon,Healy,R,1B,1992-01-10,West Hills,CA,USA
640461,Chad Pinder,Chad,Pinder,R,LF,1992-03-29,Richmond,VA,USA
621563,Joey Wendle,Joey,Wendle,L,2B,1990-04-26,Wilmington,DE,USA
455104,Chris Iannetta,Chris,Iannetta,R,C,1983-04-08,Providence,RI,USA
592325,Ben Gamel,Ben,Gamel,L,RF,1992-05-17,Neptune Beach,FL,USA
493193,Dae-Ho Lee,Dae-Ho,Lee,R,1B,1982-06-21,Busan,,South Korea
543760,Marcus Semien,Marcus,Semien,R,2B,1990-09-17,San Francisco,CA,USA
519295,Jake Smolinski,Jake,Smolinski,R,CF,1989-02-09,Rockford,IL,USA
429664,Robinson Canó,Robinson,Canó,L,2B,1982-10-22,San Pedro de Macoris,,Dominican Republic
519390,Stephen Vogt,Stephen,Vogt,L,C,1984-11-01,Visalia,CA,USA
608700,Kevin Plawecki,Kevin,Plawecki,R,C,1991-02-26,Hinsdale,IL,USA
493472,Eric Campbell,Eric,Campbell,R,3B,1987-04-09,Norwich,CT,USA
624424,Michael Conforto,Michael,Conforto,L,DH,1993-03-01,Seattle,WA,USA
607043,Brandon Nimmo,Brandon,Nimmo,L,RF,1993-03-27,Cheyenne,WY,USA
446263,Lucas Duda,Lucas,Duda,L,1B,1986-02-03,Riverside,CA,USA
520471,Freddy Galvis,Freddy,Galvis,S,SS,1989-11-14,Punto Fijo,,Venezuela
571437,Aaron Altherr,Aaron,Altherr,R,RF,1991-01-14,Landstuhl,,Germany
433217,Andrés Blanco,Andrés,Blanco,S,2B,1984-04-11,Urama,,Venezuela
519237,Cameron Rupp,Cameron,Rupp,R,C,1988-09-28,Dallas,TX,USA
429667,Ryan Howard,Ryan,Howard,L,1B,1979-11-19,St. Louis,MO,USA
596748,Maikel Franco,Maikel,Franco,R,3B,1992-08-26,Azua,,DOM
457477,Alejandro De Aza,Alejandro,De Aza,L,CF,1984-04-11,Guaymate,,Dominican Republic
608703,Matt Reynolds,Matt,Reynolds,R,3B,1990-12-03,Tulsa,OK,USA
501571,Juan Lagares,Juan,Lagares,R,RF,1989-03-17,Constanza,,Dominican Republic
546318,Odúbel Herrera,Odúbel,Herrera,L,CF,1991-12-29,Zulia,,Venezuela
517370,Jimmy Paredes,Jimmy,Paredes,S,DH,1988-11-25,Haina,,Dominican Republic
514917,César Hernández,César,Hernández,S,2B,1990-05-23,Valencia,,Venezuela
605125,Cody Asche,Cody,Asche,L,3B,1990-06-30,St. Charles,MO,USA
571841,Ty Kelly,Ty,Kelly,S,LF,1988-07-20,Dallas,TX,USA
430637,Kelly Johnson,Kelly,Johnson,L,2B,1982-02-22,Austin,TX,USA
425766,James Loney,James,Loney,L,1B,1984-05-07,Houston,TX,USA
595191,Jerad Eickhoff,Jerad,Eickhoff,R,P,1990-07-02,Evansville,IN,USA
457803,Jay Bruce,Jay,Bruce,L,RF,1987-04-03,Beaumont,TX,USA
434158,Curtis Granderson,Curtis,Granderson,L,CF,1981-03-16,Blue Island,IL,USA
593679,Gabriel Ynoa,Gabriel,Ynoa,R,P,1993-05-26,La Vega,,Dominican Republic
452678,Asdrúbal Cabrera,Asdrúbal,Cabrera,S,SS,1985-11-13,Puerto La Cruz,,Venezuela
641313,Tim Anderson,Tim,Anderson,R,SS,1993-06-23,Tuscaloosa,AL,USA
594809,Adam Eaton,Adam,Eaton,L,CF,1988-12-06,Springfield,OH,USA
543776,JB Shuck,JB,Shuck,L,LF,1987-06-18,Westerville,OH,USA
573627,Kennys Vargas,Kennys,Vargas,S,1B,1990-08-01,Canovanas,,Puerto Rico
593934,Miguel Sanó,Miguel,Sanó,R,3B,1993-05-11,San Pedro de Macoris,,Dominican Republic
543257,Robbie Grossman,Robbie,Grossman,S,LF,1989-09-16,San Diego,CA,USA
593871,Jorge Polanco,Jorge,Polanco,S,DH,1993-07-05,San Pedro de Macoris,,Dominican Republic
621439,Byron Buxton,Byron,Buxton,R,CF,1993-12-18,Baxley,GA,USA
570560,Yolmer Sánchez,Yolmer,Sánchez,S,3B,1992-06-29,Maracay,,Venezuela
553882,Omar Narváez,Omar,Narváez,L,C,1992-02-10,Maracay,,Venezuela
453943,Todd Frazier,Todd,Frazier,R,3B,1986-02-12,Point Pleasant,NJ,USA
541645,Avisaíl García,Avisaíl,García,R,RF,1991-06-12,Anaco,,Venezuela
502582,Logan Schafer,Logan,Schafer,L,CF,1986-09-08,San Jose,CA,USA
571974,John Ryan Murphy,John Ryan,Murphy,R,C,1991-05-13,Bradenton,FL,USA
500871,Eduardo Escobar,Eduardo,Escobar,S,3B,1989-01-05,"La Pica, Maracay",,Venezuela
596146,Max Kepler,Max,Kepler,L,LF,1993-02-10,Berlin,,Germany
547989,José Abreu,José,Abreu,R,1B,1987-01-29,Cienfuegos,,Cuba
466320,Melky Cabrera,Melky,Cabrera,S,LF,1984-08-11,Bajos De Haina,,Dominican Republic
488671,Alex Avila,Alex,Avila,L,C,1987-01-29,Hialeah,FL,USA
408047,Justin Morneau,Justin,Morneau,L,1B,1981-05-15,New Westminster,BC,Canada
453568,Charlie Blackmon,Charlie,Blackmon,L,CF,1986-07-01,Dallas,TX,USA
518614,Daniel Descalso,Daniel,Descalso,L,2B,1986-10-19,Redwood City,CA,USA
542436,Cristhian Adames,Cristhian,Adames,S,SS,1991-07-26,Santo Domingo,,Dominican Republic
518653,Jake Elmore,Jake,Elmore,R,SS,1987-06-15,Dothan,AL,USA
572180,Andrew Susac,Andrew,Susac,R,C,1990-03-22,Roseville,CA,USA
606115,Orlando Arcia,Orlando,Arcia,R,SS,1994-08-04,Anaco,,Venezuela
541650,Hernán Pérez,Hernán,Pérez,R,SS,1991-03-26,"Villa de Cura, Aragua",,Venezuela
570267,Domingo Santana,Domingo,Santana,R,RF,1992-08-05,Santo Domingo,,Dominican Republic
506924,Stephen Cardullo,Stephen,Cardullo,R,1B,1987-08-31,Hollywood,FL,USA
641958,Jordan Patterson,Jordan,Patterson,L,RF,1992-02-12,Mobile,AL,USA
608596,Tom Murphy,Tom,Murphy,R,C,1991-04-03,West Monroe,NY,USA
471865,Carlos González,Carlos,González,L,RF,1985-10-17,Maracaibo,,Venezuela
571448,Nolan Arenado,Nolan,Arenado,R,3B,1991-04-16,Newport Beach,CA,USA
474892,Chris Carter,Chris,Carter,R,1B,1986-12-18,Redwood City,CA,USA
592680,Yadiel Rivera,Yadiel,Rivera,R,SS,1992-05-02,Caguas,,Puerto Rico
542340,Jonathan Villar,Jonathan,Villar,S,2B,1991-05-02,La Vega,,Dominican Republic
621311,David Dahl,David,Dahl,L,LF,1994-04-01,Birmingham,AL,USA
606132,Raimel Tapia,Raimel,Tapia,L,RF,1994-02-04,San Pedro de Macoris,,Dominican Republic
642162,Pat Valaika,Pat,Valaika,R,SS,1992-09-09,Valencia,CA,USA
444489,Manny Piña,Manny,Piña,R,C,1987-06-05,Barquisimeto,,Venezuela
571697,Scooter Gennett,Scooter,Gennett,L,2B,1990-05-01,Cincinnati,OH,USA
500887,Josmil Pinto,Josmil,Pinto,R,C,1989-03-31,Valencia,,Venezuela
608566,Germán Márquez,Germán,Márquez,R,P,1995-02-22,San Felix,,Venezuela
543590,Kirk Nieuwenhuis,Kirk,Nieuwenhuis,L,CF,1987-08-07,Santa Monica,CA,USA
572788,Tyler Cravy,Tyler,Cravy,R,P,1989-07-13,Martinez,CA,USA
489305,Xavier Scruggs,Xavier,Scruggs,R,1B,1987-09-23,Whittier,CA,USA
571506,Justin Bour,Justin,Bour,L,1B,1988-05-28,Washington,DC,USA
592885,Christian Yelich,Christian,Yelich,L,DH,1991-12-05,Thousand Oaks,CA,USA
452220,Stephen Drew,Stephen,Drew,L,SS,1983-03-16,Hahira,GA,USA
519208,Clint Robinson,Clint,Robinson,L,1B,1985-02-16,Jefferson City,MO,USA
547180,Bryce Harper,Bryce,Harper,L,1B,1992-10-16,Las Vegas,NV,USA
519184,Ben Revere,Ben,Revere,L,CF,1988-05-03,Atlanta,GA,USA
607208,Trea Turner,Trea,Turner,R,SS,1993-06-30,Boynton Beach,FL,USA
502317,Chris Heisey,Chris,Heisey,R,LF,1984-12-14,Lancaster,PA,USA
571851,Spencer Kieboom,Spencer,Kieboom,R,C,1991-03-16,Mount Pleasant,SC,USA
600474,Pedro Severino,Pedro,Severino,R,C,1993-07-20,Bonao,,Dominican Republic
425796,Jeff Francoeur,Jeff,Francoeur,R,RF,1984-01-08,Atlanta,GA,USA
542513,Tomás Telis,Tomás,Telis,S,C,1991-06-18,El Tigre,,Venezuela
519317,Giancarlo Stanton,Giancarlo,Stanton,R,DH,1989-11-08,Panorama,CA,USA
570639,Yefri Pérez,Yefri,Pérez,S,CF,1991-02-24,Bani,,Dominican Republic
588751,Adeiny Hechavarría,Adeiny,Hechavarría,R,SS,1989-04-15,Santiago De Cuba,,Cuba
543329,Destin Hood,Destin,Hood,R,LF,1990-04-03,Mobile,AL,USA
594694,Wilmer Difo,Wilmer,Difo,S,SS,1992-04-02,Santiago de los Caballeros,,Dominican Republic
518618,Derek Dietrich,Derek,Dietrich,L,2B,1989-07-18,Cleveland,OH,USA
543829,Dee Strange-Gordon,Dee,Strange-Gordon,L,2B,1988-04-22,Avon Park,FL,USA
453400,Chris Johnson,Chris,Johnson,R,3B,1984-10-01,Naples,FL,USA
502517,Daniel Murphy,Daniel,Murphy,L,2B,1985-04-01,Jacksonville,FL,USA
457787,Danny Espinosa,Danny,Espinosa,S,2B,1987-04-25,Santa Ana,CA,USA
400085,Ichiro Suzuki,Ichiro,Suzuki,L,RF,1973-10-22,Kasugai,,Japan
453286,Max Scherzer,Max,Scherzer,R,P,1984-07-27,St. Louis,MO,USA
446653,Jose Lobatón,Jose,Lobatón,S,C,1984-10-21,Acarigua,,Venezuela
475582,Ryan Zimmerman,Ryan,Zimmerman,R,3B,1984-09-28,Washington,NC,USA
445988,Martín Prado,Martín,Prado,R,3B,1983-10-27,Maracay,,Venezuela
543408,Tom Koehler,Tom,Koehler,R,P,1986-06-29,Bronx,NY,USA
574847,Rob Segedin,Rob,Segedin,R,1B,1988-11-10,Old Tappan,NJ,USA
624577,Yasiel Puig,Yasiel,Puig,R,RF,1990-12-07,Cienfuegos,,Cuba
605131,Austin Barnes,Austin,Barnes,R,C,1989-12-28,Riverside,CA,USA
444843,Andre Ethier,Andre,Ethier,L,RF,1982-04-10,Phoenix,AZ,USA
605412,Joe Panik,Joe,Panik,L,2B,1990-10-30,Yonkers,NY,USA
434636,Ángel Pagán,Ángel,Pagán,S,CF,1981-07-02,Rio Piedras,,Puerto Rico
543063,Brandon Crawford,Brandon,Crawford,L,SS,1987-01-21,Mountain View,CA,USA
452254,Hunter Pence,Hunter,Pence,R,RF,1983-04-13,Fort Worth,TX,USA
457763,Buster Posey,Buster,Posey,R,C,1987-03-27,Leesburg,GA,USA
474832,Brandon Belt,Brandon,Belt,L,1B,1988-04-20,Nacogdoches,TX,USA
452655,Denard Span,Denard,Span,L,CF,1984-02-27,Washington,DC,USA
502210,Josh Reddick,Josh,Reddick,L,RF,1987-02-19,Savannah,GA,USA
571771,Enrique Hernández,Enrique,Hernández,R,1B,1991-08-24,San Juan,,Puerto Rico
518586,Charlie Culberson,Charlie,Culberson,R,3B,1989-04-10,Rome,GA,USA
519043,Matt Moore,Matt,Moore,L,P,1989-06-18,Fort Walton Beach,FL,USA
543216,Conor Gillaspie,Conor,Gillaspie,L,3B,1987-07-18,Omaha,NE,USA
592626,Joc Pederson,Joc,Pederson,L,DH,1992-04-21,Palo Alto,CA,USA
518735,Yasmani Grandal,Yasmani,Grandal,S,C,1988-11-08,Havana,,Cuba
608369,Corey Seager,Corey,Seager,L,SS,1994-04-27,Charlotte,NC,USA
457759,Justin Turner,Justin,Turner,R,1B,1984-11-23,Long Beach,CA,USA
400284,Chase Utley,Chase,Utley,L,2B,1978-12-17,Pasadena,CA,USA
408236,Adrián González,Adrián,González,L,1B,1982-05-08,San Diego,CA,USA
435062,Howie Kendrick,Howie,Kendrick,R,2B,1983-07-12,Jacksonville,FL,USA
628317,Kenta Maeda,Kenta,Maeda,R,P,1988-04-11,Osaka,,Japan
545358,Max Stassi,Max,Stassi,R,C,1991-03-15,Woodland,CA,USA
607223,AJ Reed,AJ,Reed,L,1B,1993-05-10,Terre Haute,IN,USA
503556,Marwin Gonzalez,Marwin,Gonzalez,S,SS,1989-03-14,Puerto Ordaz,,Venezuela
643603,Tyler White,Tyler,White,R,1B,1990-10-29,Mooresboro,NC,USA
514888,Jose Altuve,Jose,Altuve,R,2B,1990-05-06,Maracay,,Venezuela
542908,Jett Bandy,Jett,Bandy,R,C,1990-03-26,West Hills,CA,USA
502544,Nick Buss,Nick,Buss,L,LF,1986-12-15,Southfield,MI,USA
592230,Kaleb Cowart,Kaleb,Cowart,S,3B,1992-06-02,Adel,GA,USA
643393,Tony Kemp,Tony,Kemp,L,LF,1991-10-31,Franklin,TN,USA
606192,Teoscar Hernández,Teoscar,Hernández,R,LF,1992-10-15,Cotui,,Dominican Republic
545350,Jake Marisnick,Jake,Marisnick,R,CF,1991-03-30,Riverside,CA,USA
592567,Colin Moran,Colin,Moran,L,3B,1992-10-01,Port Chester,NY,USA
460060,Cliff Pennington,Cliff,Pennington,S,SS,1984-06-15,Corpus Christi,TX,USA
542208,Carlos Pérez,Carlos,Pérez,R,C,1990-10-27,Valencia,,Venezuela
542364,Rafael Ortega,Rafael,Ortega,L,CF,1991-05-15,El Tigre,,Venezuela
596847,Ji Man Choi,Ji Man,Choi,L,DH,1991-05-19,Incheon,,Republic of Korea
527043,Jefry Marte,Jefry,Marte,R,1B,1991-06-21,La Romana,,Dominican Republic
543068,C.J. Cron,C.J.,Cron,R,1B,1990-01-05,Fullerton,CA,USA
545361,Mike Trout,Mike,Trout,R,CF,1991-08-07,Vineland,NJ,USA
594777,Kole Calhoun,Kole,Calhoun,L,RF,1987-10-14,Tempe,AZ,USA
488862,Yunel Escobar,Yunel,Escobar,R,SS,1982-11-02,Havana,,Cuba
592743,Andrelton Simmons,Andrelton,Simmons,R,SS,1989-09-04,Mundo-Novo,,Curacao
543807,George Springer,George,Springer,R,DH,1989-09-19,New Britain,CT,USA
457708,Justin Upton,Justin,Upton,R,LF,1987-08-25,Norfolk,VA,USA
502110,J.D. Martinez,J.D.,Martinez,R,DH,1987-08-21,Miami,FL,USA
408234,Miguel Cabrera,Miguel,Cabrera,R,1B,1983-04-18,Maracay,,Venezuela
457727,Cameron Maybin,Cameron,Maybin,R,CF,1987-04-04,Asheville,NC,USA
518692,Freddie Freeman,Freddie,Freeman,L,1B,1989-09-12,Villa Park,CA,USA
611177,Adonis García,Adonis,García,R,3B,1985-04-12,Ciego de Avila,,Cuba
542255,Ender Inciarte,Ender,Inciarte,L,CF,1990-10-29,Maracaibo,,Venezuela
435079,Ian Kinsler,Ian,Kinsler,R,2B,1982-06-22,Tucson,AZ,USA
400121,Victor Martinez,Victor,Martinez,S,DH,1978-12-23,Ciudad Bolivar,,Venezuela
578428,Jose Iglesias,Jose,Iglesias,R,2B,1990-01-05,Havana,,Cuba
605480,Mallex Smith,Mallex,Smith,L,CF,1993-05-06,Tallahassee,FL,USA
621020,Dansby Swanson,Dansby,Swanson,R,SS,1994-02-11,Kennesaw,GA,USA
607054,Jace Peterson,Jace,Peterson,L,2B,1990-05-09,Lake Charles,LA,USA
543510,James McCann,James,McCann,R,C,1990-06-13,Santa Barbara,CA,USA
592206,Nick Castellanos,Nick,Castellanos,R,RF,1992-03-04,Hialeah,FL,USA
452095,Tyler Flowers,Tyler,Flowers,R,C,1986-01-24,Roswell,GA,USA
455976,Nick Markakis,Nick,Markakis,L,RF,1983-11-17,Woodstock,GA,USA
461314,Matt Kemp,Matt,Kemp,R,CF,1984-09-23,Midwest City,OK,USA
527054,Julio Teheran,Julio,Teheran,R,P,1991-01-27,Cartagena,,Colombia
434378,Justin Verlander,Justin,Verlander,R,P,1983-02-20,Manakin-Sabot,VA,USA
449181,Paulo Orlando,Paulo,Orlando,R,RF,1985-11-01,Sao Paulo,,Brazil
521692,Salvador Perez,Salvador,Perez,R,DH,1990-05-10,Valencia,,Venezuela
537953,Daniel Nava,Daniel,Nava,S,LF,1983-02-22,Redwood City,CA,USA
571980,Tyler Naquin,Tyler,Naquin,L,P,1991-04-24,Spring,TX,USA
434658,Rajai Davis,Rajai,Davis,R,CF,1980-10-19,Norwich,CT,USA
502082,Lonnie Chisenhall,Lonnie,Chisenhall,L,3B,1988-10-04,Morehead City,NC,USA
593160,Whit Merrifield,Whit,Merrifield,R,2B,1989-01-24,Florence,SC,USA
542993,Billy Burns,Billy,Burns,S,CF,1989-08-30,Atlanta,GA,USA
460077,Drew Butera,Drew,Butera,R,C,1983-08-09,Evansville,IN,USA
608070,José Ramírez,José,Ramírez,S,3B,1992-09-17,Bani,,Dominican Republic
435063,Mike Napoli,Mike,Napoli,R,1B,1981-10-31,Hollywood,FL,USA
596019,Francisco Lindor,Francisco,Lindor,S,SS,1993-11-14,Caguas,,Puerto Rico
543401,Jason Kipnis,Jason,Kipnis,L,2B,1987-04-03,Northbrook,IL,USA
467793,Carlos Santana,Carlos,Santana,S,1B,1986-04-08,Santo Domingo,,Dominican Republic
424825,Coco Crisp,Coco,Crisp,S,CF,1979-11-01,Los Angeles,CA,USA
596144,Cheslor Cuthbert,Cheslor,Cuthbert,R,3B,1992-11-16,Corn Island,,Nicaragua
444876,Alcides Escobar,Alcides,Escobar,R,SS,1986-12-16,La Sabana,,Venezuela
460086,Alex Gordon,Alex,Gordon,L,LF,1984-02-10,Lincoln,NE,USA
434778,Kendrys Morales,Kendrys,Morales,S,DH,1983-06-20,Fomento,,Cuba
502481,Jarrod Dyson,Jarrod,Dyson,L,CF,1984-08-15,McComb,MS,USA
543228,Yan Gomes,Yan,Gomes,R,C,1987-07-19,Sao Paulo,,Brazil
454975,Hernan Iribarren,Hernan,Iribarren,L,2B,1984-06-29,Barquisimeto,,Venezuela
573113,Tony Renda,Tony,Renda,R,2B,1991-01-24,Hillsborough,CA,USA
571466,Tucker Barnhart,Tucker,Barnhart,L,C,1991-01-07,Indianapolis,IN,USA
575929,Willson Contreras,Willson,Contreras,R,1B,1992-05-13,Puerto Cabello,,Venezuela
471083,Miguel Montero,Miguel,Montero,L,C,1983-07-09,Caracas,,Venezuela
519333,Matt Szczur,Matt,Szczur,R,LF,1989-07-20,Cape May,NJ,USA
493128,Munenori Kawasaki,Munenori,Kawasaki,L,2B,1981-06-03,Kagoshima,,Japan
546991,Albert Almora Jr.,Albert,Almora Jr.,R,OF,1994-04-16,Hialeah,FL,USA
458085,Chris Coghlan,Chris,Coghlan,L,LF,1985-06-18,Rockville,MD,USA
595879,Javier Báez,Javier,Báez,R,SS,1992-12-01,Bayamon,,Puerto Rico
553993,Eugenio Suárez,Eugenio,Suárez,R,DH,1991-07-18,Puerto Ordaz,,Venezuela
594988,Scott Schebler,Scott,Schebler,L,RF,1990-10-06,Cedar Rapids,IA,USA
594807,Adam Duvall,Adam,Duvall,R,LF,1988-09-04,Louisville,KY,USA
458015,Joey Votto,Joey,Votto,L,1B,1983-09-10,Toronto,ON,Canada
600303,Tommy La Stella,Tommy,La Stella,L,2B,1989-01-31,Westwood,NJ,USA
543148,Tim Federowicz,Tim,Federowicz,R,C,1987-08-05,Erie,PA,USA
475243,Travis Wood,Travis,Wood,R,P,1987-02-06,Little Rock,AR,USA
474443,Iván De Jesús Jr.,Iván,De Jesús Jr.,R,2B,1987-05-01,Guaynabo,,Puerto Rico
606299,José Peraza,José,Peraza,R,2B,1994-04-30,Barinas,,Venezuela
541608,Ramón Cabrera,Ramón,Cabrera,S,C,1989-11-05,Caracas,,Venezuela
624585,Jorge Soler,Jorge,Soler,R,DH,1992-02-25,Havana,,Cuba
608365,Addison Russell,Addison,Russell,R,SS,1994-01-23,Pensacola,FL,USA
450314,Ben Zobrist,Ben,Zobrist,S,2B,1981-05-26,Eureka,IL,USA
519203,Anthony Rizzo,Anthony,Rizzo,L,1B,1989-08-08,Parkland,FL,USA
623182,Patrick Kivlehan,Patrick,Kivlehan,R,RF,1989-12-22,Nyack,NY,USA
592178,Kris Bryant,Kris,Bryant,R,DH,1992-01-04,Las Vegas,NV,USA
451594,Dexter Fowler,Dexter,Fowler,S,CF,1986-03-22,Atlanta,GA,USA
543294,Kyle Hendricks,Kyle,Hendricks,R,P,1989-12-07,Newport Beach,CA,USA
518792,Jason Heyward,Jason,Heyward,L,RF,1989-08-09,Ridgewood,NJ,USA
596112,Robert Stephenson,Robert,Stephenson,R,P,1993-02-24,Martinez,CA,USA
458731,Brett Gardner,Brett,Gardner,L,LF,1983-08-24,Holly Hill,SC,USA
456714,Billy Butler,Billy,Butler,R,DH,1986-04-18,Orange Park,FL,USA
591720,Ronald Torreyes,Ronald,Torreyes,R,SS,1992-09-02,Libertador de Barinas,,Venezuela
448801,Chris Davis,Chris,Davis,L,1B,1986-03-17,Longview,TX,USA
446308,Matt Wieters,Matt,Wieters,S,C,1986-05-21,Charleston,SC,USA
444432,Mark Trumbo,Mark,Trumbo,R,1B,1986-01-16,Anaheim,CA,USA
543305,Aaron Hicks,Aaron,Hicks,S,CF,1989-10-02,San Pedro,CA,USA
544369,Didi Gregorius,Didi,Gregorius,L,SS,1990-02-18,Amsterdam,,Netherlands
592122,Tyler Austin,Tyler,Austin,R,1B,1991-09-06,Conyers,GA,USA
435263,Brian McCann,Brian,McCann,L,C,1984-02-20,Athens,GA,USA
596142,Gary Sánchez,Gary,Sánchez,R,C,1992-12-02,Santo Domingo,,Dominican Republic
453056,Jacoby Ellsbury,Jacoby,Ellsbury,L,CF,1983-09-11,Madras,OR,USA
592518,Manny Machado,Manny,Machado,R,3B,1992-07-06,Miami,FL,USA
430945,Adam Jones,Adam,Jones,R,CF,1985-08-01,San Diego,CA,USA
456422,Michael Bourn,Michael,Bourn,L,CF,1982-12-27,Houston,TX,USA
456781,Donovan Solano,Donovan,Solano,R,1B,1987-12-17,Barranquilla,,Colombia
429666,J.J. Hardy,J.J.,Hardy,R,SS,1982-08-19,Tucson,AZ,USA
547957,Hyun Soo Kim,Hyun Soo,Kim,L,LF,1988-01-12,Seoul,,Republic of Korea
570731,Jonathan Schoop,Jonathan,Schoop,R,2B,1991-10-16,Willemstad,,Curacao
407893,Mark Teixeira,Mark,Teixeira,S,1B,1980-04-11,Annapolis,MD,USA
593523,Marco Hernández,Marco,Hernández,L,2B,1992-09-06,Santiago,,Dominican Republic
543768,Travis Shaw,Travis,Shaw,L,3B,1990-04-16,Washington Court House,OH,USA
543877,Christian Vázquez,Christian,Vázquez,R,C,1990-08-21,Bayamon,,Puerto Rico
431094,Aaron Hill,Aaron,Hill,R,2B,1982-03-21,Visalia,CA,USA
519048,Mitch Moreland,Mitch,Moreland,L,1B,1985-09-06,Amory,MS,USA
543543,Brad Miller,Brad,Miller,L,SS,1989-10-18,Orlando,FL,USA
435064,Bobby Wilson,Bobby,Wilson,R,C,1983-04-08,Dunedin,FL,USA
545338,Nick Franklin,Nick,Franklin,S,2B,1991-03-02,Sanford,FL,USA
595281,Kevin Kiermaier,Kevin,Kiermaier,L,CF,1990-04-22,Fort Wayne,IN,USA
596059,Rougned Odor,Rougned,Odor,L,2B,1994-02-03,Maracaibo,,Venezuela
435622,Ian Desmond,Ian,Desmond,R,SS,1985-09-20,Sarasota,FL,USA
445055,Jon Jay,Jon,Jay,L,CF,1985-03-15,Miami,FL,USA
519083,Derek Norris,Derek,Norris,R,C,1989-02-14,Goddard,KS,USA
641319,Carlos Asuaje,Carlos,Asuaje,L,2B,1991-11-02,Barquisimeto,,Venezuela
506560,Alexi Amarista,Alexi,Amarista,L,SS,1989-04-06,Barcelona,,Venezuela
591712,Óscar Hernández,Óscar,Hernández,R,C,1993-07-09,Punto de Fijo,,Venezuela
605151,Archie Bradley,Archie,Bradley,R,P,1992-08-10,Muskogee,OK,USA
453385,Clayton Richard,Clayton,Richard,L,P,1983-09-12,Lafayette,IN,USA
607732,Jacob Stallings,Jacob,Stallings,R,C,1989-12-22,Lawrence,KS,USA
605137,Josh Bell,Josh,Bell,S,DH,1992-08-14,Irving,TX,USA
407812,Matt Holliday,Matt,Holliday,R,LF,1980-01-15,Stillwater,OK,USA
571757,Jeremy Hazelbaker,Jeremy,Hazelbaker,L,LF,1987-08-14,Muncie,IN,USA
446481,Sean Rodríguez,Sean,Rodríguez,R,2B,1985-04-26,Miami,FL,USA
641771,Chad Kuhl,Chad,Kuhl,R,P,1992-09-10,Newark,DE,USA
443558,Nelson Cruz,Nelson,Cruz,R,DH,1980-07-01,Las Matas de Santa Cruz,,Dominican Republic
493114,Norichika Aoki,Norichika,Aoki,L,RF,1982-01-05,Hyuga City,,Japan
491696,Jesús Sucre,Jesús,Sucre,R,C,1988-04-30,Cumana,,Venezuela
547982,Leonys Martin,Leonys,Martin,L,CF,1988-03-06,Villa Clara,,Cuba
452252,Adam Lind,Adam,Lind,L,1B,1983-07-17,Muncie,IN,USA
501981,Khris Davis,Khris,Davis,R,LF,1987-12-21,Lakewood,CA,USA
502143,Danny Valencia,Danny,Valencia,R,3B,1984-09-19,Miami,FL,USA
606466,Ketel Marte,Ketel,Marte,S,2B,1993-10-12,Nizao,,Dominican Republic
452234,Seth Smith,Seth,Smith,L,LF,1982-09-30,Jackson,MS,USA
493316,Yoenis Cespedes,Yoenis,Cespedes,R,LF,1985-10-18,Granma,,Cuba
408314,José Reyes,José,Reyes,S,SS,1983-06-11,Santiago,,Dominican Republic
518595,Travis d'Arnaud,Travis,d'Arnaud,R,C,1989-02-10,Long Beach,CA,USA
608061,T.J. Rivera,T.J.,Rivera,R,2B,1988-10-27,Bronx,NY,USA
573131,Darin Ruf,Darin,Ruf,R,1B,1986-07-28,Omaha,NE,USA
112526,Bartolo Colon,Bartolo,Colon,R,P,1973-05-24,Altamira,,Dominican Republic
607309,Phil Klein,Phil,Klein,R,P,1989-04-30,Columbus,OH,USA
503437,James Beresford,James,Beresford,L,2B,1989-01-19,Mount Waverley,Victoria,Australia
518542,Juan Centeno,Juan,Centeno,L,C,1989-11-16,Arecibo,,Puerto Rico
544725,Leury García,Leury,García,S,OF,1991-03-18,Santiago,,Dominican Republic
572821,Brian Dozier,Brian,Dozier,R,2B,1987-05-15,Tupelo,MS,USA
460075,Ryan Braun,Ryan,Braun,R,LF,1983-11-17,Mission Hills,CA,USA
455117,Martín Maldonado,Martín,Maldonado,R,C,1986-08-16,Naguabo,,Puerto Rico
547172,Tony Wolters,Tony,Wolters,L,C,1992-06-09,Vista,CA,USA
503449,Wily Peralta,Wily,Peralta,R,P,1989-05-08,Samana,,Dominican Republic
656546,Jeff Hoffman,Jeff,Hoffman,R,P,1993-01-08,Latham,NY,USA
605439,Michael Reed,Michael,Reed,R,CF,1992-11-18,Maplewood,MN,USA
425772,Jeff Mathis,Jeff,Mathis,R,C,1983-03-31,Marianna,FL,USA
543685,Anthony Rendon,Anthony,Rendon,R,3B,1990-06-06,Houston,TX,USA
571718,Brian Goodwin,Brian,Goodwin,L,CF,1990-11-02,Rocky Mount,NC,USA
500743,Miguel Rojas,Miguel,Rojas,R,2B,1989-02-24,Los Teques,,Venezuela
572191,Michael A. Taylor,Michael A.,Taylor,R,RF,1991-03-26,Lake Forest,IL,USA
543699,Tanner Roark,Tanner,Roark,R,P,1986-10-05,Wilmington,IL,USA
612672,Wei-Yin Chen,Wei-Yin,Chen,R,P,1985-07-21,Kaohsiung City,,Taiwan
493596,Gordon Beckham,Gordon,Beckham,R,2B,1986-09-16,Atlanta,GA,USA
491676,Gorkys Hernández,Gorkys,Hernández,R,CF,1987-09-07,Guiria,,Venezuela
621389,Ty Blach,Ty,Blach,R,P,1990-10-20,Denver,CO,USA
477132,Clayton Kershaw,Clayton,Kershaw,L,P,1988-03-19,Dallas,TX,USA
594828,Evan Gattis,Evan,Gattis,R,DH,1986-08-18,Dallas,TX,USA
621043,Carlos Correa,Carlos,Correa,R,SS,1994-09-22,Ponce,,Puerto Rico
493329,Yuli Gurriel,Yuli,Gurriel,R,1B,1984-06-09,Sancti Spiritus,,Cuba
492802,Juan Graterol,Juan,Graterol,R,C,1989-02-14,Maracay,,Venezuela
457454,Jarrod Saltalamacchia,Jarrod,Saltalamacchia,S,C,1985-05-02,West Palm Beach,FL,USA
489232,Anthony Recker,Anthony,Recker,R,C,1983-08-29,Allentown,PA,USA
430947,Erick Aybar,Erick,Aybar,S,SS,1984-01-14,Bani,,Dominican Republic
570615,Steven Moya,Steven,Moya,L,RF,1991-08-09,Rio Piedras,,Puerto Rico
594760,Aaron Blair,Aaron,Blair,R,P,1992-05-26,Las Vegas,NV,USA
519455,Jordan Zimmermann,Jordan,Zimmermann,R,P,1986-05-23,Auburndale,WI,USA
501659,Abraham Almonte,Abraham,Almonte,S,OF,1989-06-27,Santo Domingo,,Dominican Republic
570481,Erik González,Erik,González,R,2B,1991-08-31,Puerto Plata,,Dominican Republic
547379,Roberto Pérez,Roberto,Pérez,R,C,1988-12-23,Mayaguez,,Puerto Rico
592731,Steve Selsky,Steve,Selsky,R,RF,1989-07-20,Manhattan Beach,CA,USA
424325,David Ross,David,Ross,R,C,1977-03-19,Bainbridge,GA,USA
452657,Jon Lester,Jon,Lester,L,P,1984-01-07,Tacoma,WA,USA
534947,Tim Adleman,Tim,Adleman,R,P,1987-11-13,Staten Island,NY,USA
476883,Pedro Álvarez,Pedro,Álvarez,L,3B,1987-02-06,Santo Domingo,,Dominican Republic
519222,Austin Romine,Austin,Romine,R,C,1988-11-22,Lake Forest,CA,USA
452104,Chase Headley,Chase,Headley,S,3B,1984-05-09,Fountain,CO,USA
516770,Starlin Castro,Starlin,Castro,R,SS,1990-03-24,Monte Cristi,,Dominican Republic
608701,Rob Refsnyder,Rob,Refsnyder,R,DH,1991-03-26,Seoul,,Republic of Korea
425900,Dioner Navarro,Dioner,Navarro,S,C,1984-02-09,Caracas,,Venezuela
475253,Justin Smoak,Justin,Smoak,S,1B,1986-12-05,Goose Creek,SC,USA
578570,Juniel Querecuto,Juniel,Querecuto,S,3B,1992-09-19,Barquisimeto,,Venezuela
456078,Welington Castillo,Welington,Castillo,R,C,1987-04-24,San Isidro,,Dominican Republic
571578,Patrick Corbin,Patrick,Corbin,L,P,1989-07-19,Clay,NY,USA
593647,Sócrates Brito,Sócrates,Brito,L,RF,1992-09-06,Azua,,Dominican Republic
608671,Travis Jankowski,Travis,Jankowski,L,CF,1991-06-15,Ephrata,PA,USA
429719,Edwin Jackson,Edwin,Jackson,R,P,1983-09-09,Neu-Ulm,,Germany
640463,Braden Shipley,Braden,Shipley,R,P,1992-02-22,Medford,OR,USA
543939,Kolten Wong,Kolten,Wong,L,2B,1990-10-10,Hilo,HI,USA
593372,Carlos Martinez,Carlos,Martinez,R,P,1991-09-21,Puerto Plata,,Dominican Republic
607192,Tyler Glasnow,Tyler,Glasnow,L,P,1993-08-23,Newhall,CA,USA
571830,Tommy Joseph,Tommy,Joseph,R,1B,1991-07-16,Phoenix,AZ,USA
425784,René Rivera,René,Rivera,R,C,1983-07-31,Bayamon,,Puerto Rico
594742,Alec Asher,Alec,Asher,R,P,1991-10-04,Lakeland,FL,USA
607229,Robert Gsellman,Robert,Gsellman,R,P,1993-07-18,Santa Monica,CA,USA
460026,Nick Hundley,Nick,Hundley,R,C,1983-09-08,Corvallis,OR,USA
518452,Chad Bettis,Chad,Bettis,R,P,1989-04-26,Lubbock,TX,USA
608718,Brent Suter,Brent,Suter,L,P,1989-08-29,Chicago,IL,USA
518934,DJ LeMahieu,DJ,LeMahieu,R,2B,1988-07-13,Visalia,CA,USA
592663,J.T. Realmuto,J.T.,Realmuto,R,C,1991-03-18,Del City,OK,USA
542303,Marcell Ozuna,Marcell,Ozuna,R,DH,1990-11-12,Santo Domingo,,Dominican Republic
150029,Jayson Werth,Jayson,Werth,R,RF,1979-05-20,Springfield,IL,USA
488768,Andrew Cashner,Andrew,Cashner,R,P,1986-09-11,Conroe,TX,USA
621035,Chris Taylor,Chris,Taylor,R,CF,1990-08-29,Virginia Beach,VA,USA
434563,Carlos Ruiz,Carlos,Ruiz,R,C,1979-01-22,David,,Panama
592808,Andrew Toles,Andrew,Toles,L,LF,1992-05-24,Decatur,GA,USA
518516,Madison Bumgarner,Madison,Bumgarner,R,P,1989-08-01,Hickory,NC,USA
605509,Kelby Tomlinson,Kelby,Tomlinson,R,2B,1990-06-16,Chickasha,OK,USA
448179,Rich Hill,Rich,Hill,L,P,1980-03-11,Boston,MA,USA
488771,Jason Castro,Jason,Castro,L,C,1987-06-18,Castro Valley,CA,USA
453203,Shane Robinson,Shane,Robinson,R,CF,1984-10-30,Tampa,FL,USA
593495,Daniel Castro,Daniel,Castro,R,2B,1992-11-14,Guaymas,Sonora,Mexico
474319,Brandon Snyder,Brandon,Snyder,R,1B,1986-11-23,Las Vegas,NV,USA
488818,Chase d'Arnaud,Chase,d'Arnaud,R,SS,1987-01-21,Torrance,CA,USA
596057,Daniel Norris,Daniel,Norris,L,P,1993-04-25,Johnson City,TN,USA
605538,Matt Wisler,Matt,Wisler,R,P,1992-09-12,Bryan,OH,USA
609275,Adalberto Mondesi,Adalberto,Mondesi,S,SS,1995-07-27,Los Angeles,CA,USA
641531,Hunter Dozier,Hunter,Dozier,R,1B,1991-08-22,Wichita Falls,TX,USA
492841,Michael Martinez,Michael,Martinez,S,2B,1982-09-16,Santo Domingo,,Dominican Republic
446386,Brandon Guyer,Brandon,Guyer,R,LF,1986-01-28,West Chester,PA,USA
543333,Eric Hosmer,Eric,Hosmer,L,1B,1989-10-24,South Miami,FL,USA
595001,Josh A. Smith,Josh A.,Smith,R,P,1987-08-07,Margate,FL,USA
594772,Jake Buchanan,Jake,Buchanan,R,P,1989-09-24,Charlotte,NC,USA
592863,Mason Williams,Mason,Williams,L,CF,1991-08-21,Pawtucket,RI,USA
458913,Eric Young Jr.,Eric,Young Jr.,S,LF,1985-05-25,New Brunswick,NJ,USA
453211,Drew Stubbs,Drew,Stubbs,R,CF,1984-10-04,Atlanta,TX,USA
454560,A.J. Ellis,A.J.,Ellis,R,C,1981-04-09,Cape Girardeau,MO,USA
466988,Emilio Bonifácio,Emilio,Bonifácio,S,2B,1985-04-23,Santo Domingo,,Dominican Republic
547004,Rio Ruiz,Rio,Ruiz,L,2B,1994-05-22,Covina,CA,USA
503351,Blake Lalli,Blake,Lalli,L,1B,1983-05-12,Pittsburgh,PA,USA
518567,Josh Collmenter,Josh,Collmenter,R,P,1986-02-07,Homer,MI,USA
605396,Colton Murray,Colton,Murray,R,P,1990-04-22,Overland Park,KS,USA
476451,Jeremy Hellickson,Jeremy,Hellickson,R,P,1987-04-08,Des Moines,IA,USA
571970,Max Muncy,Max,Muncy,L,3B,1990-08-25,Midland,TX,USA
608672,Micah Johnson,Micah,Johnson,L,2B,1990-12-18,Indianapolis,IN,USA
474463,Brett Anderson,Brett,Anderson,L,P,1988-02-01,Midland,TX,USA
543184,Christian Friedrich,Christian,Friedrich,R,P,1987-07-08,Evanston,IL,USA
628711,Julio Urías,Julio,Urías,L,P,1996-08-12,Culiacan Rosales,Sinaloa,Mexico
592620,Jarrett Parker,Jarrett,Parker,L,RF,1989-01-01,Fort Belvoir,VA,USA
456501,Johnny Cueto,Johnny,Cueto,R,P,1986-02-15,San Pedro de Macoris,,Dominican Republic
467827,Gerardo Parra,Gerardo,Parra,L,LF,1987-05-06,Santa Barbara del Zulia,,VEN
592351,Jon Gray,Jon,Gray,R,P,1991-11-05,Shawnee,OK,USA
502054,Tommy Pham,Tommy,Pham,R,LF,1988-03-08,Las Vegas,NV,USA
573185,Dan Straily,Dan,Straily,R,P,1988-12-01,Redlands,CA,USA
621052,Alex Reyes,Alex,Reyes,R,P,1994-08-29,Elizabeth,NJ,USA
474568,Jordy Mercer,Jordy,Mercer,R,SS,1986-08-27,Taloga,OK,USA
467100,Iván Nova,Iván,Nova,R,P,1987-01-12,San Cristobal,,Dominican Republic
501896,David Freese,David,Freese,R,3B,1983-04-28,Corpus Christi,TX,USA
642239,Rob Zastryzny,Rob,Zastryzny,R,P,1992-03-26,Edmonton,AB,Canada
452672,Ryan Hanigan,Ryan,Hanigan,R,C,1980-08-16,Washington,DC,USA
571918,Deven Marrero,Deven,Marrero,R,3B,1990-08-25,Miami,FL,USA
598284,Peter O'Brien,Peter,O'Brien,R,1B,1990-07-15,Hialeah,FL,USA
625643,Reynaldo López,Reynaldo,López,R,P,1994-01-04,San Pedro de Macoris,,Dominican Republic
592662,Robbie Ray,Robbie,Ray,L,P,1991-10-01,Brentwood,TN,USA
605452,Joe Ross,Joe,Ross,R,P,1993-05-21,Berkeley,CA,USA
607345,Kevan Smith,Kevan,Smith,R,C,1988-06-28,Pittsburgh,PA,USA
605183,Jason Coats,Jason,Coats,R,RF,1990-02-24,Dallas,TX,USA
608324,Alex Bregman,Alex,Bregman,R,3B,1994-03-30,Albuquerque,NM,USA
502034,Emmanuel Burriss,Emmanuel,Burriss,S,2B,1985-01-17,Washington,DC,USA
605388,Adam Morgan,Adam,Morgan,L,P,1990-02-27,Tampa,FL,USA
592314,Mike Foltynewicz,Mike,Foltynewicz,R,P,1991-10-07,Sterling,IL,USA
463610,Gregorio Petit,Gregorio,Petit,R,2B,1984-12-10,Ocumare,,Venezuela
607625,Seth Lugo,Seth,Lugo,R,P,1989-11-17,Shreveport,LA,USA
570632,José Ureña,José,Ureña,R,P,1991-09-12,Santo Domingo,,Dominican Republic
477165,Brett Wallace,Brett,Wallace,L,1B,1986-08-26,Marin,CA,USA
606131,Luis Perdomo,Luis,Perdomo,R,P,1993-05-09,Santo Domingo,,Dominican Republic
592254,José De León,José,De León,R,P,1992-08-07,Isabela,,Puerto Rico
543022,Tyler Chatwood,Tyler,Chatwood,R,P,1989-12-16,Redlands,CA,USA
502188,Jeff Samardzija,Jeff,Samardzija,R,P,1985-01-23,Merrillville,IN,USA
543101,Anthony DeSclafani,Anthony,DeSclafani,R,P,1990-04-18,Freehold,NJ,USA
502190,Mike Leake,Mike,Leake,R,P,1987-11-12,San Diego,CA,USA
592791,Jameson Taillon,Jameson,Taillon,R,P,1991-11-18,Lakeland,FL,USA
453562,Jake Arrieta,Jake,Arrieta,R,P,1986-03-06,Farmington,MO,USA
592407,Bryan Holaday,Bryan,Holaday,R,C,1987-11-19,Dallas,TX,USA
446381,Darwin Barney,Darwin,Barney,R,2B,1985-11-08,Portland,OR,USA
460099,Nolan Reimold,Nolan,Reimold,R,LF,1983-10-12,Greenville,PA,USA
641820,Trey Mancini,Trey,Mancini,R,1B,1992-03-18,Winter Haven,FL,USA
572365,Ryan Goins,Ryan,Goins,L,2B,1988-02-13,Temple,TX,USA
571946,Shelby Miller,Shelby,Miller,R,P,1990-10-10,Round Rock,TX,USA
461829,Gio Gonzalez,Gio,Gonzalez,R,P,1985-09-19,Hialeah,FL,USA
596451,Roman Quinn,Roman,Quinn,S,CF,1993-05-14,Port St Joe,FL,USA
592789,Noah Syndergaard,Noah,Syndergaard,L,P,1992-08-29,Mansfield,TX,USA
435559,Kurt Suzuki,Kurt,Suzuki,R,C,1983-10-04,Wailuku,HI,USA
572863,Dustin Garneau,Dustin,Garneau,R,C,1987-08-13,San Pedro,CA,USA
453923,Grégor Blanco,Grégor,Blanco,L,CF,1983-12-24,Caracas,,Venezuela
592444,JaCoby Jones,JaCoby,Jones,R,CF,1992-05-10,Chickasha,OK,USA
461865,Andrew Romine,Andrew,Romine,S,SS,1985-12-24,Winter Haven,FL,USA
607385,Tyler Collins,Tyler,Collins,L,LF,1990-06-06,Lubbock,TX,USA
553988,Dixon Machado,Dixon,Machado,R,2B,1992-02-22,San Cristobal-Tachira,,Venezuela
446192,Adam Moore,Adam,Moore,R,C,1984-05-08,Longview,TX,USA
460269,Chris Gimenez,Chris,Gimenez,R,C,1982-12-27,Gilroy,CA,USA
542583,Jesús Aguilar,Jesús,Aguilar,R,1B,1990-06-30,Maracay,,Venezuela
408252,Brandon Phillips,Brandon,Phillips,R,2B,1981-06-28,Raleigh,NC,USA
465041,Francisco Cervelli,Francisco,Cervelli,R,C,1986-03-06,Valencia,,Venezuela
516782,Starling Marte,Starling,Marte,R,RF,1988-10-09,Santo Domingo,,Dominican Republic
407793,John Lackey,John,Lackey,R,P,1978-10-23,Abilene,TX,USA
405395,Albert Pujols,Albert,Pujols,R,1B,1980-01-16,Santo Domingo,,Dominican Republic
543045,Adam Conley,Adam,Conley,L,P,1990-05-24,Redmond,WA,USA
451705,Alberto Rosario,Alberto,Rosario,R,C,1987-01-10,Bonao,,Dominican Republic
430910,Brayan Peña,Brayan,Peña,S,C,1982-01-07,Havana,,Cuba
608348,Carson Kelly,Carson,Kelly,R,C,1994-07-14,Chicago,IL,USA
607257,Raffy Lopez,Raffy,Lopez,L,C,1987-10-02,Philadelphia,PA,USA
608379,Michael Wacha,Michael,Wacha,R,P,1991-07-01,Iowa City,IA,USA
643327,Zack Godley,Zack,Godley,R,P,1990-04-21,Bamberg,SC,USA
467092,Wilson Ramos,Wilson,Ramos,R,C,1987-08-10,Valencia,,Venezuela
595918,A.J. Cole,A.J.,Cole,R,P,1992-01-05,Winter Springs,FL,USA
408045,Joe Mauer,Joe,Mauer,L,C,1983-04-19,St. Paul,MN,USA
623143,Trevor Brown,Trevor,Brown,R,C,1991-11-15,Newhall,CA,USA
456488,Eduardo Núñez,Eduardo,Núñez,R,SS,1987-06-15,Santo Domingo,,Dominican Republic
501303,Ehire Adrianza,Ehire,Adrianza,S,SS,1989-08-21,Guarenas,,Venezuela
607776,Mac Williamson,Mac,Williamson,R,LF,1990-07-15,Jacksonville,FL,USA
608325,Gavin Cecchini,Gavin,Cecchini,R,SS,1993-12-22,Lake Charles,LA,USA
595751,Jorge Alfaro,Jorge,Alfaro,R,C,1993-06-11,Sincelejo,,Colombia
622097,Jake Thompson,Jake,Thompson,R,P,1994-01-31,Dallas,TX,USA
542881,Tyler Anderson,Tyler,Anderson,L,P,1989-12-30,Las Vegas,NV,USA
435221,Brandon McCarthy,Brandon,McCarthy,R,P,1983-07-07,Glendale,CA,USA
605232,Brandon Finnegan,Brandon,Finnegan,L,P,1993-04-14,Fort Worth,TX,USA
543376,Caleb Joseph,Caleb,Joseph,R,C,1986-06-18,Nashville,TN,USA
473724,Matt McBride,Matt,McBride,R,RF,1985-05-23,Bethlehem,PA,USA
600524,Renato Núñez,Renato,Núñez,R,3B,1994-04-04,Valencia,,Venezuela
434628,Jason Hammel,Jason,Hammel,R,P,1982-09-02,Greenville,SC,USA
606160,Rafael Montero,Rafael,Montero,R,P,1990-10-17,Higuerito,,Dominican Republic
430605,Ryan Raburn,Ryan,Raburn,R,LF,1981-04-17,Tampa,FL,USA
543380,Taylor Jungmann,Taylor,Jungmann,R,P,1989-12-18,Temple,TX,USA
544150,Albert Suárez,Albert,Suárez ,R,P,1989-10-08,San Felix,,Venezuela
570663,Hansel Robles,Hansel,Robles,R,P,1990-08-13,Bonao,,Dominican Republic
519294,Josh Smoker,Josh,Smoker,L,P,1988-11-26,Calhoun,GA,USA
548389,Ross Stripling,Ross,Stripling,R,P,1989-11-23,Bluebell,PA,USA
605200,Zach Davies,Zach,Davies,R,P,1993-02-07,Puyallup,WA,USA
502624,Chase Anderson,Chase,Anderson,R,P,1987-11-30,Wichita Falls,TX,USA
488721,Peter Bourjos,Peter,Bourjos,R,CF,1987-03-31,Park Ridge,IL,USA
543734,Chris Rusin,Chris,Rusin,L,P,1986-10-22,Detroit,MI,USA
448802,Jaime García,Jaime,García,L,P,1986-07-08,Reynosa,Tamaulipas,Mexico
596133,Luke Weaver,Luke,Weaver,R,P,1993-08-21,DeLand,FL,USA
519076,Jimmy Nelson,Jimmy,Nelson,R,P,1989-06-05,Klamath Falls,OR,USA
543557,Mike Montgomery,Mike,Montgomery,L,P,1989-07-01,Mission Hills,CA,USA
573135,Tyler Saladino,Tyler,Saladino,R,3B,1989-07-20,San Diego,CA,USA
595963,Tyler Goeddel,Tyler,Goeddel,R,3B,1992-10-20,San Mateo,CA,USA
519242,Chris Sale,Chris,Sale,L,P,1989-03-30,Lakeland,FL,USA
543901,Ryan Weber,Ryan,Weber,R,P,1990-08-12,St. Petersburg,FL,USA
516949,Héctor Sánchez,Héctor,Sánchez,S,C,1989-11-17,Maracay,,Venezuela
425844,Zack Greinke,Zack,Greinke,R,P,1983-10-21,Orlando,FL,USA
605228,José Fernández,José,Fernández,R,P,1992-07-31,Santa Clara,,Cuba
572750,Eddie Butler,Eddie,Butler,R,P,1991-03-13,Chesapeake,VA,USA
407822,Jorge De La Rosa,Jorge,De La Rosa,L,P,1981-04-05,Monterrey,Nuevo Leon,Mexico
595345,Steven Okert,Steven,Okert,L,P,1991-07-09,Riverside,CA,USA
643230,Steven Brault,Steven,Brault,L,P,1992-04-29,La Mesa,CA,USA
490063,Matt Garza,Matt,Garza,R,P,1983-11-26,Selma,CA,USA
518568,Christian Colón,Christian,Colón,R,2B,1989-05-14,Cayey,,Puerto Rico
534627,Tyler Holt,Tyler,Holt,R,RF,1989-03-10,Marion,IN,USA
448306,James Shields,James,Shields,R,P,1981-12-20,Newhall,CA,USA
430001,Rickie Weeks Jr.,Rickie,Weeks Jr.,R,2B,1982-09-13,Daytona,FL,USA
519306,Steven Souza Jr.,Steven,Souza Jr.,R,RF,1989-04-24,Everett,WA,USA
542455,Oswaldo Arcia,Oswaldo,Arcia,L,RF,1991-05-09,Anaco,,Venezuela
448602,Mark Reynolds,Mark,Reynolds,R,3B,1983-08-03,Pikeville,KY,USA
543054,Jarred Cosart,Jarred,Cosart,R,P,1990-05-25,League City,TX,USA
547179,Michael Lorenzen,Michael,Lorenzen,R,P,1992-01-04,Anaheim,CA,USA
502043,Kyle Gibson,Kyle,Gibson,R,P,1987-10-23,Greenfield,IN,USA
458675,Colby Rasmus,Colby,Rasmus,L,CF,1986-08-11,Columbus,GA,USA
493200,Seunghwan Oh,Seunghwan,Oh,R,P,1982-07-15,Jeongeup,,South Korea
592866,Trevor Williams,Trevor,Williams,R,P,1992-04-25,San Diego,CA,USA
592696,Eddie Rosario,Eddie,Rosario,L,OF,1991-09-28,Guayama,,Puerto Rico
429722,Ervin Santana,Ervin,Santana,R,P,1982-12-12,San Cristobal,,Dominican Republic
592779,Brock Stewart,Brock,Stewart,L,P,1991-10-03,Normal,IL,USA
431171,Casey McGehee,Casey,McGehee,R,3B,1982-10-12,Santa Cruz,CA,USA
453281,Wade LeBlanc,Wade,LeBlanc,L,P,1984-08-07,Lake Charles,LA,USA
489365,Josh Thole,Josh,Thole,L,C,1986-10-28,Breese,IL,USA
621244,José Berríos,José,Berríos,R,P,1994-05-27,Bayamon,,Puerto Rico
542979,Keon Broxton,Keon,Broxton,R,CF,1990-05-07,Lakeland,FL,USA
475247,Ryan Flaherty,Ryan,Flaherty,L,2B,1986-07-27,Portland,ME,USA
605253,Terrance Gore,Terrance,Gore,R,LF,1991-06-08,Macon,GA,USA
488810,Tony Cruz,Tony,Cruz,R,C,1986-08-18,Palm Beach,FL,USA
570489,Arismendy Alcántara,Arismendy,Alcántara,S,CF,1991-10-29,Santo Domingo,,Dominican Republic
448855,Junior Guerra,Junior,Guerra,R,P,1985-01-16,San Felix,,VEN
592593,Justin Nicolino,Justin,Nicolino,L,P,1991-11-22,Orlando,FL,USA
605222,Jake Esch,Jake,Esch,R,P,1990-03-27,Saint Paul,MN,USA
592450,Aaron Judge,Aaron,Judge,R,RF,1992-04-26,Linden,CA,USA
543037,Gerrit Cole,Gerrit,Cole,R,P,1990-09-08,Newport Beach,CA,USA
502009,Mat Latos,Mat,Latos,R,P,1987-12-09,Alexandria,VA,USA
572102,Keyvius Sampson,Keyvius,Sampson,R,P,1991-01-06,Gainesville,FL,USA
506747,Francisco Peña,Francisco,Peña,R,C,1989-10-12,Santiago,,Dominican Republic
660162,Yoán Moncada,Yoán,Moncada,S,3B,1995-05-27,Cienfuegos,,Cuba
456665,Steve Pearce,Steve,Pearce,R,1B,1983-04-13,Lakeland,FL,USA
489149,Logan Morrison,Logan,Morrison,L,1B,1987-08-25,Kansas City,MO,USA
503444,Joel De La Cruz,Joel,De La Cruz,R,P,1989-06-09,Haina,,Dominican Republic
455755,Chris Stewart,Chris,Stewart,R,C,1982-02-19,Fontana,CA,USA
150229,A.J. Pierzynski,A.J.,Pierzynski,L,C,1976-12-30,Bridgehampton,NY,USA
527038,Wilmer Flores,Wilmer,Flores,R,1B,1991-08-06,Valencia,,Venezuela
607231,John Gant,John,Gant,R,P,1992-08-06,Savannah,GA,USA
435180,Robert Andino,Robert,Andino,R,2B,1984-04-25,Miami,FL,USA
446359,Zack Cozart,Zack,Cozart,R,SS,1985-08-12,Memphis,TN,USA
543281,Josh Harrison,Josh,Harrison,R,2B,1987-07-08,Cincinnati,OH,USA
571800,Drew Hutchison,Drew,Hutchison,L,P,1990-08-22,Lakeland,FL,USA
543308,John Hicks,John,Hicks,R,C,1989-08-31,Richmond,VA,USA
543302,Chris Herrmann,Chris,Herrmann,L,C,1987-11-24,Tomball,TX,USA
572041,AJ Pollock,AJ,Pollock,R,CF,1987-12-05,Hebron,CT,USA
497807,Frank Herrmann,Frank,Herrmann,L,P,1984-05-30,Rutherford,NJ,USA
456715,Lorenzo Cain,Lorenzo,Cain,R,CF,1986-04-13,Valdosta,GA,USA
571553,Darrell Ceciliani,Darrell,Ceciliani,L,LF,1990-06-22,Tracy,CA,USA
592647,Dalton Pompey,Dalton,Pompey,S,CF,1992-12-11,Mississauga,ON,Canada
456034,David Price,David,Price,L,P,1985-08-26,Murfreesboro,TN,USA
462382,Jim Johnson,Jim,Johnson,R,P,1983-06-27,Johnson City,NY,USA
608337,Lucas Giolito,Lucas,Giolito,R,P,1994-07-14,Santa Monica,CA,USA
544931,Stephen Strasburg,Stephen,Strasburg,R,P,1988-07-20,San Diego,CA,USA
461858,Trevor Plouffe,Trevor,Plouffe,R,3B,1986-06-15,West Hills,CA,USA
453329,Clay Buchholz,Clay,Buchholz,L,P,1984-08-14,Nederland,TX,USA
554234,Williams Pérez,Williams,Pérez,R,P,1991-05-21,Acarigua,,Venezuela
519141,Drew Pomeranz,Drew,Pomeranz,R,P,1988-11-22,Memphis,TN,USA
622110,Matt Duffy,Matt,Duffy,R,3B,1991-01-15,Long Beach,CA,USA
571740,Billy Hamilton,Billy,Hamilton,S,CF,1990-09-09,Taylorsville,MS,USA
592826,Vince Velasquez,Vince,Velasquez,R,P,1992-06-07,Montclair,CA,USA
594798,Jacob deGrom,Jacob,deGrom,L,P,1988-06-19,DeLand,FL,USA
542921,Tim Beckham,Tim,Beckham,R,SS,1990-01-27,Griffin,GA,USA
502032,Bud Norris,Bud,Norris,R,P,1985-03-02,Greenbrae,CA,USA
453646,Carlos Villanueva,Carlos,Villanueva,R,P,1983-11-28,Santiago,,Dominican Republic
542194,Christian Bethancourt,Christian,Bethancourt,R,C,1991-09-02,Panama City,,Panama
502046,Jeff Locke,Jeff,Locke,L,P,1987-11-20,North Conway,NH,USA
592811,Andrew Triggs,Andrew,Triggs,R,P,1989-03-16,Nashville,TN,USA
456701,Homer Bailey,Homer,Bailey,R,P,1986-05-03,La Grange,TX,USA
435522,Neil Walker,Neil,Walker,S,2B,1985-09-10,Pittsburgh,PA,USA
594943,Zach Neal,Zach,Neal,R,P,1988-11-09,Columbia,SC,USA
542454,Danny Santana,Danny,Santana,S,SS,1990-11-07,Monte Plata,,Dominican Republic
611093,Silvino Bracho,Silvino,Bracho,R,P,1992-07-17,Maracaibo,,Venezuela
553883,Jose Campos,Jose,Campos,R,P,1992-07-27,La Guaira,,Venezuela
474865,Julio Borbon,Julio,Borbon,L,CF,1986-02-20,Starkville,MS,USA
475479,David Phelps,David,Phelps,R,P,1986-10-09,St. Louis,MO,USA
448605,Justin Ruggiano,Justin,Ruggiano,R,CF,1982-04-12,Austin,TX,USA
446321,Ross Detwiler,Ross,Detwiler,R,P,1986-03-06,St. Louis,MO,USA
518875,Shawn Kelley,Shawn,Kelley,R,P,1984-04-26,Louisville,KY,USA
450172,Edinson Volquez,Edinson,Volquez,R,P,1983-07-03,Barahona,,Dominican Republic
434622,Ubaldo Jiménez,Ubaldo,Jiménez,R,P,1984-01-22,Nagua,,Dominican Republic
506433,Yu Darvish,Yu,Darvish,R,P,1986-08-16,Osaka,,Japan
518716,Dillon Gee,Dillon,Gee,R,P,1986-04-28,Cleburne,TX,USA
543521,Collin McHugh,Collin,McHugh,R,P,1987-06-19,Napierville,IL,USA
572019,Ben Paulsen,Ben,Paulsen,L,1B,1987-10-27,Plymouth,WI,USA
571710,Mychal Givens,Mychal,Givens,R,P,1990-05-13,Tampa,FL,USA
489119,Wade Miley,Wade,Miley,L,P,1986-11-13,Hammond,LA,USA
547007,Rob Whalen,Rob,Whalen,R,P,1994-01-31,Stroudsburg,PA,USA
502706,Derek Holland,Derek,Holland,S,P,1986-10-09,Newark,OH,USA
570649,Yordano Ventura,Yordano,Ventura,R,P,1991-06-03,Samana,,Dominican Republic
605397,Joe Musgrove,Joe,Musgrove,R,P,1992-12-04,El Cajon,CA,USA
434442,J.P. Howell,J.P.,Howell,L,P,1983-04-25,Modesto,CA,USA
471822,Jumbo Diaz,Jumbo,Diaz,R,P,1984-02-27,La Romana,,Dominican Republic
431148,Scott Kazmir,Scott,Kazmir,L,P,1984-01-24,Houston,TX,USA
450729,Doug Fister,Doug,Fister,L,P,1984-02-04,Merced,CA,USA
592433,Tyrell Jenkins,Tyrell,Jenkins,R,P,1992-07-20,Henderson,TX,USA
502239,Trevor Cahill,Trevor,Cahill,R,P,1988-03-01,Oceanside,CA,USA
552662,Stefen Romero,Stefen,Romero,R,RF,1988-10-17,Tucson,AZ,USA
502100,Alex Presley,Alex,Presley,L,LF,1985-07-25,Monroe,LA,USA
519082,Nick Noonan,Nick,Noonan,L,2B,1989-05-04,Poway,CA,USA
570717,Ramón Flores,Ramón,Flores,L,RF,1992-03-26,Barinas,,Venezuela
605227,Taylor Featherston,Taylor,Featherston,R,3B,1989-10-08,Houston,TX,USA
430912,Matt Cain,Matt,Cain,R,P,1984-10-01,Dothan,AL,USA
477003,Jonathon Niese,Jonathon,Niese,L,P,1986-10-27,Lima,OH,USA
502285,Tyler Ladendorf,Tyler,Ladendorf,R,2B,1988-03-07,Park Ridge,IL,USA
518466,Jabari Blash,Jabari,Blash,R,RF,1989-07-04,St. Thomas,VI,USA
519421,Andy Wilkins,Andy,Wilkins,L,1B,1988-09-13,Tulsa,OK,USA
430641,Blaine Boyer,Blaine,Boyer,R,P,1981-07-11,Atlanta,GA,USA
501697,Jhan Mariñez,Jhan,Mariñez,R,P,1988-08-12,Santo Domingo,,Dominican Republic
592835,Kyle Waldrop,Kyle,Waldrop,L,RF,1991-11-26,Fort Myers,FL,USA
279571,Matt Belisle,Matt,Belisle,R,P,1980-06-06,Austin,TX,USA
449107,Mike Aviles,Mike,Aviles,R,SS,1981-03-13,New York,NY,USA
571927,Steven Matz,Steven,Matz,R,P,1991-05-29,Stony Brook,NY,USA
543213,Johnny Giavotella,Johnny,Giavotella,R,2B,1987-07-10,Metairie,LA,USA
434567,Geovany Soto,Geovany,Soto,R,C,1983-01-20,San Juan,,Puerto Rico
516809,Junior Lake,Junior,Lake,R,LF,1990-03-27,San Pedro de Macoris,,Dominican Republic
605894,Severino González,Severino,González,R,P,1992-09-28,Santiago de Veragua,,Panama
451661,Josh Fields,Josh,Fields,R,P,1985-08-19,Athens,GA,USA
430661,Dustin McGowan,Dustin,McGowan,R,P,1982-03-24,Savannah,GA,USA
451596,Yovani Gallardo,Yovani,Gallardo,R,P,1986-02-27,Penjamillo,Michoacan,Mexico
592332,Kevin Gausman,Kevin,Gausman,L,P,1991-01-06,Centennial,CO,USA
121347,Alex Rodriguez,Alex,Rodriguez,R,SS,1975-07-27,New York,NY,USA
425532,Jerome Williams,Jerome,Williams,R,P,1981-12-04,Honolulu,HI,USA
548337,Logan Verrett,Logan,Verrett,R,P,1990-06-19,The Woodlands,TX,USA
607074,Carlos Rodón,Carlos,Rodón,L,P,1992-12-10,Miami,FL,USA
643354,Donnie Hart,Donnie,Hart,L,P,1990-09-06,Bedford,TX,USA
605164,Dylan Bundy,Dylan,Bundy,S,P,1992-11-15,Tulsa,OK,USA
605512,Preston Tucker,Preston,Tucker,L,LF,1990-07-06,Tampa,FL,USA
433584,Roberto Hernandez,Roberto,Hernandez,R,P,1980-08-30,Santo Domingo,,Dominican Republic
518490,Bryce Brentz,Bryce,Brentz,R,LF,1988-12-30,Crossville,TN,USA
445060,Ricky Nolasco,Ricky,Nolasco,R,P,1982-12-13,Corona,CA,USA
458708,Josh Tomlin,Josh,Tomlin,R,P,1984-10-19,Tyler,TX,USA
456167,A.J. Griffin,A.J.,Griffin,R,P,1988-01-28,El Cajon,CA,USA
602922,José Rondon,José,Rondon,R,3B,1994-03-03,Villa de Cura,,Venezuela
450308,Jered Weaver,Jered,Weaver,R,P,1982-10-04,Northridge,CA,USA
545333,Trevor Bauer,Trevor,Bauer,R,P,1991-01-17,North Hollywood,CA,USA
430935,Cole Hamels,Cole,Hamels,L,P,1983-12-27,San Diego,CA,USA
621107,Zach Eflin,Zach,Eflin,R,P,1994-04-08,Orlando,FL,USA
502028,Blake Wood,Blake,Wood,R,P,1985-08-08,Atlanta,GA,USA
642003,Cody Reed,Cody,Reed,L,P,1993-04-15,Memphis,TN,USA
520980,Pedro Báez,Pedro,Báez,R,P,1988-03-11,Bani,,Dominican Republic
475100,Scott Van Slyke,Scott,Van Slyke,R,LF,1986-07-24,Chesterfield,MO,USA
594795,Grant Dayton,Grant,Dayton,L,P,1987-11-25,Huntsville,AL,USA
593958,Eduardo Rodriguez,Eduardo,Rodriguez,L,P,1993-04-07,Valencia,,Venezuela
444482,David Peralta,David,Peralta,L,LF,1987-08-14,Valencia,,Venezuela
453214,Steven Wright,Steven,Wright,R,P,1984-08-30,Torrance,CA,USA
501255,Rafael Ynoa,Rafael,Ynoa,S,3B,1987-08-07,Santiago,,Dominican Republic
472610,Luis García,Luis,García,R,P,1987-01-30,Santo Domingo,,Dominican Republic
621559,Max Moroff,Max,Moroff,S,2B,1993-05-13,Winter Park,FL,USA
476704,Jed Lowrie,Jed,Lowrie,S,SS,1984-04-17,Salem,OR,USA
547888,Masahiro Tanaka,Masahiro,Tanaka,R,P,1988-11-01,Itami,,Japan
457775,Desmond Jennings,Desmond,Jennings,R,CF,1986-10-30,Birmingham,AL,USA
605508,Charlie Tilson,Charlie,Tilson,L,LF,1992-12-02,Wilmette,IL,USA
282332,CC Sabathia,CC,Sabathia,L,P,1980-07-21,Vallejo,CA,USA
621242,Edwin Díaz,Edwin,Díaz,R,P,1994-03-22,Naguabo,,Puerto Rico
433587,Félix Hernández,Félix,Hernández,R,P,1986-04-08,Valencia,,Venezuela
434538,Francisco Liriano,Francisco,Liriano,L,P,1983-10-26,San Cristobal,,Dominican Republic
433589,Yusmeiro Petit,Yusmeiro,Petit,R,P,1984-11-22,Maracaibo,,Venezuela
408241,Jake Peavy,Jake,Peavy,R,P,1981-05-31,Mobile,AL,USA
607457,Kyle Barraclough,Kyle,Barraclough,R,P,1990-05-23,Santa Clara,CA,USA
607067,Colin Rea,Colin,Rea,R,P,1990-07-01,Cascade,IA,USA
346874,Juan Uribe,Juan,Uribe,R,SS,1979-03-22,Palenque,,Dominican Republic
596115,Trevor Story,Trevor,Story,R,SS,1992-11-15,Irving,TX,USA
455369,Ramiro Pena,Ramiro,Pena,S,3B,1985-07-18,Monterrey,Nuevo Leon,Mexico
501992,Nate Karns,Nate,Karns,R,P,1987-11-25,Franklin,PA,USA
547874,Hisashi Iwakuma,Hisashi,Iwakuma,R,P,1981-04-12,Tokyo,,Japan
605400,Aaron Nola,Aaron,Nola,R,P,1993-06-04,Baton Rouge,LA,USA
572020,James Paxton,James,Paxton,L,P,1988-11-06,Ladner,BC,Canada
430603,Don Kelly,Don,Kelly,L,LF,1980-02-15,Butler,PA,USA
502261,Cole Gillespie,Cole,Gillespie,R,LF,1984-06-20,Portland,OR,USA
519085,Brett Oberholtzer,Brett,Oberholtzer,L,P,1989-07-01,Christiana,DE,USA
502205,Grant Green,Grant,Green,R,2B,1987-09-27,Fullerton,CA,USA
519168,Anthony Ranaudo,Anthony,Ranaudo,R,P,1989-09-09,Freehold,NJ,USA
502042,Chris Archer,Chris,Archer,R,P,1988-09-26,Raleigh,NC,USA
472528,Luis Valbuena,Luis,Valbuena,L,3B,1985-11-30,Sucre,,Venezuela
592239,Todd Cunningham,Todd,Cunningham,S,LF,1989-03-20,Jacksonville,AL,USA
645848,Dariel Álvarez,Dariel,Álvarez,R,RF,1988-11-07,Camaguey,,Cuba
553869,Elias Díaz,Elias,Díaz,R,C,1990-11-17,Maracaibo,,Venezuela
595307,Seth Maness,Seth,Maness,R,P,1988-10-14,Pinehurst,NC,USA
519445,Danny Worth,Danny,Worth,R,2B,1985-09-30,Northridge,CA,USA
519025,Will Middlebrooks,Will,Middlebrooks,R,3B,1988-09-09,Greenville,TX,USA
488681,Brandon Barnes,Brandon,Barnes,R,CF,1986-05-15,Orange,CA,USA
544928,Tyler Lyons,Tyler,Lyons,L,P,1988-02-21,Lubbock,TX,USA
605113,Nick Ahmed,Nick,Ahmed,R,SS,1990-03-15,East Longmeadow,MA,USA
543434,Brett Lawrie,Brett,Lawrie,R,3B,1990-01-18,Langley,BC,Canada
573186,Marcus Stroman,Marcus,Stroman,R,P,1991-05-01,Medford,NY,USA
542674,Gonzalez Germen,Gonzalez,Germen,R,P,1987-09-23,Guaymate,,Dominican Republic
595025,Zach Walters,Zach,Walters,S,DH,1989-09-05,Cheyenne,WY,USA
572073,Joey Rickard,Joey,Rickard,R,RF,1991-05-21,Las Vegas,NV,USA
449173,Lucas Harrell,Lucas,Harrell,S,P,1985-06-03,Springfield,MO,USA
592717,Aaron Sanchez,Aaron,Sanchez,R,P,1992-07-01,Barstow,CA,USA
542882,Matt Andriese,Matt,Andriese,R,P,1989-08-28,Redlands,CA,USA
543475,Jordan Lyles,Jordan,Lyles,R,P,1990-10-19,Hartsville,SC,USA
605483,Blake Snell,Blake,Snell,L,P,1992-12-04,Seattle,WA,USA
543706,Daniel Robertson,Daniel,Robertson,R,LF,1985-09-30,Fontana,CA,USA
425902,Prince Fielder,Prince,Fielder,L,1B,1984-05-09,Ontario,CA,USA
592767,Drew Smyly,Drew,Smyly,L,P,1989-06-13,Little Rock,AR,USA
514913,Rubén Tejada,Rubén,Tejada,R,SS,1989-10-27,Veraguas,,Panama
456124,Erik Kratz,Erik,Kratz,R,C,1980-06-15,Telford,PA,USA
553878,Felipe Vázquez,Felipe,Vázquez,L,P,1991-07-05,San Felipe,,Venezuela
502374,Michael McKenry,Michael,McKenry,R,C,1985-03-04,Knoxville,TN,USA
474521,Shawn Tolleson,Shawn,Tolleson,R,P,1988-01-19,Dallas,TX,USA
543424,John Lamb,John,Lamb,L,P,1990-07-10,La Palma,CA,USA
527048,Martín Pérez,Martín,Pérez,L,P,1991-04-04,Guanare,,Venezuela
572204,Trayce Thompson,Trayce,Thompson,R,RF,1991-03-15,Los Angeles,CA,USA
453172,Jared Hughes,Jared,Hughes,R,P,1985-07-04,Stamford,CT,USA
476589,Adam Warren,Adam,Warren,R,P,1987-08-25,Birmingham,AL,USA
491708,Arquimedes Caminero,Arquimedes,Caminero,R,P,1987-06-16,Santo Domingo,,Dominican Republic
474233,Hank Conger,Hank,Conger,L,C,1988-01-29,Federal Way,WA,USA
424144,Oliver Pérez,Oliver,Pérez,L,P,1981-08-15,Culiacan,Sinaloa,Mexico
516910,Carlos Frías,Carlos,Frías,R,P,1989-11-13,Nagua,,Dominican Republic
547943,Hyun Jin Ryu,Hyun Jin,Ryu,R,P,1987-03-25,Incheon,,Republic of Korea
600869,Jeimer Candelario,Jeimer,Candelario,S,3B,1993-11-24,New York,NY,USA
501822,Chris Hatcher,Chris,Hatcher,R,P,1985-01-12,Kinston,NC,USA
461416,Will Venable,Will,Venable,L,RF,1982-10-29,Greenbrae,CA,USA
504379,Juan Nicasio,Juan,Nicasio,R,P,1986-08-31,San Francisco de Macoris,,Dominican Republic
628452,Raisel Iglesias,Raisel,Iglesias,R,P,1990-01-04,Isla de la Juventud,,Cuba
501957,Chris Tillman,Chris,Tillman,R,P,1988-04-15,Anaheim,CA,USA
518774,Matt Harvey,Matt,Harvey,R,P,1989-03-27,New London,CT,USA
643338,Chad Green,Chad,Green,L,P,1991-05-24,Greenville,SC,USA
407908,Joel Peralta,Joel,Peralta,R,P,1976-03-23,Bonao,,Dominican Republic
607359,Spencer Patton,Spencer,Patton,R,P,1988-02-20,Urbana,IL,USA
518633,Danny Duffy,Danny,Duffy,L,P,1988-12-21,Goleta,CA,USA
572033,Josh Phegley,Josh,Phegley,R,C,1988-02-12,Terre Haute,IN,USA
543135,Nathan Eovaldi,Nathan,Eovaldi,R,P,1990-02-13,Houston,TX,USA
543391,Casey Kelly,Casey,Kelly,R,P,1989-10-04,Sarasota,FL,USA
453178,Ian Kennedy,Ian,Kennedy,R,P,1984-12-19,Huntington Beach,CA,USA
571602,Matt Davidson,Matt,Davidson,R,DH,1991-03-26,Yucaipa,CA,USA
432934,Chris Young,Chris,Young,R,P,1979-05-25,Dallas,TX,USA
517593,Danny Salazar,Danny,Salazar,R,P,1990-01-11,Santo Domingo,,Dominican Republic
605218,Carl Edwards Jr.,Carl,Edwards Jr.,R,P,1991-09-03,Newberry,SC,USA
600301,Taylor Motter,Taylor,Motter,R,2B,1989-09-18,West Palm Beach,FL,USA
457918,J.A. Happ,J.A.,Happ,L,P,1982-10-19,Peru,IL,USA
456071,Yohan Flande,Yohan,Flande,L,P,1986-01-27,El Seibo,,Dominican Republic
517414,Randall Delgado,Randall,Delgado,R,P,1990-02-09,Las Tablas,,Panama
425492,Ryan Madson,Ryan,Madson,L,P,1980-08-28,Long Beach,CA,USA
608665,Kendall Graveman,Kendall,Graveman,R,P,1990-12-21,Alexander City,AL,USA
460283,Jerry Blevins,Jerry,Blevins,L,P,1983-09-06,Johnson City,TN,USA
666560,ByungHo Park,ByungHo,Park,R,DH,1986-07-10,Seoul,,Republic of Korea
446372,Corey Kluber,Corey,Kluber,R,P,1986-04-10,Birmingham,AL,USA
543118,Oliver Drake,Oliver,Drake,R,P,1987-01-13,Worcester,MA,USA
605304,Erik Johnson,Erik,Johnson,R,P,1989-12-30,Mountain View,CA,USA
462136,Marco Estrada,Marco,Estrada,R,P,1983-07-05,Sonora,Sonora,Mexico
591693,Edubray Ramos,Edubray,Ramos,R,P,1992-12-19,Caracas,,Venezuela
608717,Chris Stratton,Chris,Stratton,R,P,1990-08-22,Tupelo,MS,USA
596043,Daniel Mengden,Daniel,Mengden,R,P,1993-02-19,Houston,TX,USA
623166,Mike Miller,Mike,Miller,R,2B,1989-09-27,Concord,CA,USA
534606,Ryan LaMarre,Ryan,LaMarre,R,LF,1988-11-21,Royal Oak,MI,USA
502182,Steve Clevenger,Steve,Clevenger,L,C,1986-04-05,Baltimore,MD,USA
519344,Nick Tepesch,Nick,Tepesch,R,P,1988-10-12,Kansas City,MO,USA
517448,Wilfredo Boscan,Wilfredo,Boscan,R,P,1989-10-26,Maracaibo,,Venezuela
457926,Paul Janish,Paul,Janish,R,SS,1982-10-12,Houston,TX,USA
477195,Ike Davis,Ike,Davis,L,1B,1987-03-22,Edina,MN,USA
607259,Nick Martinez,Nick,Martinez,L,P,1990-08-05,Miami,FL,USA
444468,Héctor Rondón,Héctor,Rondón,R,P,1988-02-26,Guatire,,Venezuela
502211,Mike Bolsinger,Mike,Bolsinger,R,P,1988-01-29,McKinney,TX,USA
542992,Andy Burns,Andy,Burns,R,3B,1990-08-07,Greenville,SC,USA
571871,Ian Krol,Ian,Krol,L,P,1991-05-09,Hinsdale,IL,USA
628329,Rusney Castillo,Rusney,Castillo,R,RF,1987-07-09,Ciego de Avila,,Cuba
571681,Rey Fuentes,Rey,Fuentes,L,CF,1991-02-12,Orlando,FL,USA
571963,A.J. Morris,A.J.,Morris,R,P,1986-12-01,Houston,TX,USA
592710,Josh Rutledge,Josh,Rutledge,R,SS,1989-04-21,Birmingham,AL,USA
623395,Brian Ellington,Brian,Ellington,R,P,1990-08-04,Gainesville,FL,USA
642229,Daniel Wright,Daniel,Wright,R,P,1991-04-03,Bartlett,TN,USA
453895,Brendan Ryan,Brendan,Ryan,R,SS,1982-03-26,Los Angeles,CA,USA
502676,Cole Figueroa,Cole,Figueroa,L,2B,1987-06-30,Tallahassee,FL,USA
519263,A.J. Schugel,A.J.,Schugel,R,P,1989-06-27,Winter Haven,FL,USA
543243,Sonny Gray,Sonny,Gray,R,P,1989-11-07,Smyrna,TN,USA
457706,Austin Jackson,Austin,Jackson,R,CF,1987-02-01,Denton,TX,USA
476633,Chris Parmelee,Chris,Parmelee,L,1B,1988-02-24,Long Beach,CA,USA
276519,Jimmy Rollins,Jimmy,Rollins,S,SS,1978-11-27,Oakland,CA,USA
543606,Jake Odorizzi,Jake,Odorizzi,R,P,1990-03-27,Breese,IL,USA
430580,Alfredo Simon,Alfredo,Simon,R,P,1981-05-08,Santiago,,Dominican Republic
534910,Jesse Hahn,Jesse,Hahn,R,P,1989-07-30,Norwich,CT,USA
640455,Sean Manaea,Sean,Manaea,R,P,1992-02-01,Valparaiso,IN,USA
519144,Rick Porcello,Rick,Porcello,R,P,1988-12-27,Morristown,NJ,USA
518625,Matt Dominguez,Matt,Dominguez,R,3B,1989-08-28,Los Angeles,CA,USA
519301,Sammy Solís,Sammy,Solís,R,P,1988-08-10,Minneapolis,MN,USA
621209,Jon Moscot,Jon,Moscot,R,P,1991-08-15,Santa Monica,CA,USA
502327,Héctor Santiago,Héctor,Santiago,R,P,1987-12-16,Newark,NJ,USA
543272,Brad Hand,Brad,Hand,L,P,1990-03-20,Minneapolis,MN,USA
596119,Blake Swihart,Blake,Swihart,S,C,1992-04-03,Bedford,TX,USA
468504,Jhoulys Chacín,Jhoulys,Chacín,R,P,1988-01-07,Maracaibo,,Venezuela
543742,Jerry Sands,Jerry,Sands,R,LF,1987-09-28,Middletown,NY,USA
546276,Edwin Escobar,Edwin,Escobar,L,P,1992-04-22,La Boyera,,Venezuela
543746,Rob Scahill,Rob,Scahill,L,P,1987-02-15,Winfield,IL,USA
408307,Carl Crawford,Carl,Crawford,L,LF,1981-08-05,Houston,TX,USA
408299,Omar Infante,Omar,Infante,R,2B,1981-12-26,Puerto la Cruz,,Venezuela
518953,David Lough,David,Lough,L,LF,1986-01-20,Akron,OH,USA
425657,Javier López,Javier,López,L,P,1977-07-11,San Juan,,Puerto Rico
458006,Matt Albers,Matt,Albers,L,P,1983-01-20,Houston,TX,USA
456068,Miguel González,Miguel,González,R,P,1984-05-27,Gudalajara,Jalisco,Mexico
407781,Marlon Byrd,Marlon,Byrd,R,CF,1977-08-30,Boynton Beach,FL,USA
444857,Scott Feldman,Scott,Feldman,L,P,1983-02-07,Kailua,HI,USA
621121,Lance McCullers Jr.,Lance,McCullers Jr.,L,P,1993-10-02,Tampa,FL,USA
457574,Jordan Pacheco,Jordan,Pacheco,R,1B,1986-01-30,Albuquerque,NM,USA
622072,Alex Wood,Alex,Wood,R,P,1991-01-12,Charlotte,NC,USA
500779,Jose Quintana,Jose,Quintana,R,P,1989-01-24,Arjona,,Colombia
554429,Dustin Ackley,Dustin,Ackley,L,2B,1988-02-26,Winston-Salem,NC,USA
518715,Cory Gearrin,Cory,Gearrin,R,P,1986-04-14,Chattanooga,TN,USA
431151,David Wright,David,Wright,R,3B,1982-12-20,Norfolk,VA,USA
458582,Reid Brignac,Reid,Brignac,L,SS,1986-01-16,St. Amant,LA,USA
595023,Colin Walsh,Colin,Walsh,S,3B,1989-09-26,San Diego,CA,USA
523989,Rubby De La Rosa,Rubby,De La Rosa,R,P,1989-03-04,Santo Domingo,,Dominican Republic
519058,Mike Moustakas,Mike,Moustakas,L,3B,1988-09-11,Los Angeles,CA,USA
518883,Dean Kiekhefer,Dean,Kiekhefer,L,P,1989-06-07,Louisville,KY,USA
621199,Matt Bowman,Matt,Bowman,R,P,1991-05-31,Chevy Chase,MD,USA
518991,Darin Mastroianni,Darin,Mastroianni,R,RF,1985-08-26,Mount Kisco,NY,USA
570714,César Vargas,César,Vargas,R,P,1991-12-30,Puebla,Puebla,Mexico
517369,José Pirela,José,Pirela,R,LF,1989-11-21,Valera,,Venezuela
502522,Justin Miller,Justin,Miller,R,P,1987-06-13,Bakersfield,CA,USA
605182,Mike Clevinger,Mike,Clevinger,R,P,1990-12-21,Jacksonville,FL,USA
501381,Michael Pineda,Michael,Pineda,R,P,1989-01-18,Yaguate,,Dominican Republic
501625,Jose Alvarez,Jose,Alvarez,L,P,1989-05-06,Barcelona,,Venezuela
533167,Matt Shoemaker,Matt,Shoemaker,R,P,1986-09-27,Wyandotte,MI,USA
425626,Chris Capuano,Chris,Capuano,L,P,1978-08-19,Springfield,MA,USA
544925,Matthew den Dekker,Matthew,den Dekker,L,LF,1987-08-10,Fort Lauderdale,FL,USA
572309,Kendry Flores,Kendry,Flores,R,P,1991-11-24,Azua,,Dominican Republic
425856,Gavin Floyd,Gavin,Floyd,R,P,1983-01-27,Annapolis,MD,USA
285079,R.A. Dickey,R.A.,Dickey,R,P,1974-10-29,Nashville,TN,USA
501888,Ryan Kalish,Ryan,Kalish,L,CF,1988-03-28,Northridge,CA,USA
543238,Anthony Gose,Anthony,Gose,L,P,1990-08-10,Bellflower,CA,USA
605242,Michael Fulmer,Michael,Fulmer,R,P,1993-03-15,Oklahoma City,OK,USA
434671,Aníbal Sánchez,Aníbal,Sánchez,R,P,1984-02-27,Maracay,,VEN
488726,Michael Brantley,Michael,Brantley,L,DH,1987-05-15,Bellevue,WA,USA
592192,Mark Canha,Mark,Canha,R,LF,1989-02-15,San Jose,CA,USA
449168,Matt Tuiasosopo,Matt,Tuiasosopo,R,LF,1986-05-10,Bellevue,WA,USA
457789,Jemile Weeks,Jemile,Weeks,S,2B,1987-01-26,Orlando,FL,USA
548357,Christian Bergman,Christian,Bergman,R,P,1988-05-04,Glendale,CA,USA
571882,Derek Law,Derek,Law,R,P,1990-09-14,Pittsburgh,PA,USA
607374,Nick Tropeano,Nick,Tropeano,R,P,1990-08-27,West Islip,NY,USA
476570,Vin Mazzaro,Vin,Mazzaro,R,P,1986-09-27,Hackensack,NJ,USA
643297,Cody Ege,Cody,Ege,L,P,1991-05-08,Sioux City,IA,USA
458678,Mike Broadway,Mike,Broadway,R,P,1987-03-30,Paducah,KY,USA
543456,Kyle Lobstein,Kyle,Lobstein,L,P,1989-08-12,Flagstaff,AZ,USA
519023,Devin Mesoraco,Devin,Mesoraco,R,C,1988-06-19,Punxsutawney,PA,USA
502226,Craig Gentry,Craig,Gentry,R,CF,1983-11-29,Fort Smith,AR,USA
543859,Michael Tonkin,Michael,Tonkin,R,P,1989-11-19,Glendale,CA,USA
594951,Ryan O'Rourke,Ryan,O'Rourke,R,P,1988-04-30,Worcester,MA,USA
472551,Fernando Abad,Fernando,Abad,L,P,1985-12-17,La Romana,,Dominican Republic
608648,Tyler Duffey,Tyler,Duffey,R,P,1990-12-27,Houston,TX,USA
502457,Drew Hayes,Drew,Hayes,R,P,1987-09-03,McKenzie,TN,USA
450203,Charlie Morton,Charlie,Morton,R,P,1983-11-12,Flemington,NJ,USA
461833,Phil Hughes,Phil,Hughes,R,P,1986-06-24,Mission Viejo,CA,USA
571561,Tony Cingrani,Tony,Cingrani,L,P,1989-07-05,Evergreen,IL,USA
453265,Tony Watson,Tony,Watson,L,P,1985-05-30,Sioux City,IA,USA
621281,Tyler Wagner,Tyler,Wagner,R,P,1991-01-24,Las Vegas,NV,USA
499624,Chris Colabello,Chris,Colabello,R,1B,1983-10-24,Framingham,MA,USA
543548,Tommy Milone,Tommy,Milone,L,P,1987-02-16,Saugus,CA,USA
429780,Chris Narveson,Chris,Narveson,L,P,1981-12-20,Englewood,CO,USA
518577,Collin Cowgill,Collin,Cowgill,R,LF,1986-05-22,Lexington,KY,USA
605486,Cory Spangenberg,Cory,Spangenberg,L,2B,1991-03-16,Clarks Summit,PA,USA
501986,Cedric Hunter,Cedric,Hunter,L,LF,1988-03-10,Decatur,GA,USA
572362,Robbie Erlin,Robbie,Erlin,R,P,1990-10-08,Oakland,CA,USA
501936,Matt Buschmann,Matt,Buschmann,R,P,1984-02-13,St. Louis,MO,USA
543532,Tim Melville,Tim,Melville,R,P,1989-10-09,Alexandria,VA,USA
572888,Shane Greene,Shane,Greene,R,P,1988-11-17,Clermont,FL,USA
434604,Michael Morse,Michael,Morse,R,LF,1982-03-22,Fort Lauderdale,FL,USA
493343,Héctor Olivera,Héctor,Olivera,R,3B,1985-04-05,Santiago de Cuba,,Cuba
572096,Trevor Rosenthal,Trevor,Rosenthal,R,P,1990-05-29,Lee's Summit,MO,USA
572971,Dallas Keuchel,Dallas,Keuchel,L,P,1988-01-01,Tulsa,OK,USA
467055,Pablo Sandoval,Pablo,Sandoval,S,3B,1986-08-11,Puerto Cabello,,Venezuela
592274,Matt Duffy,Matt,Duffy,R,3B,1989-02-06,Boston,MA,USA
457768,Bryan Morris,Bryan,Morris,L,P,1987-03-28,Tullahoma,TN,USA
518911,Andrew Lambo,Andrew,Lambo,L,RF,1988-08-11,Newbury Park,CA,USA
467008,Pedro Strop,Pedro,Strop,R,P,1985-06-13,San Cristobal,,Dominican Republic
656941,Kyle Schwarber,Kyle,Schwarber,L,DH,1993-03-05,Middletown,OH,USA
475115,Tyson Ross,Tyson,Ross,R,P,1987-04-22,Berkeley,CA,USA
595885,Greg Bird,Greg,Bird,L,1B,1992-11-09,Memphis,TN,USA
642180,Tyler Wade,Tyler,Wade,L,2B,1994-11-23,Murrieta,CA,USA
620446,Richard Urena,Richard,Urena,S,SS,1996-02-26,San Francisco de Macoris,,DOM
640449,Clint Frazier,Clint,Frazier,R,LF,1994-09-06,Decatur,GA,USA
609280,Miguel Andujar,Miguel,Andujar,R,DH,1995-03-02,San Cristobal,,Dominican Republic
605357,Mike Marjama,Mike,Marjama,R,C,1989-07-20,Roseville,CA,USA
595238,Jacob Hannemann,Jacob,Hannemann,L,CF,1991-04-29,Kahuku,HI,USA
545337,Nolan Fontana,Nolan,Fontana,L,2B,1991-06-06,Winter Garden,FL,USA
642707,Allen Córdoba,Allen,Córdoba,R,LF,1995-12-06,Changuinola,,Panama
624507,Ryder Jones,Ryder,Jones,L,P,1994-06-07,Seattle,WA,USA
502570,Rocky Gale,Rocky,Gale,R,C,1988-02-22,Portland,OR,USA
593525,Orlando Calixte,Orlando,Calixte,R,SS,1992-02-03,Santo Domingo,,Dominican Republic
645302,Victor Robles,Victor,Robles,R,RF,1997-05-19,Santo Domingo Este,,Dominican Republic
506703,Adrián Sanchez,Adrián,Sanchez,R,3B,1990-08-16,Maracaibo,,VEN
622441,Rafael Bautista,Rafael,Bautista,R,RF,1993-03-08,Santo Domingo,,Dominican Republic
607471,Christopher Bostick,Christopher,Bostick,R,2B,1993-03-24,Rochester,NY,USA
656669,Jordan Luplow,Jordan,Luplow,R,LF,1993-09-26,Visalia,CA,USA
591741,José Osuna,José,Osuna,R,1B,1992-12-12,Trujillo,,Venezuela
605795,Angel Sánchez,Angel,Sánchez,R,P,1989-11-28,Tenares,,Dominican Republic
641432,Willie Calhoun,Willie,Calhoun,L,1B,1994-11-04,Vallejo,CA,USA
656305,Matt Chapman,Matt,Chapman,R,3B,1993-04-28,Victorville,CA,USA
543362,A.J. Jimenez,A.J.,Jimenez,R,C,1990-05-01,San Juan,,Puerto Rico
592685,Drew Robinson,Drew,Robinson,L,CF,1992-04-20,Las Vegas,NV,USA
620439,Franklin Barreto,Franklin,Barreto,R,2B,1996-02-27,Caracas,,Venezuela
642708,Amed Rosario,Amed,Rosario,R,3B,1995-11-20,Santo Domingo,,Dominican Republic
608384,Nick Williams,Nick,Williams,L,RF,1993-09-08,Galveston,TX,USA
656555,Rhys Hoskins,Rhys,Hoskins,R,1B,1993-03-17,Sacramento,CA,USA
641487,J.P. Crawford,J.P.,Crawford,L,SS,1995-01-11,Long Beach,CA,USA
621512,Tomás Nido,Tomás,Nido,R,C,1994-04-12,Guaynabo,,Puerto Rico
642086,Dominic Smith,Dominic,Smith,L,DH,1995-06-15,Los Angeles,CA,USA
595284,Andrew Knapp,Andrew,Knapp,S,C,1991-11-09,Roseville,CA,USA
595943,Phillip Evans,Phillip,Evans,R,3B,1992-09-10,Whittier,CA,USA
607369,Travis Taijeron,Travis,Taijeron,R,RF,1989-01-20,La Mesa,CA,USA
601713,Nick Pivetta,Nick,Pivetta,R,P,1993-02-14,Victoria,BC,Canada
623167,Chris Flexen,Chris,Flexen,R,P,1994-07-01,Newark,CA,USA
664056,Harrison Bader,Harrison,Bader,R,CF,1994-06-03,Bronxville,NY,USA
572228,Luke Voit,Luke,Voit,R,1B,1991-02-13,Wildwood,MO,USA
450641,Quintin Berry,Quintin,Berry,L,LF,1984-11-21,San Diego,CA,USA
622270,Alex D. Mejia,Alex D.,Mejia,R,SS,1991-01-18,Sylmar,CA,USA
591971,Breyvic Valera,Breyvic,Valera,S,LF,1992-01-08,Montalban,,Venezuela
657557,Paul DeJong,Paul,DeJong,R,3B,1993-08-02,Orlando,FL,USA
642423,Magneuris Sierra,Magneuris,Sierra,L,CF,1996-04-07,San Cristobal,,Dominican Republic
621433,Brett Phillips,Brett,Phillips,L,P,1994-05-30,Seminole,FL,USA
519346,Eric Thames,Eric,Thames,L,1B,1986-11-10,San Jose,CA,USA
519299,Eric Sogard,Eric,Sogard,L,2B,1986-05-22,Phoenix,AZ,USA
658792,Aaron Wilkerson,Aaron,Wilkerson,R,P,1989-05-24,Fort Worth,TX,USA
656427,Jack Flaherty,Jack,Flaherty,R,P,1995-10-15,Burbank,CA,USA
641857,Ryan McMahon,Ryan,McMahon,L,3B,1994-12-14,Yorba Linda,CA,USA
643565,Mike Tauchman,Mike,Tauchman,L,RF,1990-12-03,Palatine,IL,USA
657077,Alex Verdugo,Alex,Verdugo,L,LF,1996-05-15,Tucson,AZ,USA
641355,Cody Bellinger,Cody,Bellinger,L,LF,1995-07-13,Scottsdale,AZ,USA
641796,Tim Locastro,Tim,Locastro,R,LF,1992-07-14,Syracuse,NY,USA
571657,Kyle Farmer,Kyle,Farmer,R,DH,1990-08-17,Atlanta,GA,USA
607752,Sam Travis,Sam,Travis,R,1B,1993-08-27,Chicago,IL,USA
605233,Derek Fisher,Derek,Fisher,L,LF,1993-08-21,Lebanon,PA,USA
646240,Rafael Devers,Rafael,Devers,L,1B,1996-10-24,Sanchez,,Dominican Republic
605204,J.D. Davis,J.D.,Davis,R,3B,1993-04-27,Elk Grove,CA,USA
519068,Efren Navarro,Efren,Navarro,L,1B,1986-05-14,Lynwood,CA,USA
641598,Mitch Garver,Mitch,Garver,R,C,1991-01-15,Albuquerque,NM,USA
643335,Zack Granite,Zack,Granite,L,CF,1992-09-17,Staten Island,NY,USA
592348,Niko Goodrum,Niko,Goodrum,S,1B,1992-02-28,Atlanta,GA,USA
543089,Taylor Davis,Taylor,Davis,R,3B,1989-11-28,Tampa,FL,USA
572227,Zach Vincej,Zach,Vincej,R,SS,1991-05-01,San Diego,CA,USA
608385,Jesse Winker,Jesse,Winker,L,LF,1993-08-17,Buffalo,NY,USA
595453,Chad Wallach,Chad,Wallach,R,C,1991-11-04,Yorba Linda,CA,USA
640447,Phillip Ervin,Phillip,Ervin,R,LF,1992-07-15,Mobile,AL,USA
664023,Ian Happ,Ian,Happ,S,LF,1994-08-12,Pittsburgh,PA,USA
605170,Victor Caratini,Victor,Caratini,S,C,1993-08-17,Ponce,,Puerto Rico
570240,Félix Peña,Félix,Peña,R,P,1990-02-25,San Pedro de Macoris,,Dominican Republic
592547,Deck McGuire,Deck,McGuire,R,P,1989-06-23,Richmond,VA,USA
542963,Rob Brantly,Rob,Brantly,L,C,1989-07-14,San Diego,CA,USA
650490,Yandy Díaz,Yandy,Díaz,R,DH,1991-08-08,Sagua la Grande,,Cuba
641553,Adam Engel,Adam,Engel,R,CF,1991-12-09,Cincinnati,OH,USA
656185,Greg Allen,Greg,Allen,S,CF,1993-03-15,San Diego,CA,USA
542642,Rymer Liriano,Rymer,Liriano,R,RF,1991-06-20,Santo Domingo,,Dominican Republic
669720,Austin Hays,Austin,Hays,R,LF,1995-07-05,Daytona Beach,FL,USA
621002,Daniel Robertson,Daniel,Robertson,R,2B,1994-03-22,Upland,CA,USA
572669,Lane Adams,Lane,Adams,R,LF,1989-11-13,Talihina,OK,USA
605119,Brian Anderson,Brian,Anderson,R,3B,1993-05-19,Edmond,OK,USA
645277,Ozzie Albies,Ozzie,Albies,S,2B,1997-01-07,Willemstad,,Curacao
489138,Tyler Moore,Tyler,Moore,R,LF,1987-01-30,Brandon,MS,USA
608331,Max Fried,Max,Fried,L,P,1994-01-18,Santa Monica,CA,USA
545121,Ildemaro Vargas,Ildemaro,Vargas,S,1B,1991-07-16,Caripito,,Venezuela
593528,Jorge Bonifacio,Jorge,Bonifacio,R,RF,1993-06-04,Santo Domingo,,Dominican Republic
502117,Kristopher Negrón,Kristopher,Negrón,R,3B,1986-02-01,Willingboro,NJ,USA
572233,Christian Walker,Christian,Walker,R,1B,1991-03-28,Norristown,PA,USA
570799,Christian Villanueva,Christian,Villanueva,R,3B,1991-06-19,Guadalajara,Jalisco,Mexico
506693,Henderson Alvarez,Henderson,Alvarez,R,P,1990-04-18,Valencia,,Venezuela
606930,Jacob Barnes,Jacob,Barnes,R,P,1990-04-14,St. Petersburg,FL,USA
642156,Stuart Turner,Stuart,Turner,R,C,1991-12-27,Eunice,LA,USA
623451,Jackson Stephens,Jackson,Stephens,R,P,1994-05-11,Oxford,AL,USA
642336,Francisco Mejía,Francisco,Mejía,S,C,1995-10-27,Bani,,Dominican Republic
570482,Gio Urshela,Gio,Urshela,R,3B,1991-10-11,Cartagena,,Colombia
623993,Anthony Santander,Anthony,Santander,S,RF,1994-10-19,Margarita,,Venezuela
642082,Chance Sisco,Chance,Sisco,L,C,1995-02-24,Corona,CA,USA
622666,Johan Camargo,Johan,Camargo,S,3B,1993-12-13,Panama City,,Panama
628333,Odrisamer Despaigne,Odrisamer,Despaigne,R,P,1987-04-04,Havana,,Cuba
592426,Luke Jackson,Luke,Jackson,R,P,1991-08-24,Fort Lauderdale,FL,USA
608371,Lucas Sims,Lucas,Sims,R,P,1994-05-10,Lawrenceville,GA,USA
593527,Ramón Torres,Ramón,Torres,S,2B,1993-01-22,Santiago Rodriguez,,Dominican Republic
595956,Cam Gallagher,Cam,Gallagher,R,C,1992-12-06,Lancaster,PA,USA
594902,Ben Lively,Ben,Lively,R,P,1992-03-05,Pensacola,FL,USA
547170,Nicky Delmonico,Nicky,Delmonico,L,LF,1992-07-12,Knoxville,TN,USA
527049,César Puello,César,Puello,R,RF,1991-04-01,La Romana,,Dominican Republic
627894,Luiz Gohara,Luiz,Gohara,L,P,1996-07-31,Tupa,,Brazil
600466,Raudy Read,Raudy,Read,R,C,1993-10-29,San Jose de Ocoa,,Dominican Republic
624407,Tzu-Wei Lin,Tzu-Wei,Lin,L,SS,1994-02-15,Kaohsiung County,,Taiwan
607219,Sal Romano,Sal,Romano,L,P,1993-10-12,Syosset,NY,USA
458681,Lance Lynn,Lance,Lynn,S,P,1987-05-12,Marion County,IN,USA
596071,Dillon Peters,Dillon,Peters,L,P,1992-08-31,Indianapolis,IN,USA
643410,Mark Leiter Jr.,Mark,Leiter Jr.,R,P,1991-03-13,Fort Lauderdale,FL,USA
474699,Vance Worley,Vance,Worley,R,P,1987-09-25,Sacramento,CA,USA
591994,Willy García,Willy,García,R,LF,1992-09-04,Santo Domingo,,Dominican Republic
656794,Sean Newcomb,Sean,Newcomb,L,P,1993-06-12,Brockton,MA,USA
620443,Luis Torrens,Luis,Torrens,R,C,1996-05-02,Valencia,,Venezuela
607297,O'Koyea Dickson,O'Koyea,Dickson,R,1B,1990-02-09,San Francisco,CA,USA
659275,Dinelson Lamet,Dinelson,Lamet,R,P,1992-07-18,Santiago,,Dominican Republic
623352,Josh Hader,Josh,Hader,L,P,1994-04-07,Millersville,MD,USA
664057,Andrew Stevenson,Andrew,Stevenson,L,CF,1994-06-01,Lafayette,LA,USA
592836,Taijuan Walker,Taijuan,Walker,R,P,1992-08-13,Shreveport,LA,USA
573088,Cameron Perkins,Cameron,Perkins,R,LF,1990-09-27,Indianapolis,IN,USA
547749,Junichi Tazawa,Junichi,Tazawa,R,P,1986-06-06,Yokohama,,Japan
605540,Brandon Woodruff,Brandon,Woodruff,L,P,1993-02-10,Tupelo,MS,USA
606959,Rookie Davis,Rookie,Davis,R,P,1993-04-29,Sneads Ferry,NC,USA
571679,David Freitas,David,Freitas,R,C,1989-03-18,Wilton,CA,USA
596103,Austin Slater,Austin,Slater,R,RF,1992-12-13,Jacksonville,FL,USA
607536,Kyle Freeland,Kyle,Freeland,L,P,1993-05-14,Denver,CO,USA
621471,Boog Powell,Boog,Powell,L,CF,1993-01-14,Irvine,CA,USA
502026,Jeremy Jeffress,Jeremy,Jeffress,R,P,1987-09-21,South Boston,VA,USA
627500,Jen-Ho Tseng,Jen-Ho,Tseng,L,P,1994-10-03,Taipei,,Taiwan
457915,Javy Guerra,Javy,Guerra,R,P,1985-10-31,Denton,TX,USA
607237,Amir Garrett,Amir,Garrett,R,P,1992-05-03,Victorville,CA,USA
594992,Kevin Shackelford,Kevin,Shackelford,R,P,1989-04-07,Charlotte,NC,USA
641816,Tyler Mahle,Tyler,Mahle,R,P,1994-09-29,Newport Beach,CA,USA
605548,Bradley Zimmer,Bradley,Zimmer,L,CF,1992-11-27,San Francisco,CA,USA
544727,Jeurys Familia,Jeurys,Familia,R,P,1989-10-10,Santo Domingo,,Dominican Republic
622491,Luis Castillo,Luis,Castillo,R,P,1992-12-12,Bani,,Dominican Republic
502212,Austin Bibens-Dirkx,Austin,Bibens-Dirkx,R,P,1985-04-29,Salem,OR,USA
622766,Miguel Díaz,Miguel,Díaz,R,P,1994-11-28,San Cristobal,,Dominican Republic
622608,Antonio Senzatela,Antonio,Senzatela,R,P,1995-01-21,Valencia,,Venezuela
519037,Carlos Moncrief,Carlos,Moncrief,L,RF,1988-11-03,Jackson,MS,USA
592279,Jesen Therrien,Jesen,Therrien,R,P,1993-03-18,Montreal,QC,Canada
506997,Tony Sanchez,Tony,Sanchez,R,C,1988-05-20,Miami,FL,USA
489334,Craig Stammen,Craig,Stammen,R,P,1984-03-09,North Star,OH,USA
605441,Yacksel Ríos,Yacksel,Ríos,R,P,1993-06-27,Caguas,,Puerto Rico
543038,Dusty Coleman,Dusty,Coleman,R,3B,1987-04-20,Sioux Falls,SD,USA
607200,Erick Fedde,Erick,Fedde,R,P,1993-02-25,Las Vegas,NV,USA
541640,Erasmo Ramírez,Erasmo,Ramírez,R,P,1990-05-02,Rivas,,Nicaragua
592879,Asher Wojciechowski,Asher,Wojciechowski,R,P,1988-12-21,Pensacola,FL,USA
594835,Marco Gonzales,Marco,Gonzales,L,P,1992-02-16,Fort Collins,CO,USA
502051,Josh Ravin,Josh,Ravin,R,P,1988-01-21,West Hills,CA,USA
452027,Andrew Albers,Andrew,Albers,R,P,1985-10-06,North Battleford,SK,Canada
594840,Matt Grace,Matt,Grace,L,P,1988-12-14,Palos Verdes Estates,CA,USA
592741,Chasen Shreve,Chasen,Shreve,L,P,1990-07-12,Las Vegas,NV,USA
622663,Luis Severino,Luis,Severino,R,P,1994-02-20,Sabana de la Mar,,Dominican Republic
607473,Chasen Bradford,Chasen,Bradford,R,P,1989-08-05,Las Vegas,NV,USA
643265,Garrett Cooper,Garrett,Cooper,R,1B,1990-12-25,Torrance,CA,USA
572000,Mike Ohlman,Mike,Ohlman,R,C,1990-12-14,Bradenton,FL,USA
572140,Tyler Skaggs,Tyler,Skaggs,L,P,1991-07-13,Woodland Hills,CA,USA
502748,Brad Peacock,Brad,Peacock,R,P,1988-02-02,Palm Beach,FL,USA
607455,Anthony Banda,Anthony,Banda,L,P,1993-08-10,Corpus Christi,TX,USA
518748,Justin Grimm,Justin,Grimm,R,P,1988-08-16,Bristol,TN,USA
608650,Dietrich Enns,Dietrich,Enns,L,P,1991-05-16,Frankfort,IL,USA
595144,Jaycob Brugman,Jaycob,Brugman,L,LF,1992-01-18,Chandler,AZ,USA
451192,James Adduci,James,Adduci,L,1B,1985-05-15,Burnaby,BC,Canada
518397,Scott Alexander,Scott,Alexander,L,P,1989-07-10,Santa Rosa,CA,USA
571510,Matthew Boyd,Matthew,Boyd,L,P,1991-02-02,Mercer Island,WA,USA
622497,Miguel Gómez,Miguel,Gómez,S,2B,1992-12-17,Santo Domingo,,Dominican Republic
446399,Brett Cecil,Brett,Cecil,R,P,1986-07-02,Annapolis,MD,USA
570810,Lisalverto Bonilla,Lisalverto,Bonilla,S,P,1990-06-18,Samana,,Dominican Republic
621446,Lewis Brinson,Lewis,Brinson,R,CF,1994-05-08,Fort Lauderdale,FL,USA
434672,Chris Smith,Chris,Smith,R,P,1981-04-09,Apple Valley,CA,USA
543432,Ryan Lavarnway,Ryan,Lavarnway,R,C,1987-08-07,Woodland Hills,CA,USA
605254,Daniel Gossett,Daniel,Gossett,R,P,1992-11-13,Spartanburg,SC,USA
595373,Jack Reinheimer,Jack,Reinheimer,R,SS,1992-07-19,Charlotte,NC,USA
666561,Jae-Gyun Hwang,Jae-Gyun,Hwang,R,3B,1987-07-28,Seoul,,South Korea
519008,T.J. McFarland,T.J.,McFarland,L,P,1989-06-08,Palos Park,IL,USA
571948,Hoby Milner,Hoby,Milner,L,P,1991-01-13,Dallas,TX,USA
518468,Michael Blazek,Michael,Blazek,R,P,1989-03-16,Las Vegas,NV,USA
622217,Chris O'Grady,Chris,O'Grady,R,P,1990-04-17,Congers,NY,USA
571666,Mike Fiers,Mike,Fiers,R,P,1985-06-15,Hollywood,FL,USA
643414,Kyle Lloyd,Kyle,Lloyd,R,P,1990-10-16,Sacramento,CA,USA
624586,James Hoyt,James,Hoyt,R,P,1986-09-30,Boise,ID,USA
451089,Shane Peterson,Shane,Peterson,L,LF,1988-02-11,Fallbrook,CA,USA
614173,Franchy Cordero,Franchy,Cordero,L,OF,1994-09-02,Azua,,Dominican Republic
554430,Zack Wheeler,Zack,Wheeler,L,P,1990-05-30,Smyrna,GA,USA
621295,Nick Wittgren,Nick,Wittgren,R,P,1991-05-29,Torrance,CA,USA
621112,Paul Blackburn,Paul,Blackburn,R,P,1993-12-04,Antioch,CA,USA
605154,John Brebbia,John,Brebbia,L,P,1990-05-30,Boston,MA,USA
534812,Kevin Quackenbush,Kevin,Quackenbush,R,P,1988-11-28,Land O'Lakes,FL,USA
595375,JT Riddle,JT,Riddle,L,SS,1991-10-12,Frankfort,KY,USA
471911,Carlos Carrasco,Carlos,Carrasco,R,P,1987-03-21,Barquisimeto,,Venezuela
518902,Pete Kozma,Pete,Kozma,R,SS,1988-04-11,Tulsa,OK,USA
595426,Brock Stassi,Brock,Stassi,L,1B,1989-08-07,Sacramento,CA,USA
571670,Dylan Floro,Dylan,Floro,L,P,1990-12-27,Merced,CA,USA
488846,Brian Duensing,Brian,Duensing,L,P,1983-02-22,Marysville,KS,USA
606965,Chris Devenski,Chris,Devenski,R,P,1990-11-13,Cerritos,CA,USA
593969,Jayson Aquino,Jayson,Aquino,L,P,1992-11-22,San Pedro de Macoris,,Dominican Republic
642231,Jimmy Yacabonis,Jimmy,Yacabonis,R,P,1992-03-21,Elizabeth,NJ,USA
592614,Dillon Overton,Dillon,Overton,L,P,1991-08-17,Clinton,OK,USA
545363,Jacob Turner,Jacob,Turner,R,P,1991-05-21,St. Charles,MO,USA
554374,Ariel Hernández,Ariel,Hernández,R,P,1992-03-02,Santo Domingo,,Dominican Republic
657145,Mark Zagunis,Mark,Zagunis,R,RF,1993-02-05,Willingboro,NJ,USA
502179,Paolo Espino,Paolo,Espino,R,P,1987-01-10,Panama City,,Panama
502004,George Kontos,George,Kontos,R,P,1985-06-12,Lincolnwood,IL,USA
502171,Alex Cobb,Alex,Cobb,R,P,1987-10-07,Boston,MA,USA
445926,Jesse Chavez,Jesse,Chavez,R,P,1983-08-21,San Gabriel,CA,USA
592169,Austin Brice,Austin,Brice,R,P,1992-06-19,Hong Kong,,China
596105,Dwight Smith Jr.,Dwight,Smith Jr.,L,LF,1992-10-26,Peachtree City,GA,USA
477569,Fernando Salas,Fernando,Salas,R,P,1985-05-30,Huatabampo,Sonora,Mexico
445276,Kenley Jansen,Kenley,Jansen,S,P,1987-09-30,Willemstad,,Curacao
502151,Chad Huffman,Chad,Huffman,R,LF,1985-04-29,Houston,TX,USA
622210,Ian Parmley,Ian,Parmley,L,CF,1989-12-19,Snohomish,WA,USA
543652,Tyler Pill,Tyler,Pill,L,P,1990-05-29,San Dimas,CA,USA
572241,David Washington,David,Washington,L,1B,1990-11-20,San Diego,CA,USA
642094,Tyler Smith,Tyler,Smith,R,SS,1991-07-01,Long Beach,CA,USA
276520,Bronson Arroyo,Bronson,Arroyo,R,P,1977-02-24,Key West,FL,USA
584171,Hector Velázquez,Hector,Velázquez,R,P,1988-11-26,Ciudad Obregon,Sonora,Mexico
598271,Brian Johnson,Brian,Johnson,L,P,1990-12-07,Lakeland,FL,USA
605194,Jharel Cotton,Jharel,Cotton,R,P,1992-01-19,St. Thomas,VI,USA
450306,Jason Vargas,Jason,Vargas,L,P,1983-02-02,Apple Valley,CA,USA
519166,Neil Ramírez,Neil,Ramírez,R,P,1989-05-25,Virginia Beach,VA,USA
543867,Nik Turley,Nik,Turley,L,P,1989-09-11,La Canada,CA,USA
596001,Jakob Junis,Jakob,Junis,R,P,1992-09-16,Jacksonville,AR,USA
452666,Tom Wilhelmsen,Tom,Wilhelmsen,R,P,1983-12-16,Tucson,AZ,USA
518693,Sam Freeman,Sam,Freeman,R,P,1987-06-24,Houston,TX,USA
620982,Ricardo Pinto,Ricardo,Pinto,R,P,1994-01-20,Guacara Carabobo,,Venezuela
547912,Gift Ngoepe,Gift,Ngoepe,R,2B,1990-01-18,Pietersburg,,South Africa
624414,Christian Arroyo,Christian,Arroyo,R,2B,1995-05-30,Tampa,FL,USA
596271,Casey Lawrence,Casey,Lawrence,R,P,1987-10-28,McSherrystown,PA,USA
664641,Aríel Miranda,Aríel,Miranda,L,P,1989-01-10,Havana,,Cuba
543208,Sam Gaviglio,Sam,Gaviglio,R,P,1990-05-22,Ashland,OR,USA
600526,José Torres,José,Torres,L,P,1993-09-24,Caracas,,Venezuela
500724,JC Ramírez,JC,Ramírez,R,P,1988-08-16,Managua,,Nicaragua
623149,Paul Sewald,Paul,Sewald,R,P,1990-05-26,Las Vegas,NV,USA
543611,Danny Ortiz,Danny,Ortiz,L,RF,1990-01-05,Caguas,,Puerto Rico
546990,Anthony Alford,Anthony,Alford,R,LF,1994-07-20,Columbia,MS,USA
607352,Joe Biagini,Joe,Biagini,R,P,1990-05-29,Menlo Park,CA,USA
641941,Emilio Pagán,Emilio,Pagán,L,P,1991-05-07,Simpsonville,SC,USA
453192,Andrew Miller,Andrew,Miller,L,P,1985-05-21,Gainesville,FL,USA
592229,Dylan Covey,Dylan,Covey,R,P,1991-08-14,Glendale,CA,USA
501593,Luis Avilán,Luis,Avilán,L,P,1989-07-19,Caracas,,VEN
543542,Alex Meyer,Alex,Meyer,R,P,1990-01-03,Greensburg,IN,USA
572193,Ryan Tepera,Ryan,Tepera,R,P,1987-11-03,Houston,TX,USA
448609,Tony Sipp,Tony,Sipp,L,P,1983-07-12,Pascagoula,MS,USA
593140,Michael Feliz,Michael,Feliz,R,P,1993-06-28,Azua,,Dominican Republic
592120,Barrett Astin,Barrett,Astin,R,P,1991-10-22,Forrest City,AR,USA
458676,Josh Lindblom,Josh,Lindblom,R,P,1987-06-15,Lafayette,IN,USA
543459,Steve Lombardozzi Jr.,Steve,Lombardozzi Jr.,S,2B,1988-09-20,Edina,MN,USA
452718,Kyle Kendrick,Kyle,Kendrick,R,P,1984-08-26,Houston,TX,USA
466948,Jean Machi,Jean,Machi,R,P,1982-02-01,El Tigre,,Venezuela
462515,Miguel Socolovich,Miguel,Socolovich,R,P,1986-07-24,Caracas,,Venezuela
573244,Adam Wilk,Adam,Wilk,L,P,1987-12-09,Anaheim,CA,USA
656756,Jordan Montgomery,Jordan,Montgomery,L,P,1992-12-27,Sumter,SC,USA
543309,Kyle Higashioka,Kyle,Higashioka,R,C,1990-04-20,Huntington Beach,CA,USA
594576,Jacob May,Jacob,May,S,CF,1992-01-23,Williamsport,PA,USA
657524,John Bormann,John,Bormann,R,C,1993-04-04,Danville,VA,USA
543219,Sean Gilmartin,Sean,Gilmartin,L,P,1990-05-08,Thousand Oaks,CA,USA
592127,Johnny Barbato,Johnny,Barbato,R,P,1992-07-11,Miami,FL,USA
455374,Antonio Bastardo,Antonio,Bastardo,R,P,1985-09-21,Hato Mayor,,Dominican Republic
502029,Chris Marrero,Chris,Marrero,R,1B,1988-07-02,Miami,FL,USA
573064,Vidal Nuño,Vidal,Nuño,L,P,1987-07-26,National City,CA,USA
519322,Drew Storen,Drew,Storen,S,P,1987-08-11,Indianapolis,IN,USA
545346,Zach Lee,Zach,Lee,R,P,1991-09-13,Plano,TX,USA
430599,Joe Blanton,Joe,Blanton,R,P,1980-12-11,Nashville,TN,USA
544836,Enny Romero,Enny,Romero,R,P,1991-01-24,Santo Domingo,,Dominican Republic
621111,Walker Buehler,Walker,Buehler,R,P,1994-07-28,Lexington,KY,USA
665742,Juan Soto,Juan,Soto,L,LF,1998-10-25,Santo Domingo,,Dominican Republic
641505,Jonathan Davis,Jonathan,Davis,R,CF,1992-05-12,Camden,AR,USA
542932,Jon Berti,Jon,Berti,R,2B,1990-01-22,Troy,MI,USA
664040,Brandon Lowe,Brandon,Lowe,L,2B,1994-07-06,Suffolk,VA,USA
623205,Andrew Velazquez,Andrew,Velazquez,S,SS,1994-07-14,Bronx,NY,USA
642133,Rowdy Tellez,Rowdy,Tellez,L,1B,1995-03-16,Sacramento,CA,USA
641343,Jake Bauers,Jake,Bauers,L,1B,1995-10-06,Newport Beach,CA,USA
640457,Austin Meadows,Austin,Meadows,L,LF,1995-05-03,Atlanta,GA,USA
642715,Willy Adames,Willy,Adames,R,SS,1995-09-02,Santiago,,Dominican Republic
641856,Billy McKinney,Billy,McKinney,L,LF,1994-08-23,Dallas,TX,USA
624419,Nick Ciuffo,Nick,Ciuffo,L,C,1995-03-07,Mount Pleasant,SC,USA
624512,Reese McGuire,Reese,McGuire,L,C,1995-03-02,Seattle,WA,USA
608597,Ronald Guzmán,Ronald,Guzmán,L,P,1994-10-20,La Vega,,Dominican Republic
622168,Yairo Muñoz,Yairo,Muñoz,R,3B,1995-01-23,Nagua,,Dominican Republic
621550,Patrick Wisdom,Patrick,Wisdom,R,3B,1991-08-27,Murrieta,CA,USA
641933,Tyler O'Neill,Tyler,O'Neill,R,RF,1995-06-22,Burnaby,BC,Canada
624641,Edmundo Sosa,Edmundo,Sosa,R,LF,1996-03-06,Panama City,,Panama
623520,David Bote,David,Bote,R,3B,1993-04-07,Longmont,CO,USA
621219,Alec Mills,Alec,Mills,R,P,1991-11-30,Clarksville,TN,USA
666969,Adolis García,Adolis,García,R,RF,1993-03-02,Ciego de Avila,,Cuba
664167,Blake Trahan,Blake,Trahan,R,SS,1993-09-05,Lake Charles,LA,USA
641525,Brandon Dixon,Brandon,Dixon,R,3B,1992-01-29,La Jolla,CA,USA
622569,Pablo Reyes,Pablo,Reyes,R,OF,1993-09-05,Santo Domingo,,Dominican Republic
602115,Gabriel Guerrero,Gabriel,Guerrero,R,RF,1993-12-11,Nizao,,Dominican Republic
621028,Kevin Newman,Kevin,Newman,R,3B,1993-08-04,Poway,CA,USA
596012,Kevin Kramer,Kevin,Kramer,L,3B,1993-10-03,Turlock,CA,USA
599096,Dilson Herrera,Dilson,Herrera,R,2B,1994-03-03,Cartagena,,Colombia
605280,Clay Holmes,Clay,Holmes,R,P,1993-03-27,Dothan,AL,USA
621493,Taylor Ward,Taylor,Ward,R,LF,1993-12-14,Dayton,OH,USA
660271,Shohei Ohtani,Shohei,Ohtani,L,TWP,1994-07-05,Oshu,,Japan
641684,Michael Hermosillo,Michael,Hermosillo,R,RF,1995-01-17,Mesa,AZ,USA
582473,Sherman Johnson,Sherman,Johnson,L,2B,1990-07-15,Tampa,FL,USA
516472,Francisco Arcia,Francisco,Arcia,L,C,1989-09-14,Maiquetia,,Venezuela
605361,Nick Martini,Nick,Martini,L,RF,1990-06-27,Crystal Lake,IL,USA
607333,Beau Taylor,Beau,Taylor,L,C,1990-02-13,Rockledge,FL,USA
621529,Joe Hudson,Joe,Hudson,R,C,1991-05-21,Tampa,FL,USA
657656,Ramón Laureano,Ramón,Laureano,R,LF,1994-07-15,Santo Domingo,,Dominican Republic
650402,Gleyber Torres,Gleyber,Torres,R,2B,1996-12-13,Caracas,,Venezuela
643446,Jeff McNeil,Jeff,McNeil,L,2B,1992-04-08,Santa Barbara,CA,USA
543194,Isaac Galloway,Isaac,Galloway,R,LF,1989-10-10,Pomona Valley,CA,USA
645261,Sandy Alcantara,Sandy,Alcantara,R,P,1995-09-07,Azua,,Dominican Republic
623214,Abiatal Avelino,Abiatal,Avelino,R,SS,1995-02-14,San Pedro De Macoris,,Dominican Republic
605244,Aramis Garcia,Aramis,Garcia,R,C,1993-01-12,Hialeah,FL,USA
663656,Kyle Tucker,Kyle,Tucker,L,RF,1997-01-17,Tampa,FL,USA
664702,Myles Straw,Myles,Straw,R,CF,1994-10-17,Garden Grove,CA,USA
656775,Cedric Mullins,Cedric,Mullins,L,CF,1994-10-01,Greensboro,NC,USA
592859,Stevie Wilkerson,Stevie,Wilkerson,S,2B,1992-01-11,Roswell,GA,USA
621466,DJ Stewart,DJ,Stewart,L,LF,1993-11-30,Gainesville,FL,USA
608475,Dawel Lugo,Dawel,Lugo,R,2B,1994-12-31,Bani,,Dominican Republic
605612,Harold Castro,Harold,Castro,L,2B,1993-11-30,Caracas,,Venezuela
605513,Spencer Turnbull,Spencer,Turnbull,R,P,1992-09-18,Demopolis,AL,USA
594011,Rosell Herrera,Rosell,Herrera,S,2B,1992-10-16,Santo Domingo,,Dominican Republic
656811,Ryan O'Hearn,Ryan,O'Hearn,L,RF,1993-07-26,Dunedin,FL,USA
606992,Eric Haase,Eric,Haase,R,C,1992-12-18,Detroit,MI,USA
650619,Meibrys Viloria,Meibrys,Viloria,L,C,1997-02-15,Cartagena,,Colombia
641477,Ryan Cordell,Ryan,Cordell,R,CF,1992-03-31,Sacramento,CA,USA
595909,Jake Cave,Jake,Cave,L,CF,1992-12-04,Hampton,VA,USA
594953,Daniel Palka,Daniel,Palka,L,LF,1991-10-28,Greenville,SC,USA
553902,Willians Astudillo,Willians,Astudillo,R,3B,1991-10-14,Barcelona,,Venezuela
664068,Scott Kingery,Scott,Kingery,R,SS,1994-04-29,Phoenix,AZ,USA
622226,Dylan Cozens,Dylan,Cozens,L,LF,1994-05-31,Scottsdale,AZ,USA
660670,Ronald Acuña Jr.,Ronald,Acuña Jr.,R,RF,1997-12-18,La Guaira,,Venezuela
624133,Ranger Suarez,Ranger,Suarez,L,P,1995-08-26,Pie de Cuesta,,Venezuela
614177,Franmil Reyes,Franmil,Reyes,R,RF,1995-07-07,Palenque,,Dominican Republic
664192,Joey Lucchesi,Joey,Lucchesi,L,P,1993-06-06,Newark,CA,USA
571595,Noel Cuevas,Noel,Cuevas,R,CF,1991-10-02,Camuy,,Puerto Rico
641658,Garrett Hampson,Garrett,Hampson,R,2B,1994-10-10,Reno,NV,USA
643376,Danny Jansen,Danny,Jansen,R,C,1995-04-15,Elmhurst,IL,USA
643396,Isiah Kiner-Falefa,Isiah,Kiner-Falefa,R,2B,1995-03-23,Honolulu,HI,USA
624636,Carlos Tocci,Carlos,Tocci,R,RF,1995-08-23,Maracay,,Venezuela
571945,Miles Mikolas,Miles,Mikolas,R,P,1988-08-23,Jupiter,FL,USA
628336,José Miguel Fernández,José Miguel,Fernández,L,1B,1988-04-27,Villa Clara,,Cuba
593993,José Briceño,José,Briceño,R,C,1992-09-19,Caracas,,Venezuela
621573,Austin Dean,Austin,Dean,R,LF,1993-10-14,Spring,TX,USA
670950,Trevor Richards,Trevor,Richards,R,P,1993-05-15,Aviston,IL,USA
622046,Chris Shaw,Chris,Shaw,L,LF,1993-10-20,Stoneham,MA,USA
605446,Dereck Rodríguez,Dereck,Rodríguez,R,P,1992-06-05,Arlington,TX,USA
622682,Victor Reyes,Victor,Reyes,S,CF,1994-10-05,Barcelona,,Venezuela
606988,Grayson Greiner,Grayson,Greiner,R,C,1992-10-11,Columbia,SC,USA
669203,Corbin Burnes,Corbin,Burnes,R,P,1994-10-22,Bakersfield,CA,USA
608654,Johnny Field,Johnny,Field,R,LF,1992-02-20,Las Vegas,NV,USA
642770,Javy Guerra,Javy,Guerra,L,P,1995-09-25,David,,Panama
656798,Jacob Nix,Jacob,Nix,R,P,1996-01-09,Los Alamitos,CA,USA
543377,Corban Joseph,Corban,Joseph,L,1B,1988-10-28,Nashville,TN,USA
642851,Austin Wynns,Austin,Wynns,R,C,1990-12-10,San Diego,CA,USA
607430,John Andreoli,John,Andreoli,R,RF,1990-06-09,Worcester,MA,USA
592468,Nick Kingham,Nick,Kingham,R,P,1991-11-08,Houston,TX,USA
621261,Corey Oswalt,Corey,Oswalt,R,P,1993-09-03,San Diego,CA,USA
500135,Ronny Rodríguez,Ronny,Rodríguez,R,3B,1992-04-17,Santiago,,Dominican Republic
641778,Eric Lauer,Eric,Lauer,R,P,1995-06-03,Elyria,OH,USA
621514,Christin Stewart,Christin,Stewart,L,LF,1993-12-10,Atlanta,GA,USA
605520,Mitch Walding,Mitch,Walding,L,3B,1992-09-10,Lodi,CA,USA
641851,Kyle McGowin,Kyle,McGowin,R,P,1991-11-27,Southampton,NY,USA
657612,Tim Hill,Tim,Hill,R,P,1990-02-10,Mission Hills,CA,USA
641571,Heath Fillmyer,Heath,Fillmyer,R,P,1994-05-16,Roebling,NJ,USA
596295,Austin Gomber,Austin,Gomber,L,P,1993-11-23,Winter Garden,FL,USA
656257,Jeff Brigham,Jeff,Brigham,R,P,1992-02-16,Federal Way,WA,USA
543169,Brian Flynn,Brian,Flynn,L,P,1990-04-19,Tulsa,OK,USA
607215,Eric Skoglund,Eric,Skoglund,L,P,1992-10-26,Sarasota,FL,USA
657053,Touki Toussaint,Touki,Toussaint,R,P,1996-06-20,Pembroke Pines,FL,USA
571951,Bryan Mitchell,Bryan,Mitchell,L,P,1991-04-19,Reidsville,NC,USA
642547,Freddy Peralta,Freddy,Peralta,R,P,1996-06-04,Moca,,Dominican Republic
666971,Lourdes Gurriel Jr.,Lourdes,Gurriel Jr.,R,LF,1993-10-10,Sancti Spiritus,,Cuba
605498,Andrew Suárez,Andrew,Suárez,L,P,1992-09-11,Miami,FL,USA
628318,Kazuhisa Makita,Kazuhisa,Makita,R,P,1984-11-10,Yaizu,,Japan
543193,Drew Gagnon,Drew,Gagnon,R,P,1990-06-26,Columbia,CA,USA
664196,Tanner Anderson,Tanner,Anderson,R,P,1993-05-27,Boynton Beach,FL,USA
608723,Austin Voth,Austin,Voth,R,P,1992-06-26,Redmond,WA,USA
489446,Kirby Yates,Kirby,Yates,L,P,1987-03-25,Lihue,HI,USA
641583,Dustin Fowler,Dustin,Fowler,L,CF,1994-12-29,Cadwell,GA,USA
641745,Brad Keller,Brad,Keller,R,P,1995-07-27,Snellville,GA,USA
501985,Mike Minor,Mike,Minor,R,P,1987-12-26,Chapel Hill,TN,USA
664058,David Fletcher,David,Fletcher,R,2B,1994-05-31,Orange,CA,USA
622446,Jefry Rodriguez,Jefry,Rodriguez,R,P,1993-07-26,Bajos de Haina,,DOM
642558,Ariel Jurado,Ariel,Jurado,R,P,1996-01-30,Aguadulce,,Panama
622795,Yohander Méndez,Yohander,Méndez,L,P,1995-01-17,Valencia,,VEN
623454,Drew Anderson,Drew,Anderson,R,P,1994-03-22,Reno,NV,USA
594965,Daniel Ponce de Leon,Daniel,Ponce de Leon,R,P,1992-01-16,Anaheim,CA,USA
649966,Luis Urías,Luis,Urías,R,2B,1997-06-03,Magdalena de Kino,,Mexico
445213,Brandon Kintzler,Brandon,Kintzler,R,P,1984-08-01,Las Vegas,NV,USA
621381,Matt Strahm,Matt,Strahm,R,P,1991-11-12,West Fargo,ND,USA
664028,Brett Kennedy,Brett,Kennedy,R,P,1994-08-04,Pomona,NJ,USA
656803,James Norwood,James,Norwood,R,P,1993-12-24,New York,NY,USA
656887,Sean Reid-Foley,Sean,Reid-Foley,R,P,1995-08-30,Agana Heights,GU,USA
656222,Jalen Beeks,Jalen,Beeks,L,P,1993-07-10,Fayetteville,AR,USA
650895,Diego Castillo,Diego,Castillo,R,P,1994-01-18,Cabrera,,Dominican Republic
606273,Roenis Elías,Roenis,Elías,L,P,1988-08-01,Guantanamo,,Cuba
605421,Michael Pérez,Michael,Pérez,L,C,1992-08-07,Bayamon,,Puerto Rico
630023,Yonny Chirinos,Yonny,Chirinos,R,P,1993-12-26,Bachaquero,,Venezuela
621453,Steven Duggar,Steven,Duggar,L,CF,1993-11-04,Spartanburg,SC,USA
641154,Pablo López,Pablo,López,L,P,1996-03-07,Cabimas,,Venezuela
595222,Mike Gerber,Mike,Gerber,L,CF,1992-07-08,Nashville,TN,USA
593833,Wander Suero,Wander,Suero,R,P,1991-09-15,Sabana Larga,,Dominican Republic
669060,Bryse Wilson,Bryse,Wilson,R,P,1997-12-20,Hillsborough,NC,USA
606157,Aristides Aquino,Aristides,Aquino,R,RF,1994-04-22,Santo Domingo,,Dominican Republic
518553,Steve Cishek,Steve,Cishek,R,P,1986-06-18,Falmouth,MA,USA
622694,Elieser Hernández,Elieser,Hernández,R,P,1995-05-03,Ocumare del Tuy,,Venezuela
669456,Shane Bieber,Shane,Bieber,R,P,1995-05-31,Orange,CA,USA
642545,Jaime Barria,Jaime,Barria,R,P,1996-07-18,Panama City,,Panama
642571,Merandy Gonzalez,Merandy,Gonzalez,R,P,1995-10-09,Cotui,,Dominican Republic
571760,Andrew Heaney,Andrew,Heaney,L,P,1991-06-05,Oklahoma City,OK,USA
656977,Chad Sobotka,Chad,Sobotka,R,P,1993-07-10,Sarasota,FL,USA
621141,Walker Lockett,Walker,Lockett,R,P,1994-05-03,Jacksonville,FL,USA
576788,Dan Butler,Dan,Butler,R,C,1986-10-17,Phoenix,AZ,USA
594987,Casey Sadler,Casey,Sadler,R,P,1990-07-13,Stillwater,OK,USA
641149,Wes Parsons,Wes,Parsons,R,P,1992-09-06,Clarksville,TN,USA
641645,Luis Guillorme,Luis,Guillorme,L,3B,1994-09-27,Caracas,,Venezuela
673633,Yoshihisa Hirano,Yoshihisa,Hirano,R,P,1984-03-08,"Uji, Kyoto",,Japan
488984,Tommy Hunter,Tommy,Hunter,R,P,1986-07-03,Indianapolis,IN,USA
641712,Dakota Hudson,Dakota,Hudson,R,P,1994-09-15,Dunlap,TN,USA
656725,Alex McRae,Alex,McRae,R,P,1993-04-06,West Allis,WI,USA
622554,Seranthony Domínguez,Seranthony,Domínguez,R,P,1994-11-25,Esperanza Valverde Mao,,Dominican Republic
592865,Taylor Williams,Taylor,Williams,S,P,1991-07-21,Vancouver,WA,USA
622492,Keury Mella,Keury,Mella,R,P,1993-08-02,Bonao,,Dominican Republic
572182,Darnell Sweeney,Darnell,Sweeney,S,LF,1991-02-01,Hollywood,FL,USA
623402,Tim Peterson,Tim,Peterson,R,P,1991-02-22,Puyallup,WA,USA
642008,Jacob Rhame,Jacob,Rhame,R,P,1993-03-16,Atlanta,GA,USA
663465,Kolby Allard,Kolby,Allard,L,P,1997-08-13,Anaheim,CA,USA
593423,Frankie Montas,Frankie,Montas,R,P,1993-03-21,Sainagua,,Dominican Republic
621044,Jesmuel Valentín,Jesmuel,Valentín ,S,LF,1994-05-12,Manati,,Puerto Rico
656354,Austin Davis,Austin,Davis,L,P,1993-02-03,Scottsdale,AZ,USA
644337,Nate Orf,Nate,Orf,R,2B,1990-02-01,St. Charles,MO,USA
605255,Brett Graves,Brett,Graves,R,P,1993-01-30,St Charles,MO,USA
608652,Luke Farrell,Luke,Farrell,L,P,1991-06-07,Westlake,OH,USA
657571,Caleb Ferguson,Caleb,Ferguson,R,P,1996-07-02,Columbus,OH,USA
642211,Justin Williams,Justin,Williams,L,RF,1995-08-20,Houma,LA,USA
607468,Alex Blandino,Alex,Blandino,R,P,1992-11-06,Palo Alto,CA,USA
592145,Jesse Biddle,Jesse,Biddle,L,P,1991-10-22,Philadelphia,PA,USA
660853,Enyel De Los Santos,Enyel,De Los Santos,R,P,1995-12-25,San Pedro de Macoris,,Dominican Republic
641924,Jacob Nottingham,Jacob,Nottingham,R,C,1995-04-03,Redlands,CA,USA
643466,Harrison Musgrave,Harrison,Musgrave,L,P,1992-03-03,Nutter Fort,WV,USA
502593,Jake Petricka,Jake,Petricka,R,P,1988-06-05,Northfield,MN,USA
605347,Jorge López,Jorge,López,R,P,1993-02-10,Caguas,,Puerto Rico
622075,Yency Almonte,Yency,Almonte,R,P,1994-06-04,Miami,FL,USA
641341,Tyler Bashlor,Tyler,Bashlor,R,P,1993-04-16,Springfield,GA,USA
664842,Kevin Kaczmarski,Kevin,Kaczmarski,L,RF,1991-12-31,Cary,IL,USA
552640,Andrew Kittredge,Andrew,Kittredge,R,P,1990-03-17,Spokane,WA,USA
600968,Randy Rosario,Randy,Rosario,L,P,1994-05-18,Nagua,,Dominican Republic
641438,Shane Carle,Shane,Carle,R,P,1991-08-30,Santa Cruz,CA,USA
663855,Jordan Hicks,Jordan,Hicks,R,P,1996-09-06,Houston,TX,USA
606162,Yefry Ramírez,Yefry,Ramírez,R,P,1993-11-28,Santo Domingo,,Dominican Republic
489265,Sergio Romo,Sergio,Romo,R,P,1983-03-04,Brawley,CA,USA
642232,Ryan Yarbrough,Ryan,Yarbrough,R,P,1991-12-31,Austin,TX,USA
592390,Heath Hembree,Heath,Hembree,R,P,1989-01-13,Spartanburg,SC,USA
572955,Pierce Johnson,Pierce,Johnson,R,P,1991-05-10,Denver,CO,USA
453344,Brandon Morrow,Brandon,Morrow,R,P,1984-07-26,Santa Rosa,CA,USA
543483,Matt Magill,Matt,Magill,R,P,1989-11-10,Simi Valley,CA,USA
435043,Zach Duke,Zach,Duke,L,P,1983-04-19,Clifton,TX,USA
606167,Adalberto Mejía,Adalberto,Mejía,R,P,1993-06-20,Bonao,,Dominican Republic
606149,Giovanny Gallegos,Giovanny,Gallegos,R,P,1991-08-14,Ciudad Obregon,SO,Mexico
570666,Luis Cessa,Luis,Cessa,R,P,1992-04-25,Cordoba,VE,Mexico
656738,Ben Meyer,Ben,Meyer,L,P,1993-01-30,Minneapolis,MN,USA
476454,Dellin Betances,Dellin,Betances,R,P,1988-03-23,New York,NY,USA
642528,Jonathan Loáisiga,Jonathan,Loáisiga,R,P,1994-11-02,Managua,,Nicaragua
621249,Duane Underwood Jr.,Duane,Underwood Jr.,R,P,1994-07-20,Raleigh,NC,USA
607968,Drew Rucinski,Drew,Rucinski,R,P,1988-12-30,Neenah,WI,USA
592761,Caleb Smith,Caleb,Smith,R,P,1991-07-28,Huntsville,TX,USA
571476,Chris Beck,Chris,Beck,R,P,1990-09-04,Commerce,GA,USA
605276,David Hess,David,Hess,R,P,1993-07-10,Pembroke Pines,FL,USA
605541,Mike Wright Jr.,Mike,Wright Jr.,R,P,1990-01-03,Bennettsville,SC,USA
594577,Mike Mayers,Mike,Mayers,R,P,1991-12-06,Grove City,OH,USA
572403,Drew VerHagen,Drew,VerHagen,R,P,1990-10-22,Royse City,TX,USA
624431,Jose Trevino,Jose,Trevino,R,C,1992-11-28,Corpus Christi,TX,USA
620454,José Castillo,José,Castillo,L,P,1996-01-10,Valencia,,Venezuela
647336,Michael Soroka,Michael,Soroka,R,P,1997-08-04,Calgary,AB,Canada
542289,Daniel Corcino,Daniel,Corcino,R,P,1990-08-26,Azua,,Dominican Republic
593334,Domingo Germán,Domingo,Germán,R,P,1992-08-04,San Pedro de Macoris,,Dominican Republic
571893,Adam Liberatore,Adam,Liberatore,L,P,1987-05-12,Bellflower,CA,USA
543031,Tyler Cloyd,Tyler,Cloyd,R,P,1987-05-16,Papillion,NE,USA
543339,Daniel Hudson,Daniel,Hudson,R,P,1987-03-09,Lynchburg,VA,USA
554054,Alfredo González,Alfredo,González,R,C,1992-07-13,Santa Teresa del Tuy,,Venezuela
642701,Dennis Santana,Dennis,Santana,R,P,1996-04-12,San Pedro de Macoris,,Dominican Republic
605474,Matt Skole,Matt,Skole,L,DH,1989-07-30,Woodstock,GA,USA
606424,Jarlín García,Jarlín,García,L,P,1993-01-18,Santo Domingo,,Dominican Republic
640460,Dustin Peterson,Dustin,Peterson,R,LF,1994-09-10,Phoenix,AZ,USA
664869,P.J. Conlon,P.J.,Conlon,L,P,1993-11-11,Belfast,,NIR
543359,Dan Jennings,Dan,Jennings,L,P,1987-04-17,Berkeley,CA,USA
592644,Adam Plutko,Adam,Plutko,R,P,1991-10-03,Upland,CA,USA
606995,Justin Hancock,Justin,Hancock,R,P,1990-10-28,Defiance,OH,USA
571467,Steven Baron,Steven,Baron,R,C,1990-12-07,Miami,FL,USA
571473,Buddy Baumann,Buddy,Baumann,L,P,1987-12-09,Chicago,IL,USA
593974,Wandy Peralta,Wandy,Peralta,L,P,1991-07-27,San Francisco de Macoris,,Dominican Republic
501213,Moisés Sierra,Moisés,Sierra,R,RF,1988-09-24,Santo Domingo,,Dominican Republic
644428,Troy Scribner,Troy,Scribner,L,P,1991-07-02,Washington Depot,CT,USA
456696,David Hernandez,David,Hernandez,R,P,1985-05-13,Sacramento,CA,USA
458677,Justin Wilson,Justin,Wilson,L,P,1987-08-18,Anaheim,CA,USA
622864,Fernando Romero,Fernando,Romero,R,P,1994-12-24,San Juan de la Maguana,,Dominican Republic
593144,Richard Rodríguez,Richard,Rodríguez,R,P,1990-03-04,Santiago,,Dominican Republic
622713,Engelb Vielma,Engelb,Vielma,S,SS,1994-06-22,Maracaibo,,Venezuela
450665,Kris Medlen,Kris,Medlen,S,P,1985-10-07,Artesia,CA,USA
643256,Adam Cimber,Adam,Cimber,R,P,1990-08-15,Portland,OR,USA
592769,D.J. Snelten,D.J.,Snelten,L,P,1992-05-29,Lake Forest,IL,USA
596816,Roberto Gómez,Roberto,Gómez,R,P,1989-08-03,Santiago,,Dominican Republic
599683,Warwick Saupold,Warwick,Saupold,R,P,1990-01-16,Perth,WA,Australia
593576,Héctor Neris,Héctor,Neris,R,P,1989-06-14,Villa Altagracia,,Dominican Republic
643778,Tyler Webb,Tyler,Webb,L,P,1990-07-20,Nassawadox,VA,USA
657681,Kyle McGrath,Kyle,McGrath,L,P,1992-07-31,Louisville,KY,USA
595881,Tyler Beede,Tyler,Beede,R,P,1993-05-23,Worcester,MA,USA
606625,Reyes Moronta,Reyes,Moronta,R,P,1993-01-06,Santiago,,Dominican Republic
657658,Braxton Lee,Braxton,Lee,L,LF,1993-08-23,Picayune,MS,USA
608638,JT Chargois,JT,Chargois,S,P,1990-12-03,Sulphur,LA,USA
521655,Wilmer Font,Wilmer,Font,R,P,1990-05-24,La Guaira,,Venezuela
595465,Dan Winkler,Dan,Winkler,R,P,1990-02-02,Effingham,IL,USA
641513,Travis Demeritte,Travis,Demeritte,R,2B,1994-09-30,New York,NY,USA
650391,Eloy Jiménez,Eloy,Jiménez,R,DH,1996-11-27,Santo Domingo,,Dominican Republic
664901,Danny Mendick,Danny,Mendick,R,SS,1993-09-28,Rochester,NY,USA
650489,Willi Castro,Willi,Castro,S,2B,1997-04-24,Rio Piedras,,Puerto Rico
641470,Zack Collins,Zack,Collins,L,C,1995-02-06,Pembroke Pines,FL,USA
656514,Adam Haseley,Adam,Haseley,L,CF,1996-04-12,Orlando,FL,USA
656371,Isan Díaz,Isan,Díaz,L,2B,1996-05-27,Bayamon,,Puerto Rico
623912,Harold Ramírez,Harold,Ramírez,R,RF,1994-09-06,Cartagena,,Colombia
643275,Johnny Davis,Johnny,Davis,S,CF,1990-04-26,Compton,CA,USA
624415,Cavan Biggio,Cavan,Biggio,L,1B,1995-04-11,Houston,TX,USA
663993,Nathaniel Lowe,Nathaniel,Lowe,L,1B,1995-07-07,Norfolk,VA,USA
670712,Mike Brosseau,Mike,Brosseau,R,3B,1994-03-15,Munster,IN,USA
645801,Mike Ford,Mike,Ford,L,1B,1992-07-04,Belle Mead,NJ,USA
669256,Nick Solak,Nick,Solak,R,1B,1995-01-11,Woodridge,IL,USA
669242,Tommy Edman,Tommy,Edman,S,2B,1995-05-09,Pontiac,MI,USA
663538,Nico Hoerner,Nico,Hoerner,R,2B,1997-05-13,Oakland,CA,USA
668227,Randy Arozarena,Randy,Arozarena,R,LF,1995-02-28,Havana,,Cuba
596825,Robel García,Robel,García,S,2B,1993-03-28,Las Matas de Farfan,,Dominican Republic
573262,Mike Yastrzemski,Mike,Yastrzemski,L,LF,1990-08-23,Andover,MA,USA
643289,Mauricio Dubón,Mauricio,Dubón,R,LF,1994-07-19,San Pedro Sula,,Honduras
664041,Jaylin Davis,Jaylin,Davis,R,RF,1994-07-01,Greensboro,NC,USA
666158,Gavin Lux,Gavin,Lux,L,LF,1997-11-23,Kenosha,WI,USA
669257,Will Smith,Will,Smith,R,C,1995-03-28,Louisville,KY,USA
607461,Matt Beaty,Matt,Beaty,L,1B,1993-04-28,Snellville,GA,USA
621458,Edwin Rios,Edwin,Rios,L,1B,1994-04-21,Caguas,,Puerto Rico
641914,Sheldon Neuse,Sheldon,Neuse,R,3B,1994-12-10,Fort Worth,TX,USA
664913,Seth Brown,Seth,Brown,L,LF,1992-07-13,Klamath Falls,OR,USA
669221,Sean Murphy,Sean,Murphy,R,C,1994-10-04,Peekskill,NY,USA
622268,Donovan Walton,Donovan,Walton,L,2B,1994-05-25,Dallas,TX,USA
623323,Braden Bishop,Braden,Bishop,R,CF,1993-08-22,Woodland Hills,CA,USA
641786,Kyle Lewis,Kyle,Lewis,R,CF,1995-07-13,Snellville,GA,USA
543592,Austin Nola,Austin,Nola,R,C,1989-12-28,Baton Rouge,LA,USA
643418,Shed Long Jr.,Shed,Long Jr.,L,2B,1995-08-22,Birmingham,AL,USA
621450,Skye Bolt,Skye,Bolt,S,CF,1994-01-15,Atlanta,GA,USA
657434,Brian O'Grady,Brian,O'Grady,L,RF,1992-05-17,Philadelphia,PA,USA
642165,Josh VanMeter,Josh,VanMeter,L,2B,1995-03-10,Ossian,IN,USA
624413,Pete Alonso,Pete,Alonso,R,1B,1994-12-07,Tampa,FL,USA
663586,Austin Riley,Austin,Riley,R,3B,1997-04-02,Memphis,TN,USA
664059,Sam Haggerty,Sam,Haggerty,S,LF,1994-05-26,Phoenix,AZ,USA
640458,Óscar Mercado,Óscar,Mercado,R,RF,1994-12-16,Cartagena,,Colombia
668663,Tres Barrera,Tres,Barrera,R,C,1994-09-15,Eagle Pass,TX,USA
644374,Yu Chang,Yu,Chang,R,SS,1995-08-18,Taitung,,Taiwan
664926,Nick Dini,Nick,Dini,R,C,1993-07-27,Staten Island,NY,USA
600858,Humberto Arteaga,Humberto,Arteaga,R,SS,1994-01-23,Caracas,,Venezuela
625510,Erick Mejia,Erick,Mejia,S,P,1994-11-09,Villa Mella,,Dominican Republic
643436,Ryan McBroom,Ryan,McBroom,R,1B,1992-04-09,Fredericksburg,VA,USA
664774,LaMonte Wade Jr.,LaMonte,Wade Jr.,L,LF,1994-01-01,Baltimore,MD,USA
641878,Ian Miller,Ian,Miller,L,CF,1992-02-21,Philadelphia,PA,USA
602074,Yonathan Daza,Yonathan,Daza,R,CF,1994-02-28,Maracay,,Venezuela
656541,Sam Hilliard,Sam,Hilliard,L,LF,1994-02-21,Mansfield,TX,USA
621438,Tyrone Taylor,Tyrone,Taylor,R,LF,1994-01-22,Torrance,CA,USA
624513,Dom Nuñez,Dom,Nuñez,L,C,1995-01-17,Elk Grove,CA,USA
669374,Keston Hiura,Keston,Hiura,R,1B,1996-08-02,Valencia,CA,USA
658069,Joshua Fuentes,Joshua,Fuentes,R,3B,1993-02-19,Rancho Santo Margarita,CA,USA
663757,Trent Grisham,Trent,Grisham,L,CF,1996-11-01,Burleson,TX,USA
605288,Adrian Houser,Adrian,Houser,R,P,1993-02-02,Tahlequah,OK,USA
621006,Richie Martin Jr.,Richie,Martin Jr.,R,SS,1994-12-22,Detroit,MI,USA
668942,Josh Rojas,Josh,Rojas,L,3B,1994-06-30,Litchfield Park,AZ,USA
647304,Josh Naylor,Josh,Naylor,L,1B,1997-06-22,Mississauga,ON,Canada
605196,Kevin Cron,Kevin,Cron,R,1B,1993-02-17,Placentia,CA,USA
622065,Alex Young,Alex,Young,L,P,1993-09-09,Westlake,OH,USA
596117,Garrett Stubbs,Garrett,Stubbs,L,C,1993-05-26,San Diego,CA,USA
670541,Yordan Alvarez,Yordan,Alvarez,L,DH,1997-06-27,Las Tunas,,Cuba
642136,Matt Thaiss,Matt,Thaiss,L,C,1995-05-06,Jackson,NJ,USA
608686,Jack Mayfield,Jack,Mayfield,R,2B,1990-09-30,Del Rio,TX,USA
647351,Abraham Toro,Abraham,Toro,S,1B,1996-12-20,Longueuil,QC,Canada
621532,Anthony Bemboom,Anthony,Bemboom,L,C,1990-01-18,St. Cloud,MN,USA
668670,Jake Rogers,Jake,Rogers,R,C,1995-04-18,Canyon,TX,USA
620453,Deivy Grullón,Deivy,Grullón,R,C,1996-02-17,Bonao,,Dominican Republic
656713,Brendan McKay,Brendan,McKay,L,P,1995-12-18,Beaver Falls,PA,USA
642731,Thairo Estrada,Thairo,Estrada,R,2B,1996-02-22,Bejuma,,Venezuela
595981,Scott Heineman,Scott,Heineman,R,LF,1992-12-04,Pacific Palisades,CA,USA
592660,Rangel Ravelo,Rangel,Ravelo,R,1B,1992-04-24,Havana,,Cuba
657277,Logan Webb,Logan,Webb,R,P,1996-11-18,Rocklin,CA,USA
621005,Tim Lopes,Tim,Lopes,R,2B,1994-06-24,Los Angeles,CA,USA
664238,Dylan Moore,Dylan,Moore,R,CF,1992-08-02,Yorba Linda,CA,USA
595798,R.J. Alaniz,R.J.,Alaniz,R,P,1991-06-14,McAllen,TX,USA
621086,James Marvel,James,Marvel,R,P,1993-09-17,San Francisco,CA,USA
670032,Nicky Lopez,Nicky,Lopez,L,2B,1995-03-13,Naperville,IL,USA
650333,Luis Arraez,Luis,Arraez,L,2B,1997-04-09,San Felipe,,Venezuela
592346,Chi Chi González,Chi Chi,González,R,P,1992-01-15,Delray Beach,FL,USA
664034,Ty France,Ty,France,R,1B,1994-07-13,Downey,CA,USA
642736,Domingo Leyba,Domingo,Leyba,S,SS,1995-09-11,Santo Domingo,,Dominican Republic
623180,Seth Mejias-Brean,Seth,Mejias-Brean,R,3B,1991-04-05,Tucson,AZ,USA
572070,Garrett Richards,Garrett,Richards,R,P,1988-05-27,Riverside,CA,USA
665120,Jared Walsh,Jared,Walsh,L,1B,1993-07-30,Brookfield,WI,USA
623168,Tyler Heineman,Tyler,Heineman,S,C,1991-06-19,Pacific Palisades,CA,USA
665489,Vladimir Guerrero Jr.,Vladimir,Guerrero Jr.,R,1B,1999-03-16,Montreal,QC,Canada
668676,Zach Plesac,Zach,Plesac,R,P,1995-01-21,Crown Point,IN,USA
664199,Taylor Clarke,Taylor,Clarke,R,P,1993-05-13,Ashburn,VA,USA
622786,Jesus Tinoco,Jesus,Tinoco,R,P,1995-04-30,San Antonio de Maturin,,Venezuela
571917,Parker Markel,Parker,Markel,R,P,1990-09-15,Newport Beach,CA,USA
657141,Jordan Yamamoto,Jordan,Yamamoto,R,P,1996-05-11,Pearl City,HI,USA
642221,Kean Wong,Kean,Wong,L,2B,1995-04-17,Hilo,HI,USA
664119,Austin Allen,Austin,Allen,L,C,1994-01-16,St. Louis,MO,USA
642607,Dario Agrazal,Dario,Agrazal,R,P,1994-12-28,Aguadulce,,Panama
668804,Bryan Reynolds,Bryan,Reynolds,S,LF,1995-01-27,Baltimore,MD,USA
605490,Bubba Starling,Bubba,Starling,R,CF,1992-08-03,Gardner,KS,USA
668800,Andrew Knizner,Andrew,Knizner,R,C,1995-02-03,Glen Allen,VA,USA
518876,Merrill Kelly,Merrill,Kelly,R,P,1988-10-14,Houston,TX,USA
663567,Peter Lambert,Peter,Lambert,R,P,1997-04-18,San Dimas,CA,USA
607572,Sam Howard,Sam,Howard,R,P,1993-03-05,Cartersville,GA,USA
664062,Tony Gonsolin,Tony,Gonsolin,R,P,1994-05-14,Vacaville,CA,USA
671790,Ronald Bolaños,Ronald,Bolaños,R,P,1996-08-23,Santa Cruz del Norte,,Cuba
656605,Mitch Keller,Mitch,Keller,R,P,1996-04-04,Cedar Rapids,IA,USA
453284,Blake Parker,Blake,Parker,R,P,1985-06-19,Fayetteville,AR,USA
641541,Jon Duplantier,Jon,Duplantier,L,P,1994-07-11,Newark,DE,USA
657061,Cole Tucker,Cole,Tucker,S,SS,1996-07-03,Phoenix,AZ,USA
615698,Cal Quantrill,Cal,Quantrill,L,P,1995-02-10,Port Hope,ON,Canada
667498,Robert Dugger,Robert,Dugger,R,P,1995-07-03,Tucson,AZ,USA
579328,Yusei Kikuchi,Yusei,Kikuchi,L,P,1991-06-17,Morioka,,Japan
666182,Bo Bichette,Bo,Bichette,R,3B,1998-03-05,Orlando,FL,USA
643290,Justin Dunn,Justin,Dunn,R,P,1995-09-22,Freeport,NY,USA
669160,Dustin May,Dustin,May,R,P,1997-09-06,Justin,TX,USA
663978,Chris Paddack,Chris,Paddack,R,P,1996-01-08,Austin,TX,USA
650859,Luis Rengifo,Luis,Rengifo,S,LF,1997-02-26,Naguanagua,,Venezuela
668678,Zac Gallen,Zac,Gallen,R,P,1995-08-03,Somerdale,NJ,USA
607391,Chris Mazza,Chris,Mazza,R,P,1989-10-17,Walnut Creek,CA,USA
543351,Jay Jackson,Jay,Jackson,R,P,1987-10-27,Greenville,SC,USA
606956,Ryan Court,Ryan,Court,R,3B,1988-05-28,Elgin,IL,USA
641584,Jake Fraley,Jake,Fraley,L,RF,1995-05-25,Frederick,MD,USA
650893,Génesis Cabrera,Génesis,Cabrera,L,P,1996-10-10,Santo Domingo,,Dominican Republic
669222,Nick Senzel,Nick,Senzel,R,3B,1995-06-29,Atlanta,GA,USA
664854,Ryan Helsley,Ryan,Helsley,R,P,1994-07-18,Tahlequah,OK,USA
643615,T.J. Zeuch,T.J.,Zeuch,R,P,1995-08-01,Mason,OH,USA
641829,Jason Martin,Jason,Martin,L,CF,1995-09-05,Corona,CA,USA
621097,Jacob Waguespack,Jacob,Waguespack,R,P,1993-11-05,Prairieville,LA,USA
656954,Justus Sheffield,Justus,Sheffield,L,P,1996-05-13,Tullahoma,TN,USA
592612,Josh Osich,Josh,Osich,L,P,1988-09-03,Boise,ID,USA
622772,Jimmy Cordero,Jimmy,Cordero,R,P,1991-10-19,San Cristobal,,Dominican Republic
657041,Lane Thomas,Lane,Thomas,R,CF,1995-08-23,Knoxville,TN,USA
605156,Aaron Brooks,Aaron,Brooks,R,P,1990-04-27,Montclair,CA,USA
670329,Rico Garcia,Rico,Garcia,R,P,1994-01-10,Honolulu,HI,USA
641312,Shaun Anderson,Shaun,Anderson,R,P,1994-10-29,Coral Springs,FL,USA
594986,Kyle Ryan,Kyle,Ryan,L,P,1991-09-25,Auburndale,FL,USA
641755,Tyler Kinley,Tyler,Kinley,R,P,1991-01-31,Plantation,FL,USA
656577,Alex Jackson,Alex,Jackson,R,C,1995-12-25,San Diego,CA,USA
650644,Aaron Civale,Aaron,Civale,R,P,1995-06-12,East Windsor,CT,USA
541600,Wilfredo Tovar,Wilfredo,Tovar,R,SS,1991-08-11,Santa Teresa del Tuy,,Venezuela
657566,Montana DuRapau,Montana,DuRapau,R,P,1992-03-27,Deltona,FL,USA
664247,Kyle Garlick,Kyle,Garlick,R,LF,1992-01-26,La Habra,CA,USA
663432,Tanner Rainey,Tanner,Rainey,R,P,1992-12-25,Folsom,LA,USA
456051,Hector Noesí,Hector,Noesí,R,P,1987-01-26,Esperanza,,Dominican Republic
669270,Joel Kuhnel,Joel,Kuhnel,R,P,1995-02-19,Goldsboro,NC,USA
519293,Will Smith,Will,Smith,R,P,1989-07-10,Newnan,GA,USA
665487,Fernando Tatis Jr.,Fernando,Tatis Jr.,R,RF,1999-01-02,San Pedro De Macoris,,Dominican Republic
643493,Austin Pruitt,Austin,Pruitt,R,P,1989-08-31,Plano,TX,USA
641627,Trevor Gott,Trevor,Gott,R,P,1992-08-26,Lexington,KY,USA
594311,Jandel Gustave,Jandel,Gustave,R,P,1992-10-12,Pimentel,,Dominican Republic
554340,Yimi García,Yimi,García,R,P,1990-08-18,Moca,,Dominican Republic
656308,Michael Chavis,Michael,Chavis,R,2B,1995-08-11,Atlanta,GA,USA
622797,Pedro Payano,Pedro,Payano,R,P,1994-09-27,New York,NY,USA
668683,Jeremy Walker,Jeremy,Walker,R,P,1995-06-12,Advance,NC,USA
642207,Devin Williams,Devin,Williams,R,P,1994-09-21,St. Louis,MO,USA
669214,Conner Menez,Conner,Menez,L,P,1995-05-29,Hollister,CA,USA
660761,José Suarez,José,Suarez,L,P,1998-01-03,Naguanagua,,Venezuela
663776,Patrick Sandoval,Patrick,Sandoval,L,P,1996-10-18,Mission Viejo,CA,USA
605135,Chris Bassitt,Chris,Bassitt,R,P,1989-02-22,Toledo,OH,USA
664874,Seby Zavala,Seby,Zavala,R,C,1993-08-28,Fort Hood,TX,USA
608334,Carson Fulmer,Carson,Fulmer,R,P,1993-12-13,Lakeland,FL,USA
608339,Zach Green,Zach,Green,R,3B,1994-03-07,Carmichael,CA,USA
664045,Thomas Eshelman,Thomas,Eshelman,R,P,1994-06-20,Carlsbad,CA,USA
650671,José Quijada,José,Quijada,L,P,1995-11-09,Caripito,,Venezuela
608344,Cole Irvin,Cole,Irvin,L,P,1994-01-31,Anaheim,CA,USA
664353,José Urquidy,José,Urquidy,R,P,1995-05-01,Mazatlan,SI,Mexico
542960,Brad Brach,Brad,Brach,R,P,1986-04-12,Freehold,NJ,USA
650813,Luis Escobar,Luis,Escobar,R,P,1996-05-30,Cartagena,,Colombia
607644,John Means,John,Means,L,P,1993-04-24,Olathe,KS,USA
670970,Adrian Morejon,Adrian,Morejon,L,P,1999-02-27,Havana,,Cuba
448281,Sean Doolittle,Sean,Doolittle,L,P,1986-09-26,Rapid City,SD,USA
657140,Kyle Wright,Kyle,Wright,R,P,1995-10-02,Huntsville,AL,USA
670456,JD Hammer,JD,Hammer,R,P,1994-07-12,Fort Collins,CO,USA
663531,Logan Allen,Logan,Allen,R,P,1997-05-23,West Palm Beach,FL,USA
656252,Bobby Bradley,Bobby,Bradley,L,1B,1996-05-29,Chicago,IL,USA
642098,Glenn Sparkman,Glenn,Sparkman,R,P,1992-05-11,Victoria,TX,USA
664208,Phil Maton,Phil,Maton,R,P,1993-03-25,Paducah,KY,USA
640470,Adbert Alzolay,Adbert,Alzolay,R,P,1995-03-01,San Felix,,Venezuela
623364,Brad Wieck,Brad,Wieck,L,P,1991-10-14,Amarillo,TX,USA
571539,Matt Carasiti,Matt,Carasiti,R,P,1991-07-23,New Britain,CT,USA
613534,Austin Adams,Austin,Adams,R,P,1991-05-05,Tampa,FL,USA
446868,Wilkin Castillo,Wilkin,Castillo,S,C,1984-06-01,Bani,,Dominican Republic
663898,Brendan Rodgers,Brendan,Rodgers,R,2B,1996-08-09,Winter Park,FL,USA
656288,Griffin Canning,Griffin,Canning,R,P,1996-05-11,Mission Viejo,CA,USA
598286,Nick Ramirez,Nick,Ramirez,L,P,1989-08-01,Anaheim Hills,CA,USA
523260,Joe Kelly,Joe,Kelly,R,P,1988-06-09,Anaheim,CA,USA
676606,Nick Margevicius,Nick,Margevicius,L,P,1996-06-18,Cleveland,OH,USA
623184,Scott Oberg,Scott,Oberg,R,P,1990-03-13,Tewksbury,MA,USA
642721,Kelvin Gutiérrez,Kelvin,Gutiérrez,R,3B,1994-08-28,San Francisco De Macoris,,Dominican Republic
672773,Elvis Luciano,Elvis,Luciano,R,P,2000-02-15,Boca Chica,,Dominican Republic
657097,Jacob Webb,Jacob,Webb,R,P,1993-08-15,Riverside,CA,USA
543001,Ryan Carpenter,Ryan,Carpenter,L,P,1990-08-22,Glendale,AZ,USA
543883,Nick Vincent,Nick,Vincent,R,P,1986-07-12,Poway,CA,USA
642397,Gregory Soto,Gregory,Soto,L,P,1995-02-11,Haina,,Dominican Republic
642073,James Sherfy,James,Sherfy,R,P,1991-12-27,Thousand Oaks,CA,USA
663423,Trent Thornton,Trent,Thornton,R,P,1993-09-30,Charlotte,NC,USA
572143,Burch Smith,Burch,Smith,R,P,1990-04-12,San Antonio,TX,USA
669738,Jake Noll,Jake,Noll,R,2B,1994-03-08,Punta Gorda,FL,USA
622103,Gerardo Reyes,Gerardo,Reyes,R,P,1993-05-13,Ciudad Victoria,TM,Mexico
592716,Adrian Sampson,Adrian,Sampson,R,P,1991-10-07,Redmond,WA,USA
666198,Carter Kieboom,Carter,Kieboom,R,3B,1997-09-03,Marietta,GA,USA
657024,Erik Swanson,Erik,Swanson,R,P,1993-09-04,Fargo,ND,USA
608715,Eric Stamets,Eric,Stamets,R,SS,1991-09-25,Dublin,OH,USA
592102,Cody Allen,Cody,Allen,R,P,1988-11-20,Orlando,FL,USA
658648,Pedro Avila,Pedro,Avila,R,P,1997-01-14,Caracas,,Venezuela
643524,Frank Schwindel,Frank,Schwindel,R,1B,1992-06-29,Livingston,NJ,USA
656582,Connor Joe,Connor,Joe,R,RF,1992-08-16,San Diego,CA,USA
598264,Matt Barnes,Matt,Barnes,R,P,1990-06-17,Danbury,CT,USA
519393,Marcus Walden,Marcus,Walden,R,P,1988-09-13,Fresno,CA,USA
623515,Drew Jackson,Drew,Jackson,R,SS,1993-07-28,Berkeley,CA,USA
663647,Ke'Bryan Hayes,Ke'Bryan,Hayes,R,3B,1997-01-28,Tomball,TX,USA
673357,Luis Robert Jr.,Luis,Robert Jr.,R,CF,1997-08-03,Ciego de Avila,,Cuba
663611,Nick Madrigal,Nick,Madrigal,R,3B,1997-03-05,Sacramento,CA,USA
663662,Daz Cameron,Daz,Cameron,R,RF,1997-01-15,McDonough,GA,USA
642727,Sergio Alcántara,Sergio,Alcántara,S,SS,1996-07-10,Santo Domingo Este,,Dominican Republic
670623,Isaac Paredes,Isaac,Paredes,R,3B,1999-02-18,Hermosillo,SO,Mexico
658668,Edward Olivares,Edward,Olivares,R,RF,1996-03-06,Caracas,,Venezuela
519303,Elliot Soto,Elliot,Soto,R,SS,1989-08-21,Elgin,IL,USA
663330,Jahmai Jones,Jahmai,Jones,R,DH,1997-08-04,Roswell,GA,USA
666176,Jo Adell,Jo,Adell,R,RF,1999-04-08,Shelby,NC,USA
673451,Shogo Akiyama,Shogo,Akiyama,L,OF,1988-04-16,Yokosuka,,Japan
676480,José Barrero,José,Barrero,R,SS,1998-04-05,Havana,,Cuba
665862,Jazz Chisholm Jr.,Jazz,Chisholm Jr.,L,2B,1998-02-01,Nassau,,Bahamas
592530,José Marmolejos,José,Marmolejos,L,1B,1993-01-02,Perth Amboy,NJ,USA
657108,Evan White,Evan,White,R,1B,1996-04-26,Columbus,OH,USA
641929,Joseph Odom,Joseph,Odom,R,C,1992-01-09,Birmingham,AL,USA
663698,Joey Bart,Joey,Bart,R,C,1996-12-15,Buford,GA,USA
622761,Jorge Mateo,Jorge,Mateo,R,SS,1995-06-23,Santo Domingo Oeste,,Dominican Republic
630105,Jake Cronenworth,Jake,Cronenworth,L,2B,1994-01-21,St. Clair,MI,USA
666185,Dylan Carlson,Dylan,Carlson,S,LF,1998-10-23,Elk Grove,CA,USA
660294,Yoshi Tsutsugo,Yoshi,Tsutsugo,L,LF,1991-11-26,Hashimoto,,Japan
664761,Alec Bohm,Alec,Bohm,R,3B,1996-08-03,Omaha,NE,USA
665750,Leody Taveras,Leody,Taveras,S,CF,1998-09-08,Tenares,,Dominican Republic
660731,Anderson Tejeda,Anderson,Tejeda,S,SS,1998-05-01,Bani,,Dominican Republic
669087,Sam Huff,Sam,Huff,R,C,1998-01-14,Phoenix,AZ,USA
642201,Eli White,Eli,White,R,RF,1994-06-26,Greenville,SC,USA
663624,Ryan Mountcastle,Ryan,Mountcastle,R,1B,1997-02-18,Winter Springs,FL,USA
671277,Luis García Jr.,Luis,García Jr.,L,1B,2000-05-16,New York,NY,USA
628450,Yadiel Hernandez,Yadiel,Hernandez,L,LF,1987-10-09,Matanzas,,Cuba
660620,Jonathan Araúz,Jonathan,Araúz,S,2B,1998-08-03,Alanje,,Panama
666915,Bobby Dalbec,Bobby,Dalbec,R,1B,1995-06-29,Seattle,WA,USA
621500,Wyatt Mathisen,Wyatt,Mathisen,R,3B,1993-12-30,Corpus Christi,TX,USA
662139,Daulton Varsho,Daulton,Varsho,L,CF,1996-07-02,Marshfield,WI,USA
666931,Jared Oliva,Jared,Oliva,R,CF,1995-11-27,Santa Clarita,CA,USA
656537,Derek Hill,Derek,Hill,R,CF,1995-12-30,Des Moines,IA,USA
680777,Ryan Jeffers,Ryan,Jeffers,R,C,1997-06-03,Raleigh,NC,USA
656509,Monte Harrison,Monte,Harrison,R,CF,1995-08-10,Lee's Summit,MO,USA
641680,Jonah Heim,Jonah,Heim,S,C,1995-06-27,Buffalo,NY,USA
605353,Vimael Machín,Vimael,Machín,L,SS,1993-09-25,Humacao,,Puerto Rico
665926,Andrés Giménez,Andrés,Giménez,L,SS,1998-09-04,Barquisimeto,,Venezuela
602104,Ramón Urías,Ramón,Urías,R,3B,1994-06-03,Magdalena de Kino,SO,Mexico
672386,Alejandro Kirk,Alejandro,Kirk,R,C,1998-11-06,Tijuana,,Mexico
656976,Pavin Smith,Pavin,Smith,L,1B,1996-02-06,Jupiter,FL,USA
670084,Nick Heath,Nick,Heath,L,CF,1993-11-27,Atlanta,GA,USA
666160,Mickey Moniak,Mickey,Moniak,L,LF,1998-05-13,Encinitas,CA,USA
665947,Sherten Apostel,Sherten,Apostel,R,3B,1999-03-11,Willemstad,,Curacao
663886,Tyler Stephenson,Tyler,Stephenson,R,C,1996-08-16,Atlanta,GA,USA
642772,Luis Alexander Basabe,Luis Alexander,Basabe,S,CF,1996-08-26,El Vigia,,Venezuela
656716,Zach McKinstry,Zach,McKinstry,L,2B,1995-04-29,Toledo,OH,USA
644433,Chadwick Tromp,Chadwick,Tromp,R,C,1995-03-21,Oranjestad,,Aruba
665561,Rafael Marchán,Rafael,Marchán,S,C,1999-02-25,San Cristobal,,Venezuela
669289,Santiago Espinal,Santiago,Espinal,R,3B,1994-11-13,Santiago,,Dominican Republic
671250,Jorge Ona,Jorge,Ona,R,OF,1996-12-31,Havana,,Cuba
663905,Travis Blankenhorn,Travis,Blankenhorn,L,RF,1996-08-03,Pottsville,PA,USA
667670,Brent Rooker,Brent,Rooker,R,DH,1994-11-01,Germantown,TN,USA
650331,Lewin Díaz,Lewin,Díaz,L,1B,1996-11-19,Santiago,,Dominican Republic
657193,Eddy Alvarez,Eddy,Alvarez,L,SS,1990-01-30,Miami,FL,USA
664029,Mark Mathias,Mark,Mathias,R,2B,1994-08-02,Santa Clara,CA,USA
669134,Luis Campusano,Luis,Campusano,R,C,1998-09-29,Augusta,GA,USA
670370,Andrew Young,Andrew,Young,R,2B,1994-05-10,West Fargo,ND,USA
645305,Ali Sánchez,Ali,Sánchez,R,C,1997-01-20,Carora,,Venezuela
660821,Jesús Sánchez,Jesús,Sánchez,L,RF,1997-10-07,Higuey,,Dominican Republic
592622,Mark Payton,Mark,Payton,L,OF,1991-12-07,Orland Park,IL,USA
643269,Will Craig,Will,Craig,R,3B,1994-11-16,Johnson City,TN,USA
664314,Estevan Florial,Estevan,Florial,L,LF,1997-11-25,Barahona,,Dominican Republic
621011,Max Schrock,Max,Schrock,L,2B,1994-10-12,Bremerton,WA,USA
622100,Taylor Jones,Taylor,Jones,R,1B,1993-12-06,Kent,WA,USA
640459,Brian Navarreto,Brian,Navarreto,R,C,1994-12-29,Bayamon,,Puerto Rico
670768,Luis González,Luis,González,L,RF,1995-09-10,Hermosillo,SO,Mexico
665506,Cristian Pache,Cristian,Pache,R,OF,1998-11-19,Santo Domingo Centro,,Dominican Republic
660688,Keibert Ruiz,Keibert,Ruiz,S,C,1998-07-20,Valencia,,Venezuela
596056,John Nogowski,John,Nogowski,R,1B,1993-01-05,Tallahassee,FL,USA
669288,Daniel Johnson,Daniel,Johnson,L,CF,1995-07-11,Vallejo,CA,USA
606213,Yermín Mercedes,Yermín,Mercedes,R,C,1993-02-14,La Romana,,Dominican Republic
664334,Aaron Whitefield,Aaron,Whitefield,R,LF,1996-09-02,Brisbane,QLD,Australia
663411,Joe McCarthy,Joe,McCarthy,L,LF,1994-02-23,Scranton,PA,USA
661388,William Contreras,William,Contreras,R,C,1997-12-24,Puerto Cabello,,Venezuela
664850,Patrick Mazeika,Patrick,Mazeika,L,C,1993-10-14,Springfield,MA,USA
675911,Spencer Strider,Spencer,Strider,R,P,1998-10-28,Columbus,OH,USA
672695,Geraldo Perdomo,Geraldo,Perdomo,S,SS,1999-10-22,Santo Domingo,,Dominican Republic
664983,Jake McCarthy,Jake,McCarthy,L,LF,1997-07-30,Scranton,PA,USA
592656,Henry Ramos,Henry,Ramos,S,RF,1992-04-15,Maunabo,,Puerto Rico
666213,Colton Welker,Colton,Welker,R,3B,1997-10-09,Coral Springs,FL,USA
453268,Daniel Bard,Daniel,Bard,R,P,1985-06-25,Houston,TX,USA
650668,Humberto Mejía,Humberto,Mejía,R,P,1997-03-03,Panama City,,Panama
623485,Ashton Goudeau,Ashton,Goudeau,R,P,1992-07-23,Newport,AR,USA
657757,Gavin Sheets,Gavin,Sheets,L,1B,1996-04-23,Lutherville,MD,USA
683734,Andrew Vaughn,Andrew,Vaughn,R,1B,1998-04-03,Santa Rosa,CA,USA
668731,Akil Baddoo,Akil,Baddoo,L,LF,1998-08-16,Silver Spring,MD,USA
670097,Zack Short,Zack,Short,R,SS,1995-05-29,Kingston,NY,USA
663837,Matt Vierling,Matt,Vierling,R,CF,1996-09-16,St. Louis,MO,USA
650559,Bryan De La Cruz,Bryan,De La Cruz,R,RF,1996-12-16,Santo Domingo Este,,Dominican Republic
675649,Brian Miller,Brian,Miller,L,OF,1995-08-20,Raleigh,NC,USA
663743,Nick Fortes,Nick,Fortes,R,C,1996-11-11,Miami,FL,USA
605507,Zach Thompson,Zach,Thompson,R,P,1993-10-23,Burleson,TX,USA
663559,Bailey Falter,Bailey,Falter,R,P,1997-04-24,Chino Hills,CA,USA
676694,Jake Meyers,Jake,Meyers,R,CF,1996-06-18,Omaha,NE,USA
676801,Chas McCormick,Chas,McCormick,R,LF,1995-04-19,West Chester,PA,USA
642456,Luis Barrera,Luis,Barrera,L,OF,1995-11-15,Tamboril,,Dominican Republic
664728,Kyle Isbel,Kyle,Isbel,L,CF,1997-03-03,Fontana,CA,USA
624503,Nick Gordon,Nick,Gordon,L,SS,1995-10-24,Avon Park,FL,USA
665861,Sebastián Rivero,Sebastián,Rivero,R,C,1998-11-16,Maracay,,Venezuela
656578,Andre Jackson,Andre,Jackson,R,P,1996-05-01,Vail,AZ,USA
593590,Webster Rivas,Webster,Rivas,R,1B,1990-08-08,Nagua,,Dominican Republic
673490,Ha-Seong Kim,Ha-Seong,Kim,R,SS,1995-10-17,Bucheon,,Republic of Korea
663753,Reiss Knehr,Reiss,Knehr,L,P,1996-11-03,Manhasset,NY,USA
665833,Oneil Cruz,Oneil,Cruz,L,CF,1998-10-04,Nizao,,Dominican Republic
663697,Jonathan India,Jonathan,India,R,2B,1996-12-15,Ft. Lauderdale,FL,USA
670770,TJ Friedl,TJ,Friedl,L,CF,1995-08-14,Sewickley,PA,USA
665665,Reiver Sanmartin,Reiver,Sanmartin,L,P,1996-04-15,Cartagena,,Colombia
677551,Wander Franco,Wander,Franco,S,SS,2001-03-01,Bani,,Dominican Republic
663457,Lars Nootbaar,Lars,Nootbaar,L,LF,1997-09-08,El Segundo,CA,USA
665066,Tyler Payne,Tyler,Payne,R,C,1992-10-25,Hurricane,WV,USA
656364,Greg Deichmann,Greg,Deichmann,L,1B,1995-05-31,Metairie,LA,USA
623508,Trent Giambrone,Trent,Giambrone,R,2B,1993-12-20,Metairie,LA,USA
663765,Jake Woodford,Jake,Woodford,R,P,1996-10-28,St. Petersburg,FL,USA
602080,Erick Castillo,Erick,Castillo,R,C,1993-02-25,Araure,,Venezuela
669016,Brandon Marsh,Brandon,Marsh,L,LF,1997-12-18,Buford,GA,USA
663728,Cal Raleigh,Cal,Raleigh,S,C,1996-11-26,Harrisonburg,VA,USA
672284,Jarred Kelenic,Jarred,Kelenic,L,RF,1999-07-16,Waukesha,WI,USA
670351,Jose Rojas,Jose,Rojas,L,3B,1993-02-24,Anaheim,CA,USA
628451,Andy Ibáñez,Andy,Ibáñez,R,2B,1993-04-03,Havana,,Cuba
660634,Yonny Hernández,Yonny,Hernández,S,SS,1998-05-04,Maturin,,Venezuela
656847,DJ Peters,DJ,Peters,R,P,1995-12-12,Glendora,CA,USA
663527,Tyler Nevin,Tyler,Nevin,R,3B,1997-05-29,Poway,CA,USA
656180,Riley Adams,Riley,Adams,R,C,1996-06-26,Encinitas,CA,USA
672851,Joan Adon,Joan,Adon,R,P,1998-08-12,Santo Domingo,,Dominican Republic
666200,Jesús Luzardo,Jesús,Luzardo,L,P,1997-09-30,Lima,,Peru
668968,Hans Crouse,Hans,Crouse,L,P,1998-09-15,Dana Point,CA,USA
621345,A.J. Minter,A.J.,Minter,L,P,1993-09-02,Tyler,TX,USA
660829,Hoy Park,Hoy,Park,L,SS,1996-04-07,Seoul,,Republic of Korea
668820,Max Kranick,Max,Kranick,R,P,1997-07-21,Scranton,PA,USA
641561,Johneshwy Fargas,Johneshwy,Fargas,R,CF,1994-12-15,Trujillo Alto,,Puerto Rico
676265,Cory Abbott,Cory,Abbott,R,P,1995-09-20,San Diego,CA,USA
663630,Ryan McKenna,Ryan,McKenna,R,CF,1997-02-14,Grants Pass,OR,USA
680686,Josiah Gray,Josiah,Gray,R,P,1997-12-21,New Rochelle,NY,USA
656557,Tanner Houck,Tanner,Houck,R,P,1996-06-29,St. Louis,MO,USA
642350,Jose Siri,Jose,Siri,R,CF,1995-07-22,Sabana Grande de Boya,,Dominican Republic
656731,Tylor Megill,Tylor,Megill,R,P,1995-07-28,Long Beach,CA,USA
660623,Huascar Ynoa,Huascar,Ynoa,R,P,1998-05-28,Puerto Plata,,Dominican Republic
528748,Humberto Castellanos,Humberto,Castellanos,R,P,1998-04-03,Tepatitlan,Jalisco,Mexico
681911,Alex Vesia,Alex,Vesia,L,P,1996-04-11,Alpine,CA,USA
668721,Payton Henry,Payton,Henry,R,C,1997-06-24,American Fork,UT,USA
642028,Josh Rogers,Josh,Rogers,L,P,1994-07-10,New Albany,IN,USA
640444,Wil Crowe,Wil,Crowe,R,P,1994-09-09,Kingston,TN,USA
666120,Ian Anderson,Ian,Anderson,R,P,1998-05-02,Rexford,NY,USA
608349,Corey Knebel,Corey,Knebel,R,P,1991-11-26,Denton,TX,USA
657006,Justin Steele,Justin,Steele,L,P,1995-07-11,Lucedale,MS,USA
680911,Owen Miller,Owen,Miller,R,2B,1996-11-15,Mequon,WI,USA
650347,Luís Madero,Luís,Madero,R,P,1997-04-15,Maracay,,Venezuela
665795,Edward Cabrera,Edward,Cabrera,R,P,1998-04-13,Santiago,,Dominican Republic
677960,Ryan Weathers,Ryan,Weathers,R,P,1999-12-17,Loretto,TN,USA
669432,Trevor Rogers,Trevor,Rogers,L,P,1997-11-13,Carlsbad,NM,USA
641447,Daniel Castano,Daniel,Castano,L,P,1994-09-17,Orlando,FL,USA
672335,Cionel Pérez,Cionel,Pérez,R,P,1996-04-21,Matanzas,,Cuba
664074,Cody Ponce,Cody,Ponce,R,P,1994-04-25,Pomona,CA,USA
543594,Sean Nolin,Sean,Nolin,L,P,1989-12-26,Seaford,NY,USA
624522,Keegan Thompson,Keegan,Thompson,R,P,1995-03-13,Cullman,AL,USA
661269,Vladimir Gutierrez,Vladimir,Gutierrez,R,P,1995-09-18,Havana,,Cuba
663897,Luke Williams,Luke,Williams,R,SS,1996-08-09,Park Ridge,IL,USA
664337,Miguel Yajure,Miguel,Yajure,R,P,1998-05-01,Cabimas,,Venezuela
676391,Ernie Clement,Ernie,Clement,R,2B,1996-03-22,Rochester,NY,USA
656818,Connor Overton,Connor,Overton,L,P,1993-07-24,Richmond,VA,USA
657746,Joe Ryan,Joe,Ryan,R,P,1996-06-05,San Francisco,CA,USA
670042,Luke Raley,Luke,Raley,L,RF,1994-09-19,Hinckley,OH,USA
669211,Keegan Akin,Keegan,Akin,L,P,1995-04-01,Alma,MI,USA
670764,Taylor Walls,Taylor,Walls,S,SS,1996-07-10,Cordele,GA,USA
543056,Danny Coulombe,Danny,Coulombe,L,P,1989-10-26,St. Louis,MO,USA
643377,Griffin Jax,Griffin,Jax,R,P,1994-11-22,Phoenix,AZ,USA
658431,Adonis Medina,Adonis,Medina,R,P,1996-12-18,Santo Domingo Centro,,Dominican Republic
668723,Ryan Vilade,Ryan,Vilade,R,RF,1999-02-18,Grapevine,TX,USA
666163,Ben Rortvedt,Ben,Rortvedt,L,C,1997-09-25,Madison,WI,USA
663853,Romy Gonzalez,Romy,Gonzalez,R,DH,1996-09-06,Miami,FL,USA
663845,Alfonso Rivas III,Alfonso,Rivas III,L,1B,1996-09-13,Chula Vista,CA,USA
641793,Zack Littell,Zack,Littell,R,P,1995-10-05,Burlington,NC,USA
607560,Ryne Harper,Ryne,Harper,R,P,1989-03-27,Nashville,TN,USA
665759,Ramón Rosso,Ramón,Rosso,R,P,1996-06-09,Santo Domingo Centro,,Dominican Republic
622503,Nabil Crismatt,Nabil,Crismatt,R,P,1994-12-25,Barranquilla,,Colombia
650968,Yohel Pozo,Yohel,Pozo,R,C,1997-06-14,Maracaibo,,Venezuela
605346,Jack López,Jack,López,R,2B,1992-12-16,Rio Piedras,,Puerto Rico
669294,Paul Campbell,Paul,Campbell,L,P,1995-07-26,Malden,MA,USA
666179,Seth Beer,Seth,Beer,L,1B,1996-09-18,Maryville,IL,USA
669952,Mitch White,Mitch,White,R,P,1994-12-28,San Jose,CA,USA
657376,Clarke Schmidt,Clarke,Schmidt,R,P,1996-02-20,Acworth,GA,USA
663372,Ryan Feltner,Ryan,Feltner,R,P,1996-09-02,Orlando,FL,USA
664123,Scott Effross,Scott,Effross,R,P,1993-12-28,Twinsburg,OH,USA
670056,Caleb Baragar,Caleb,Baragar,R,P,1994-04-09,Jenison,MI,USA
675656,Kevin Smith,Kevin,Smith,R,SS,1996-07-04,East Greenbush,NY,USA
666159,Matt Manning,Matt,Manning,R,P,1998-01-28,Sacramento,CA,USA
666139,Josh Lowe,Josh,Lowe,L,LF,1998-02-02,Chesapeake,VA,USA
685503,Kohei Arihara,Kohei,Arihara,R,P,1992-08-11,Hiroshima,,Japan
641907,Patrick Murphy,Patrick,Murphy,R,P,1995-06-10,Chandler,AZ,USA
676050,Packy Naughton,Packy,Naughton,R,P,1996-04-16,Boston,MA,USA
623465,Evan Phillips,Evan,Phillips,R,P,1994-09-11,Salisbury,MD,USA
669373,Tarik Skubal,Tarik,Skubal,R,P,1996-11-20,Hayward,CA,USA
677651,Luis Garcia,Luis,Garcia,R,P,1996-12-13,Bolivar,,Venezuela
663554,Casey Mize,Casey,Mize,R,P,1997-05-01,Springville,AL,USA
656457,Tyler Gilbert,Tyler,Gilbert,L,P,1993-12-22,Santa Cruz,CA,USA
656896,Emmanuel Rivera,Emmanuel,Rivera,R,3B,1996-06-29,Mayaguez,,Puerto Rico
664141,JT Brubaker,JT,Brubaker,R,P,1993-11-17,Springfield,OH,USA
656403,Drew Ellis,Drew,Ellis,R,3B,1995-12-01,Louisville,KY,USA
656413,Stuart Fairchild,Stuart,Fairchild,R,CF,1996-03-17,Seattle,WA,USA
664285,Framber Valdez,Framber,Valdez,R,P,1993-11-19,Palenque,,Dominican Republic
656821,Kevin Padlo,Kevin,Padlo,R,3B,1996-07-15,Murrieta,CA,USA
664670,Alejo Lopez,Alejo,Lopez,S,2B,1996-05-05,Mexico City,,Mexico
641302,Tyler Alexander,Tyler,Alexander,R,P,1994-07-14,Chicago,IL,USA
676879,Aaron Ashby,Aaron,Ashby,R,P,1998-05-24,Kansas City,MO,USA
665155,Nick Maton,Nick,Maton,L,SS,1997-02-18,Chatham,IL,USA
680776,Jarren Duran,Jarren,Duran,L,LF,1996-09-05,Corona,CA,USA
676900,Ryan Dorow,Ryan,Dorow,R,SS,1995-08-21,South Haven,MI,USA
656322,Sam Coonrod,Sam,Coonrod,R,P,1992-09-22,St. Louis,MO,USA
613564,Jason Vosler,Jason,Vosler,L,3B,1993-09-06,West Nyack,NY,USA
669674,Sam Long,Sam,Long,L,P,1995-07-08,Fair Oaks,CA,USA
547942,Kwang Hyun Kim,Kwang Hyun,Kim,L,P,1988-07-22,Seoul,,Republic of Korea
642203,Taylor Widener,Taylor,Widener,L,P,1994-10-24,Aiken,SC,USA
641943,Joshua Palacios,Joshua,Palacios,L,CF,1995-07-30,Brooklyn,NY,USA
547176,Daniel Camarena,Daniel,Camarena,L,P,1992-11-09,Bonita,CA,USA
656876,Drew Rasmussen,Drew,Rasmussen,R,P,1995-07-27,Puyallup,WA,USA
676701,Alan Trejo,Alan,Trejo,R,SS,1996-05-30,Los Angeles,CA,USA
660813,Brusdar Graterol,Brusdar,Graterol,R,P,1998-08-26,Calabozo,,Venezuela
607111,Jacob Wilson,Jacob,Wilson,R,2B,1990-07-29,Bartlett,TN,USA
672578,Carlos Hernández,Carlos,Hernández,R,P,1997-03-11,Guayana,,Venezuela
663460,Kris Bubic,Kris,Bubic,L,P,1997-08-19,Cupertino,CA,USA
666801,Rodolfo Castro,Rodolfo,Castro,R,SS,1999-05-21,Los Llanos,,Dominican Republic
606993,Jake Hager,Jake,Hager,R,SS,1993-03-04,Henderson,NV,USA
641394,Jake Brentz,Jake,Brentz,L,P,1994-09-14,Ballwin,MO,USA
663734,Nick Neidert,Nick,Neidert,R,P,1996-11-20,Atlanta,GA,USA
655889,Manuel Rodríguez,Manuel,Rodríguez,R,P,1996-08-06,Merida,-1,Mexico
672640,Otto Lopez,Otto,Lopez,R,SS,1998-10-01,Santo Domingo,,Dominican Republic
666201,Alek Manoah,Alek,Manoah,R,P,1998-01-09,Homestead,FL,USA
666129,Braxton Garrett,Braxton,Garrett,R,P,1997-08-05,Foley,AL,USA
615699,Jacob Robson,Jacob,Robson,L,OF,1994-11-20,London,ON,Canada
670955,Edwin Uceta,Edwin,Uceta,R,P,1998-01-09,Villa Los Almacigos,,Dominican Republic
596082,Jake Reed,Jake,Reed,R,P,1992-09-29,Tucson,AZ,USA
663616,Trevor Larnach,Trevor,Larnach,L,LF,1997-02-26,Walnut Creek,CA,USA
683232,Nick Mears,Nick,Mears,R,P,1996-10-07,Sacramento,CA,USA
596049,Shawn Morimando,Shawn,Morimando,L,P,1992-11-20,Canandaigua,NY,USA
571521,Rex Brothers,Rex,Brothers,L,P,1987-12-18,Unionville,TN,USA
657228,Jake Jewell,Jake,Jewell,R,P,1993-05-16,Norman,OK,USA
623437,Justin Topa,Justin,Topa,R,P,1991-03-07,Binghamton,NY,USA
519326,Hunter Strickland,Hunter,Strickland,R,P,1988-09-24,Thomaston,GA,USA
666205,Kyle Muller,Kyle,Muller,R,P,1997-10-07,Dallas,TX,USA
663799,Curtis Terry,Curtis,Terry,R,1B,1996-10-06,Snellville,GA,USA
621074,Michael Rucker,Michael,Rucker,R,P,1994-04-27,Columbus,MS,USA
657136,Connor Wong,Connor,Wong,R,C,1996-05-19,Houston,TX,USA
677865,Justin Bruihl,Justin,Bruihl,L,P,1997-06-26,Petaluma,CA,USA
453343,Mark Melancon,Mark,Melancon,R,P,1985-03-28,Wheat Ridge,CO,USA
656302,Dylan Cease,Dylan,Cease,R,P,1995-12-28,Milton,GA,USA
672282,Reid Detmers,Reid,Detmers,L,P,1999-07-08,Nokomis,IL,USA
676840,Matt Peacock,Matt,Peacock,R,P,1994-02-27,Saraland,AL,USA
656212,Charlie Barnes,Charlie,Barnes,L,P,1995-10-01,Sumter,SC,USA
670280,David Bednar,David,Bednar,L,P,1994-10-10,Pittsburgh,PA,USA
641360,Phil Bickford,Phil,Bickford,R,P,1995-07-10,Ventura,CA,USA
641927,Bailey Ober,Bailey,Ober,R,P,1995-07-12,Huntersville,NC,USA
621076,James Kaprielian,James,Kaprielian,R,P,1994-03-02,Laguna Hills,CA,USA
621348,Sam Clay,Sam,Clay,L,P,1993-06-21,Knoxville,TN,USA
650828,Edgar Santana,Edgar,Santana,R,P,1991-10-16,Puerto Plata,,Dominican Republic
660546,Yennsy Díaz,Yennsy,Díaz,R,P,1996-11-15,Azua,,Dominican Republic
665482,Gilberto Celestino,Gilberto,Celestino,R,CF,1999-02-13,Santo Domingo,,Dominican Republic
663574,Tony Santillan,Tony,Santillan,R,P,1997-04-15,Fort Worth,TX,USA
675921,Spencer Howard,Spencer,Howard,R,P,1996-07-28,San Luis Obispo,CA,USA
670912,Johan Oviedo,Johan,Oviedo,R,P,1998-03-02,Havana,,Cuba
656629,Michael Kopech,Michael,Kopech,R,P,1996-04-30,Longview,TX,USA
669394,Jake Burger,Jake,Burger,R,1B,1996-04-10,St. Louis,MO,USA
656467,Chris Gittens,Chris,Gittens,R,1B,1994-02-04,Sherman,TX,USA
656548,Jordan Holloway,Jordan,Holloway,R,P,1996-06-13,Arvada,CO,USA
660644,Vidal Bruján,Vidal,Bruján,S,SS,1998-02-09,San Pedro de Macoris,,Dominican Republic
676646,Zach Reks,Zach,Reks,L,OF,1993-11-12,Chicago,IL,USA
670766,Darren McCaughan,Darren,McCaughan,R,P,1996-03-18,Long Beach,CA,USA
605504,Dillon Thomas,Dillon,Thomas,L,LF,1992-12-10,Houston,TX,USA
668665,Stephen Nogosek,Stephen,Nogosek,R,P,1995-01-11,Roseville,CA,USA
476594,Robert Stock,Robert,Stock,L,P,1989-11-21,Bellevue,WA,USA
666135,Alex Kirilloff,Alex,Kirilloff,L,RF,1997-11-09,Pittsburgh,PA,USA
608328,Chase De Jong,Chase,De Jong,L,P,1993-12-29,Long Beach,CA,USA
664011,Trey Amburgey,Trey,Amburgey,R,LF,1994-10-24,Lake Worth,FL,USA
622098,Drew Smith,Drew,Smith,R,P,1993-09-24,Fort Worth,TX,USA
676596,Josh Fleming,Josh,Fleming,L,P,1996-05-18,Bridgeton,MO,USA
656883,Jakson Reetz,Jakson,Reetz,R,C,1996-01-03,Hickman,NE,USA
669622,Anthony Bender,Anthony,Bender,R,P,1995-02-03,Petaluma,CA,USA
664076,Garrett Cleavinger,Garrett,Cleavinger,R,P,1994-04-23,Lawrence,KS,USA
607188,Jake Faria,Jake,Faria,R,P,1993-07-30,La Palma,CA,USA
666211,Taylor Trammell,Taylor,Trammell,L,CF,1997-09-13,Powder Springs,GA,USA
663399,Brandon Waddell,Brandon,Waddell,L,P,1994-06-03,Houston,TX,USA
656494,Taylor Gushue,Taylor,Gushue,S,C,1993-12-19,Boca Raton,FL,USA
664789,Ka'ai Tom,Ka'ai,Tom,L,LF,1994-05-29,Honolulu,HI,USA
667376,Miguel Sánchez,Miguel,Sánchez,R,P,1993-12-31,Bonao,,Dominican Republic
663378,Thomas Szapucki,Thomas,Szapucki,R,P,1996-06-12,Toms River,NJ,USA
656849,David Peterson,David,Peterson,L,P,1995-09-03,Denver,CO,USA
642092,Riley Smith,Riley,Smith,R,P,1995-01-15,Lufkin,TX,USA
606336,Luis Marté,Luis,Marté,R,SS,1993-12-15,San Francisco de Macoris,,Dominican Republic
667297,Tommy Nance,Tommy,Nance,R,P,1991-03-19,Long Beach,CA,USA
669212,Eli Morgan,Eli,Morgan,R,P,1996-05-13,Rancho Palos Verdes,CA,USA
656686,Corbin Martin,Corbin,Martin,R,P,1995-12-28,Hempstead,TX,USA
656529,Sam Hentges,Sam,Hentges,L,P,1996-07-18,Shoreview,MN,USA
647315,Zach Pop,Zach,Pop,R,P,1996-09-20,Brampton,ON,Canada
595928,John Curtiss,John,Curtiss,R,P,1993-04-05,Dallas,TX,USA
547001,Cody Poteet,Cody,Poteet,R,P,1994-07-30,San Diego,CA,USA
650496,J.C. Mejía,J.C.,Mejía,R,P,1996-08-26,Gaspar Hernandez,,Dominican Republic
608422,José Godoy,José,Godoy,L,C,1994-10-13,Maracaibo,,Venezuela
676477,Garrett Whitlock,Garrett,Whitlock,R,P,1996-06-11,Snellville,GA,USA
672701,José Devers,José,Devers,L,SS,1999-12-07,Samana,,Dominican Republic
667463,John King,John,King,L,P,1994-09-14,Laredo,TX,USA
641540,Dane Dunning,Dane,Dunning,R,P,1994-12-20,Orange Park,FL,USA
641482,Nestor Cortes,Nestor,Cortes,R,P,1994-12-10,Surgidero de Batabano,,Cuba
622250,Josh Sborz,Josh,Sborz,R,P,1993-12-17,Washington,DC,USA
640464,Kohl Stewart,Kohl,Stewart,R,P,1994-10-07,Houston,TX,USA
656353,Tucker Davidson,Tucker,Davidson,L,P,1996-03-25,Amarillo,TX,USA
664731,P.J. Higgins,P.J.,Higgins,R,C,1993-05-10,Bridgeport,CT,USA
672779,Tucupita Marcano,Tucupita,Marcano,L,SS,1999-09-16,Tucupita,,Venezuela
676220,Seth Elledge,Seth,Elledge,R,P,1996-05-20,Dallas,TX,USA
658551,Junior Fernández,Junior,Fernández,R,P,1997-03-02,Santo Domingo Centro,,Dominican Republic
518858,Nate Jones,Nate,Jones,R,P,1986-01-28,Butler,KY,USA
665621,Rony García,Rony,García,R,P,1997-12-19,Mao,,Dominican Republic
666137,Khalil Lee,Khalil,Lee,L,CF,1998-06-26,Newark,DE,USA
571676,Seth Frankoff,Seth,Frankoff,R,P,1988-08-27,Raleigh,NC,USA
572125,Sam Selman,Sam,Selman,R,P,1990-11-14,Austin,TX,USA
518886,Craig Kimbrel,Craig,Kimbrel,R,P,1988-05-28,Huntsville,AL,USA
669145,Bruce Zimmermann,Bruce,Zimmermann,L,P,1995-02-09,Baltimore,MD,USA
622088,Tejay Antone,Tejay,Antone,R,P,1993-12-05,Oklahoma City,OK,USA
641682,Ryan Hendrix,Ryan,Hendrix,R,P,1994-12-16,Lufkin,TX,USA
657011,Troy Stokes Jr.,Troy,Stokes Jr.,R,LF,1996-02-02,Columbia,MD,USA
622668,Ivan Castillo,Ivan,Castillo,S,2B,1995-05-30,Santiago,,Dominican Republic
542947,Richard Bleier,Richard,Bleier,L,P,1987-04-16,Miami Beach,FL,USA
670462,Hunter Owen,Hunter,Owen,R,LF,1993-09-22,Evansville,IN,USA
453527,Sean Kazmar Jr.,Sean,Kazmar Jr.,R,SS,1984-08-05,Valdosta,GA,USA
624418,Ryan Castellani,Ryan,Castellani,R,P,1996-04-01,Philadelphia,PA,USA
614179,José Ruiz,José,Ruiz,R,P,1994-10-21,Guacara,,Venezuela
676424,Alec Bettinger,Alec,Bettinger,R,P,1995-07-13,Alexandria,VA,USA
666128,Mario Feliciano,Mario,Feliciano,R,C,1998-11-20,Bayamon,,Puerto Rico
676604,Tyler Zuber,Tyler,Zuber,R,P,1995-06-16,White Hall,AR,USA
664092,Sean Poppen,Sean,Poppen,R,P,1994-03-15,Virginia Beach,VA,USA
656568,Scott Hurst,Scott,Hurst,L,OF,1996-03-25,Glendora,CA,USA
641999,Corey Ray,Corey,Ray,L,CF,1994-09-22,Chicago,IL,USA
669008,Ronnie Dawson,Ronnie,Dawson,L,LF,1995-05-19,Grove City,OH,USA
621008,Alex De Goti,Alex,De Goti,R,SS,1994-08-19,Miami,FL,USA
663474,Triston McKenzie,Triston,McKenzie,R,P,1997-08-02,Brooklyn,NY,USA
518617,Jake Diekman,Jake,Diekman,R,P,1987-01-21,Wymore,NE,USA
680963,Cody Wilson,Cody,Wilson,R,OF,1996-07-04,West Palm Beach,FL,USA
679631,Terrin Vavra,Terrin,Vavra,L,2B,1997-05-12,Menomonie,WI,USA
683002,Gunnar Henderson,Gunnar,Henderson,L,SS,2001-06-29,Montgomery,AL,USA
668939,Adley Rutschman,Adley,Rutschman,S,C,1998-02-06,Portland,OR,USA
672515,Gabriel Moreno,Gabriel,Moreno,R,C,2000-02-14,Barquisimeto,,Venezuela
671213,Triston Casas,Triston,Casas,L,1B,2000-01-15,Miami,FL,USA
666018,Jonathan Aranda,Jonathan,Aranda,L,1B,1998-05-23,Tijuana,BC,Mexico
650907,René Pinto,René,Pinto,R,C,1996-11-02,Maracay,,Venezuela
669065,Kyle Stowers,Kyle,Stowers,L,1B,1998-01-02,El Cajon,CA,USA
666624,Christopher Morel,Christopher,Morel,R,1B,1999-06-24,Santiago,,Dominican Republic
606019,Esteban Quiroz,Esteban,Quiroz,L,3B,1992-02-17,Ciudad Obregon,,Mexico
676369,Nelson Velázquez,Nelson,Velázquez,R,LF,1998-12-26,Carolina,,Puerto Rico
672279,Michael Siani,Michael,Siani,L,CF,1999-07-16,Glenside,PA,USA
668715,Spencer Steer,Spencer,Steer,R,1B,1997-12-07,Long Beach,CA,USA
673548,Seiya Suzuki,Seiya,Suzuki,R,RF,1994-08-18,Arakawa,,Japan
671221,Drew Waters,Drew,Waters,S,LF,1998-12-30,Atlanta,GA,USA
686681,Michael Massey,Michael,Massey,L,2B,1998-03-22,Palos Park,IL,USA
686823,Will Brennan,Will,Brennan,L,LF,1998-02-02,Colorado Springs,CO,USA
660757,Oscar Gonzalez,Oscar,Gonzalez,R,RF,1998-01-10,Sabana Grande de Palenque,,Dominican Republic
686469,Vinnie Pasquantino,Vinnie,Pasquantino,L,1B,1997-10-10,Richmond,VA,USA
677951,Bobby Witt Jr.,Bobby,Witt Jr.,R,SS,2000-06-14,Colleyville,TX,USA
669004,MJ Melendez,MJ,Melendez,L,DH,1998-11-29,Daytona Beach,FL,USA
680757,Steven Kwan,Steven,Kwan,L,LF,1997-09-05,Los Gatos,CA,USA
681987,Nate Eaton,Nate,Eaton,R,OF,1996-12-22,Chester,VA,USA
681082,Bryson Stott,Bryson,Stott,L,2B,1997-10-06,Las Vegas,NV,USA
682073,David Hensley,David,Hensley,R,OF,1996-03-28,San Diego,CA,USA
669742,Darick Hall,Darick,Hall,L,1B,1995-07-25,Hereford,AZ,USA
656495,Dalton Guthrie,Dalton,Guthrie,R,LF,1995-12-23,Sarasota,FL,USA
669911,Michael Toglia,Michael,Toglia,S,1B,1998-08-16,Phoenix,AZ,USA
660707,Elehuris Montero,Elehuris,Montero,R,1B,1998-08-17,Santo Domingo Centro,,Dominican Republic
656248,Sean Bouchard,Sean,Bouchard,R,RF,1996-05-16,San Diego,CA,USA
661531,Brian Serven,Brian,Serven,R,C,1995-05-05,Palm Desert,CA,USA
678662,Ezequiel Tovar,Ezequiel,Tovar,R,SS,2001-08-01,Maracay,,Venezuela
678246,Miguel Vargas,Miguel,Vargas,R,3B,1999-11-17,Havana,,Cuba
669743,Alex Call,Alex,Call,R,LF,1994-09-27,Burnsville,MN,USA
668901,Mark Vientos,Mark,Vientos,R,1B,1999-12-11,Norwalk,CT,USA
608841,Joey Meneses,Joey,Meneses,R,1B,1992-05-06,Culiacan,,Mexico
672832,Israel Pineda,Israel,Pineda,R,C,2000-04-03,Maracay,,Venezuela
682626,Francisco Alvarez,Francisco,Alvarez,R,C,2001-11-19,Guatire,,Venezuela
669127,Shea Langeliers,Shea,Langeliers,R,C,1997-11-18,Portland,OR,USA
681351,Logan O'Hoppe,Logan,O'Hoppe,R,C,2000-02-09,West Islip,NY,USA
669397,Nick Allen,Nick,Allen,R,SS,1998-10-08,San Diego,CA,USA
660650,Dérmis Garcia,Dérmis,Garcia,R,3B,1998-01-07,Santo Domingo,,Dominican Republic
668843,Conner Capel,Conner,Capel,L,LF,1997-05-19,Katy,TX,USA
670869,Livan Soto,Livan,Soto,L,SS,2000-06-22,Valencia,,Venezuela
672478,Jordan Diaz,Jordan,Diaz,R,2B,2000-08-13,Monteria,,Colombia
668751,Cal Mitchell,Cal,Mitchell,L,LF,1999-03-08,San Diego,CA,USA
669261,Jack Suwinski,Jack,Suwinski,L,CF,1998-07-29,Chicago,IL,USA
660636,Diego Castillo,Diego,Castillo,R,SS,1997-10-28,Barquisimeto,,Venezuela
676475,Alec Burleson,Alec,Burleson,L,1B,1998-11-25,Charlotte,NC,USA
660766,Juan Yepez,Juan,Yepez,R,1B,1998-02-19,Caracas,,Venezuela
641512,Ben DeLuzio,Ben,DeLuzio,R,CF,1994-08-09,St. Louis,MO,USA
678225,Jihwan Bae,Jihwan,Bae,L,CF,1999-07-26,Daegu,,Republic of Korea
641511,Jason Delay,Jason,Delay,R,C,1995-03-07,Plano,TX,USA
640492,José Azócar,José,Azócar,R,RF,1996-05-11,Guiria,,Venezuela
665154,Ford Proctor,Ford,Proctor,L,SS,1996-12-04,Beaumont,TX,USA
681584,David Villar,David,Villar,R,1B,1997-01-27,Atlanta,GA,USA
668952,Ryan Kreidler,Ryan,Kreidler,R,SS,1997-11-12,Davis,CA,USA
663478,Brendon Davis,Brendon,Davis,R,SS,1997-07-28,Lakewood,CA,USA
679529,Spencer Torkelson,Spencer,Torkelson,R,1B,1999-08-26,Petaluma,CA,USA
682985,Riley Greene,Riley,Greene,L,LF,2000-09-28,Orlando,FL,USA
665019,Kody Clemens,Kody,Clemens,L,1B,1996-05-15,Houston,TX,USA
677594,Julio Rodríguez,Julio,Rodríguez,R,CF,2000-12-29,Loma de Cabrera,,Dominican Republic
672724,Oswald Peraza,Oswald,Peraza,R,2B,2000-06-15,Barquisimeto,,Venezuela
669701,Josh Smith,Josh,Smith,L,2B,1997-08-07,Baton Rouge,LA,USA
673962,Josh Jung,Josh,Jung,R,3B,1998-02-12,San Antonio,TX,USA
665828,Oswaldo Cabrera,Oswaldo,Cabrera,S,3B,1999-03-01,Guarenas,,Venezuela
669352,Bubba Thompson,Bubba,Thompson,R,OF,1998-06-09,Mobile,AL,USA
656024,Carlos Pérez,Carlos,Pérez,R,C,1996-09-10,Valencia,,Venezuela
643348,Caleb Hamilton,Caleb,Hamilton,R,CF,1995-02-05,Woodinville,WA,USA
650339,Jermaine Palacios,Jermaine,Palacios,R,SS,1996-07-19,Barquisimeto,,Venezuela
670242,Matt Wallner,Matt,Wallner,L,RF,1997-12-12,Forest Lake,MN,USA
687093,Vaughn Grissom,Vaughn,Grissom,R,2B,2001-01-05,Orlando,FL,USA
668709,JJ Bleday,JJ,Bleday,L,LF,1997-11-10,Danville,PA,USA
680814,Peyton Burdick,Peyton,Burdick,R,CF,1997-02-26,Batavia,OH,USA
677954,Jordan Groshans,Jordan,Groshans,R,SS,1999-11-10,Magnolia,TX,USA
641779,Charles Leblanc,Charles,Leblanc,R,SS,1996-06-03,Laval,QC,Canada
669003,Garrett Mitchell,Garrett,Mitchell,L,CF,1998-09-04,Orange,CA,USA
682998,Corbin Carroll,Corbin,Carroll,L,RF,2000-08-21,Seattle,WA,USA
642020,Chuckie Robinson,Chuckie,Robinson,R,C,1994-12-14,Danville,IL,USA
672356,Gabriel Arias,Gabriel,Arias,R,3B,2000-02-27,La Victoria,,Venezuela
665161,Jeremy Peña,Jeremy,Peña,R,SS,1997-09-22,Santo Domingo,,Dominican Republic
670148,Nate Mondou,Nate,Mondou,L,2B,1995-03-24,Lake Tapps,WA,USA
680977,Brendan Donovan,Brendan,Donovan,L,3B,1997-01-16,Wurzberg,,Germany
669369,Bryce Johnson,Bryce,Johnson,S,RF,1995-10-27,Cypress,TX,USA
669304,Jose F Miranda,Jose F,Miranda,R,3B,1998-06-29,Manati,,Puerto Rico
671739,Michael Harris II,Michael,Harris II,L,CF,2001-03-07,DeKalb,GA,USA
656448,Stone Garrett,Stone,Garrett,R,CF,1995-11-22,Sugar Land,TX,USA
682928,CJ Abrams,CJ,Abrams,L,SS,2000-10-03,Alpharetta,GA,USA
666310,Bo Naylor,Bo,Naylor,L,C,2000-02-21,Mississauga,ON,Canada
681146,Jonah Bride,Jonah,Bride,R,3B,1995-12-27,Owasso,OK,USA
676628,Mark Contreras,Mark,Contreras,L,OF,1995-01-24,Moreno Valley,CA,USA
669450,Cooper Hummel,Cooper,Hummel,S,LF,1994-11-28,Portland,OR,USA
666181,Will Benson,Will,Benson,L,RF,1998-06-16,Atlanta,GA,USA
670156,Miles Mastrobuoni,Miles,Mastrobuoni,L,3B,1995-10-31,San Ramon,CA,USA
657247,Brian O'Keefe,Brian,O'Keefe,R,C,1993-07-15,Albany,NY,USA
683021,Michael Stefanic,Michael,Stefanic,R,2B,1996-02-24,Boise,ID,USA
671083,Buddy Kennedy,Buddy,Kennedy,R,3B,1998-10-05,Millville,NJ,USA
671289,Tyler Freeman,Tyler,Freeman,R,RF,1999-05-21,Rancho Cucamonga,CA,USA
673237,Yainer Diaz,Yainer,Diaz,R,C,1998-09-21,Azua,,Dominican Republic
681481,Kerry Carpenter,Kerry,Carpenter,L,RF,1997-09-02,Eustis,FL,USA
677950,Alek Thomas,Alek,Thomas,L,CF,2000-04-28,Chicago,IL,USA
666464,Jerar Encarnacion,Jerar,Encarnacion,R,RF,1997-10-22,Bayaguana,,Dominican Republic
676724,Jared Young,Jared,Young,L,1B,1995-07-09,Prince George,BC,Canada
664848,Donny Sands,Donny,Sands,R,C,1996-05-16,Tucson,AZ,USA
680700,Richie Palacios,Richie,Palacios,L,2B,1997-05-16,Brooklyn,NY,USA
671218,Heliot Ramos,Heliot,Ramos,R,LF,1999-09-07,Humacao,,Puerto Rico
669357,Nolan Gorman,Nolan,Gorman,L,3B,2000-05-10,Phoenix,AZ,USA
642451,Luis Liberato,Luis,Liberato,L,OF,1995-12-18,La Canela,,Dominican Republic
642137,Cody Thomas,Cody,Thomas,L,CF,1994-10-08,Colleyville,TX,USA
668472,Nick Pratto,Nick,Pratto,L,1B,1998-10-06,Huntington Beach,CA,USA
666703,Eguy Rosario,Eguy,Rosario,R,3B,1999-08-25,Juan Baron,,Dominican Republic
656695,J.J. Matijevic,J.J.,Matijevic,L,1B,1995-11-14,Latrobe,PA,USA
677649,Ezequiel Duran,Ezequiel,Duran,R,SS,1999-05-22,San Juan de la Maguana,,Dominican Republic
623507,Josh Lester,Josh,Lester,L,1B,1994-07-17,Columbus,GA,USA
666922,Ryan Aguilar,Ryan,Aguilar,L,RF,1994-09-11,Yorba Linda,CA,USA
670276,Cal Stevenson,Cal,Stevenson,L,OF,1996-09-12,Fremont,CA,USA
665923,Esteury Ruiz,Esteury,Ruiz,R,RF,1999-02-15,Azua,,Dominican Republic
683146,Brett Baty,Brett,Baty,L,3B,1999-11-13,Austin,TX,USA
676632,Bligh Madris,Bligh,Madris,L,OF,1996-02-29,Las Vegas,NV,USA
592144,Wynton Bernard,Wynton,Bernard,R,CF,1990-09-24,San Diego,CA,USA
676950,David MacKinnon,David,MacKinnon,R,1B,1994-12-15,Easton,MA,USA
657709,Michael Papierski,Michael,Papierski,S,C,1996-02-26,Palos Heights,IL,USA
666134,Nolan Jones,Nolan,Jones,L,RF,1998-05-07,Langhorne,PA,USA
672820,Lenyn Sosa,Lenyn,Sosa,R,2B,2000-01-25,Puerto Ordaz,,Venezuela
672580,Maikel Garcia,Maikel,Garcia,R,3B,2000-03-03,La Sabana,,Venezuela
609274,Elier Hernandez,Elier,Hernandez,R,RF,1994-11-21,San Cristobal,,Dominican Republic
676946,Matthew Batten,Matthew,Batten,R,2B,1995-06-22,Shelton,CT,USA
645444,Jose Herrera,Jose,Herrera,S,C,1997-02-24,San Carlos,,Venezuela
681546,James Outman,James,Outman,L,CF,1997-05-14,Redwood City,CA,USA
666783,Yusniel Díaz,Yusniel,Díaz,R,CF,1996-10-07,Havana,,Cuba
656627,Mark Kolozsvary,Mark,Kolozsvary,R,C,1995-09-04,Eustis,FL,USA
686676,Korey Lee,Korey,Lee,R,C,1998-07-25,Escondido,CA,USA
677223,Jack Larsen,Jack,Larsen,L,OF,1995-01-13,Newport Beach,CA,USA
669023,Jeter Downs,Jeter,Downs,R,SS,1998-07-27,San Andres,,Colombia
676551,Brewer Hicklen,Brewer,Hicklen,R,RF,1996-02-09,Huntsville,AL,USA
666023,Freddy Fermin,Freddy,Fermin,R,C,1995-05-16,Puerto Ordaz,,Venezuela
657129,Marcus Wilson,Marcus,Wilson,R,CF,1996-08-15,Los Angeles,CA,USA
643271,Narciso Crook,Narciso,Crook,R,OF,1995-07-12,Nagua,,Dominican Republic
671056,Iván Herrera,Iván,Herrera,R,DH,2000-06-01,Panama City,,Panama
608360,Chris Okey,Chris,Okey,R,C,1994-12-29,Altamonte Springs,FL,USA
502085,David Robertson,David,Robertson,R,P,1985-04-09,Birmingham,AL,USA
663911,Nick Plummer,Nick,Plummer,L,CF,1996-07-31,Lathrup Village,MI,USA
678894,Liover Peguero,Liover,Peguero,R,SS,2000-12-31,Higuey,,Dominican Republic
621237,José Alvarado,José,Alvarado,L,P,1995-05-21,Maracaibo,,Venezuela
675986,Canaan Smith-Njigba,Canaan,Smith-Njigba,L,CF,1999-04-30,Dallas,TX,USA
680552,Travis Swaggerty,Travis,Swaggerty,L,OF,1997-08-19,Covington,LA,USA
667727,Steele Walker,Steele,Walker,L,OF,1996-07-30,Prosper,TX,USA
668904,Royce Lewis,Royce,Lewis,R,1B,1999-06-05,Aliso Viejo,CA,USA
680118,Dairon Blanco,Dairon,Blanco,R,CF,1993-04-26,Florida,,Cuba
656388,Joe Dunand,Joe,Dunand,R,SS,1995-09-20,Miami,FL,USA
676625,Rylan Bannon,Rylan,Bannon,R,3B,1996-04-22,Joliet,IL,USA
681962,Vinny Capra,Vinny,Capra,R,3B,1996-07-07,Melbourne,FL,USA
670298,Kramer Robertson,Kramer,Robertson,R,2B,1994-09-20,Waco,TX,USA
665650,Lucius Fox,Lucius,Fox,S,SS,1997-07-02,Nassau,,Bahamas
607249,Jason Krizan,Jason,Krizan,L,LF,1989-06-28,Austin,TX,USA
641741,Gosuke Katoh,Gosuke,Katoh,L,2B,1994-10-08,Poway,CA,USA
547173,Christian Lopes,Christian,Lopes,R,2B,1992-10-01,Huntington Beach,CA,USA
676782,Mickey McDonald,Mickey,McDonald,L,CF,1995-06-02,San Mateo,CA,USA
681526,Bryan Lavastida,Bryan,Lavastida,R,C,1998-11-27,Hialeah,FL,USA
665922,Símon Muzziotti,Símon,Muzziotti,L,CF,1998-12-27,Cumana,,Venezuela
669309,Joe Perez,Joe,Perez,R,3B,1999-08-12,Pembroke Pines,FL,USA
677008,Heston Kjerstad,Heston,Kjerstad,L,LF,1999-02-12,Amarillo,TX,USA
678882,Ceddanne Rafaela,Ceddanne,Rafaela,R,CF,2000-09-18,Willemstad,,Curacao
676059,Jordan Westburg,Jordan,Westburg,R,3B,1999-02-18,New Braunfels,TX,USA
665839,Enmanuel Valdez,Enmanuel,Valdez,L,1B,1998-12-28,San Juan de la Maguana,,Dominican Republic
677800,Wilyer Abreu,Wilyer,Abreu,L,RF,1999-06-24,Maracaibo,,Venezuela
807799,Masataka Yoshida,Masataka,Yoshida,L,DH,1993-07-15,Fukui,,Japan
680869,Zack Gelof,Zack,Gelof,R,3B,1999-10-19,Rehoboth Beach,DE,USA
691016,Tyler Soderstrom,Tyler,Soderstrom,L,LF,2001-11-24,Turlock,CA,USA
687263,Zach Neto,Zach,Neto,R,SS,2001-01-31,Miami,FL,USA
671732,Lawrence Butler,Lawrence,Butler,L,RF,2000-07-10,Burlington,NJ,USA
676116,Ryan Noda,Ryan,Noda,L,1B,1996-03-30,Volo,IL,USA
672744,Alexander Canario,Alexander,Canario,R,LF,2000-05-07,Montecristi,,Dominican Republic
691718,Pete Crow-Armstrong,Pete,Crow-Armstrong,L,CF,2002-03-25,Sherman Oaks,CA,USA
655316,Andruw Monasterio,Andruw,Monasterio,R,SS,1997-05-30,Caracas,,Venezuela
686217,Sal Frelick,Sal,Frelick,L,RF,2000-04-19,Boston,MA,USA
663368,Blake Perkins,Blake,Perkins,S,CF,1996-09-10,Litchfield Park,AZ,USA
665804,Miguel Amaya,Miguel,Amaya,R,C,1999-03-09,Herrera,,Panama
668930,Brice Turang,Brice,Turang,L,2B,1999-11-21,Corona,CA,USA
666149,Tyler Fitzgerald,Tyler,Fitzgerald,R,2B,1997-09-15,Springfield,IL,USA
669477,Casey Schmitt,Casey,Schmitt,R,LF,1999-03-01,San Diego,CA,USA
666165,Blake Sabol,Blake,Sabol,L,C,1998-01-07,Aliso Viejo,CA,USA
669364,Xavier Edwards,Xavier,Edwards,S,2B,1999-08-09,Mineola,NY,USA
693304,Nick Gonzales,Nick,Gonzales,R,3B,1999-05-27,Tucson,AZ,USA
680779,Henry Davis,Henry,Davis,R,C,1999-09-21,Bedford,NY,USA
669707,Jared Triolo,Jared,Triolo,R,SS,1998-02-08,Nashua,NH,USA
677587,Brayan Rocchio,Brayan,Rocchio,S,SS,2001-01-13,Caracas,,Venezuela
678009,Parker Meadows,Parker,Meadows,L,CF,1999-11-02,Atlanta,GA,USA
677588,José Tena,José,Tena,L,DH,2001-03-20,San Cristobal,,Dominican Republic
694497,Evan Carter,Evan,Carter,L,CF,2002-08-29,Elizabethton,TN,USA
676609,José Caballero,José,Caballero,R,SS,1996-08-30,Las Tablas,,Panama
686527,Dominic Canzone,Dominic,Canzone,L,DH,1997-08-16,Cleveland,OH,USA
686668,Brenton Doyle,Brenton,Doyle,R,CF,1998-05-14,Warrenton,VA,USA
666397,Edouard Julien,Edouard,Julien,L,2B,1999-04-30,Quebec City,QC,Canada
572138,Jon Singleton,Jon,Singleton,L,1B,1991-09-18,Harbor City,CA,USA
691783,Jordan Lawlar,Jordan,Lawlar,R,LF,2002-07-17,Carrollton,TX,USA
666197,Grae Kessinger,Grae,Kessinger,R,3B,1997-08-25,Oxford,MS,USA
686490,Cam Eden,Cam,Eden,R,CF,1998-03-31,Yuba City,CA,USA
678545,Osleivis Basabe,Osleivis,Basabe,R,2B,2000-09-13,Bobures,,Venezuela
691406,Junior Caminero,Junior,Caminero,R,3B,2003-07-05,Santo Domingo,,Dominican Republic
676914,Davis Schneider,Davis,Schneider,R,LF,1999-01-26,Berlin,NJ,USA
678554,Curtis Mead,Curtis,Mead,R,3B,2000-10-26,Adelaide,,Australia
621545,Zach Remillard,Zach,Remillard,R,2B,1994-02-21,Cohoes,NY,USA
664954,Brett Sullivan,Brett,Sullivan,L,C,1994-02-22,Stockton,CA,USA
677595,Ronny Mauricio,Ronny,Mauricio,S,SS,2001-04-04,San Pedro de Macoris,,Dominican Republic
642215,Weston Wilson,Weston,Wilson,R,3B,1994-09-11,High Point,NC,USA
679032,Johan Rojas,Johan,Rojas,R,CF,2000-08-14,San Francisco de Macoris,,Dominican Republic
696285,Jacob Young,Jacob,Young,R,CF,1999-07-27,Ponte Vedra,FL,USA
686452,Drew Millas,Drew,Millas,S,C,1998-01-15,St. Louis,MO,USA
682622,Noelvi Marte,Noelvi,Marte,R,RF,2001-10-16,Cotui,,Dominican Republic
687952,Christian Encarnacion-Strand,Christian,Encarnacion-Strand,R,3B,1999-12-01,Walnut Creek,CA,USA
676761,Irving Lopez,Irving,Lopez,L,2B,1995-06-30,Hermosillo,Sonora,Mexico
682829,Elly De La Cruz,Elly,De La Cruz,S,SS,2002-01-11,Sabana Grande de Boya,,Dominican Republic
663609,Luken Baker,Luken,Baker,R,1B,1997-03-10,Houston,TX,USA
691023,Jordan Walker,Jordan,Walker,R,RF,2002-05-22,Stone Mountain,GA,USA
691026,Masyn Winn,Masyn,Winn,R,SS,2002-03-21,Katy,TX,USA
665877,José Fermín,José,Fermín,R,LF,1999-03-29,Puerto Plata,,Dominican Republic
677592,Everson Pereira,Everson,Pereira,R,RF,2001-04-10,Cabudare,,Venezuela
669224,Austin Wells,Austin,Wells,L,C,1999-07-12,Scottsdale,AZ,USA
683011,Anthony Volpe,Anthony,Volpe,R,SS,2001-04-28,New York,NY,USA
682641,Luis Matos,Luis,Matos,R,RF,2002-01-28,Valera,,Venezuela
672275,Patrick Bailey,Patrick,Bailey,S,C,1999-05-29,Greensboro,NC,USA
682617,Marco Luciano,Marco,Luciano,R,SS,2001-09-10,San Francisco de Macoris,,Dominican Republic
682848,Endy Rodríguez,Endy,Rodríguez,S,C,2000-05-26,Santiago,,Dominican Republic
682515,Logan Porter,Logan,Porter,R,C,1995-07-12,Phoenix,AZ,USA
676882,Chandler Seagle,Chandler,Seagle,R,C,1996-05-23,New Bern,NC,USA
694384,Nolan Schanuel,Nolan,Schanuel,L,1B,2002-02-14,Boca Raton,FL,USA
666906,Jake Alu,Jake,Alu,L,3B,1997-04-06,Hamilton,NJ,USA
696100,Hunter Goodman,Hunter,Goodman,R,C,1999-10-08,Arlington,TN,USA
657088,Forrest Wall,Forrest,Wall,L,LF,1995-11-20,Winter Park,FL,USA
679845,Nick Loftin,Nick,Loftin,R,3B,1998-09-25,Corpus Christi,TX,USA
686531,Andre Lipcius,Andre,Lipcius,R,2B,1998-05-22,Annapolis,MD,USA
681807,David Fry,David,Fry,R,RF,1995-11-20,Colleyville,TX,USA
675961,Alika Williams,Alika,Williams,R,SS,1999-03-12,San Diego,CA,USA
680418,Tyler Cropley,Tyler,Cropley,R,C,1995-12-10,Sioux City,IA,USA
687462,Spencer Horwitz,Spencer,Horwitz,L,1B,1997-11-14,Timonium,MD,USA
666164,Blake Rutherford,Blake,Rutherford,L,LF,1997-05-02,Simi Valley,CA,USA
656484,Tristan Gray,Tristan,Gray,L,SS,1996-03-22,Houston,TX,USA
680716,Jonathan Ornelas,Jonathan,Ornelas,R,SS,2000-05-26,Glendale,AZ,USA
677347,Kyren Paris,Kyren,Paris,R,2B,2001-11-11,Oakley,CA,USA
677941,Jordyn Adams,Jordyn,Adams,R,CF,1999-10-18,Gulfport,MS,USA
686894,Joey Wiemer,Joey,Wiemer,R,RF,1999-02-11,Sylvania,OH,USA
667472,Dane Myers,Dane,Myers,R,CF,1996-03-08,Columbus,TX,USA
664770,Nathan Lukes,Nathan,Lukes,L,RF,1994-07-12,Sacramento,CA,USA
693049,Oscar Colás,Oscar,Colás,L,RF,1998-09-17,Havana,,Cuba
691176,Jasson Domínguez,Jasson,Domínguez,S,RF,2003-02-07,Esperanza,,Dominican Republic
663550,Trey Cabbage,Trey,Cabbage,L,3B,1997-05-03,Knoxville,TN,USA
683737,Michael Busch,Michael,Busch,L,1B,1997-11-09,Inver Grove Heights,MN,USA
685133,Wade Meckler,Wade,Meckler,L,LF,2000-04-21,Anaheim,CA,USA
679881,J.P. Martínez,J.P.,Martínez,L,RF,1996-03-21,Baracoa,,Cuba
687799,Cade Marlowe,Cade,Marlowe,L,OF,1997-06-24,Tifton,GA,USA
669392,Samad Taylor,Samad,Taylor,R,LF,1998-07-11,Corona,CA,USA
669200,Mason McCoy,Mason,McCoy,R,2B,1995-03-31,Peoria,IL,USA
666152,David Hamilton,David,Hamilton,L,3B,1997-09-29,San Marcos,TX,USA
686759,TJ Hopkins,TJ,Hopkins,R,CF,1997-01-16,Summerville,SC,USA
667452,Corey Julks,Corey,Julks,R,LF,1996-02-27,Friendswood,TX,USA
680574,Matt McLain,Matt,McLain,R,2B,1999-08-06,Orange,CA,USA
681297,Colton Cowser,Colton,Cowser,L,CF,2000-03-20,Houston,TX,USA
670128,Taylor Kohlwey,Taylor,Kohlwey,L,LF,1994-07-20,Holmen,WI,USA
689172,Brett Wisely,Brett,Wisely,L,2B,1999-05-08,Jacksonville,FL,USA
676356,Jonny DeLuca,Jonny,DeLuca,R,RF,1998-07-10,Thousand Oaks,CA,USA
666150,Dominic Fletcher,Dominic,Fletcher,L,RF,1997-09-02,Orange,CA,USA
663796,Coco Montes,Coco,Montes,R,2B,1996-10-07,Miami,FL,USA
676070,Jacob Amaya,Jacob,Amaya,R,SS,1998-09-03,El Monte,CA,USA
687401,Joey Ortiz,Joey,Ortiz,R,SS,1998-07-14,Garden Grove,CA,USA
663731,Connor Kaiser,Connor,Kaiser,R,SS,1996-11-20,Shawnee Mission,KS,USA
663967,César Salazar,César,Salazar,L,C,1996-03-15,Hermosillo,SO,Mexico
670223,Matt Mervis,Matt,Mervis,L,1B,1998-04-16,Washington,DC,USA
669699,Braden Shewmake,Braden,Shewmake,L,SS,1997-11-19,Wylie,TX,USA
543482,Drew Maggi,Drew,Maggi,R,SS,1989-05-16,Phoenix,AZ,USA
682668,Luisangel Acuña,Luisangel,Acuña,R,SS,2002-03-12,Caracas,,Venezuela
663604,Brandon Lockridge,Brandon,Lockridge,R,LF,1997-03-14,Pensacola,FL,USA
701538,Jackson Merrill,Jackson,Merrill,L,CF,2003-04-19,Baltimore,MD,USA
686482,Logan Driscoll,Logan,Driscoll,L,C,1997-11-03,Colorado Springs,CO,USA
686765,Nick Sogard,Nick,Sogard,S,2B,1997-09-09,Los Angeles,CA,USA
681508,Mickey Gasper,Mickey,Gasper,S,C,1995-10-11,Merrimack,NH,USA
676679,Luis Vázquez,Luis,Vázquez,R,SS,1999-10-10,Orocovis,,Puerto Rico
682634,Kevin Alcántara,Kevin,Alcántara,R,DH,2002-07-12,Santo Domingo,,Dominican Republic
668845,Aaron Schunk,Aaron,Schunk,R,SS,1997-07-24,Atlanta,GA,USA
681624,Andy Pages,Andy,Pages,R,CF,2000-12-08,Havana,,Cuba
687597,Jordan Beck,Jordan,Beck,R,LF,2001-04-19,Hazel Green,AL,USA
691011,Drew Romo,Drew,Romo,S,C,2001-08-29,Fountain Valley,CA,USA
700242,Trey Sweeney,Trey,Sweeney,L,SS,2000-04-24,Louisville,KY,USA
690291,Jace Jung,Jace,Jung,L,3B,2000-10-04,San Antonio,TX,USA
672761,Wenceel Pérez,Wenceel,Pérez,S,RF,1999-10-30,Azua,,Dominican Republic
682868,Bryan Ramos,Bryan,Ramos,R,3B,2002-03-12,Havana,,Cuba
676113,Zach DeLoach,Zach,DeLoach,L,RF,1998-08-18,Irving,TX,USA
690993,Colt Keith,Colt,Keith,L,3B,2001-08-14,Zanesville,OH,USA
694359,Niko Kavadas,Niko,Kavadas,L,1B,1998-10-27,South Bend,IN,USA
672569,Gustavo Campero,Gustavo,Campero,S,C,1997-09-20,Lorica,,Colombia
694671,Wyatt Langford,Wyatt,Langford,R,LF,2001-11-15,Trenton,FL,USA
687957,Dustin Harris,Dustin,Harris,L,LF,1999-07-08,Tampa,FL,USA
676572,Eric Wagaman,Eric,Wagaman,R,1B,1997-08-14,Mission Viejo,CA,USA
686555,Isaac Collins,Isaac,Collins,S,LF,1997-07-22,Maple Grove,MN,USA
694192,Jackson Chourio,Jackson,Chourio,R,LF,2004-03-11,Maracaibo,,Venezuela
702616,Jackson Holliday,Jackson,Holliday,L,2B,2003-12-04,Austin,TX,USA
686797,Brooks Lee,Brooks,Lee,S,3B,2001-02-14,San Luis Obispo,CA,USA
668885,Austin Martin,Austin,Martin,R,RF,1999-03-23,DeLand,FL,USA
680737,Michael Helman,Michael,Helman,R,CF,1996-05-23,Lincoln,NE,USA
680577,DaShawn Keirsey Jr.,DaShawn,Keirsey Jr. ,L,CF,1997-05-13,San Diego,CA,USA
695257,Billy Cook,Billy,Cook,R,CF,1999-01-07,Layton,UT,USA
694377,Nick Yorke,Nick,Yorke,R,3B,2002-04-02,Newport Beach,CA,USA
700250,Ben Rice,Ben,Rice,L,DH,1999-02-22,Cohasset,MA,USA
687529,Grant McCray,Grant,McCray,L,CF,2000-12-07,Billings,MT,USA
686780,Pedro Pagés,Pedro,Pagés,R,C,1998-09-17,Maracay,,Venezuela
695336,Thomas Saggese,Thomas,Saggese,R,LF,2002-04-10,Carlsbad,CA,USA
680474,Max Schuemann,Max,Schuemann,R,LF,1997-06-11,Kalamazoo,MI,USA
668832,Kyle McCann,Kyle,McCann,L,C,1997-12-02,Atlanta,GA,USA
687231,Darell Hernaiz,Darell,Hernaiz,R,SS,2001-08-03,San Juan,,Puerto Rico
660844,Leo Rivas,Leo,Rivas,S,3B,1997-10-10,Maracay,,Venezuela
694388,Joey Loperfido,Joey,Loperfido,L,LF,1999-05-11,Philadelphia,PA,USA
672642,Steward Berroa,Steward,Berroa,S,RF,1999-06-05,Santo Domingo,,Dominican Republic
680718,Addison Barger,Addison,Barger,L,RF,1999-11-12,Bellevue,WA,USA
665052,Griffin Conine,Griffin,Conine,L,RF,1997-07-11,Plantation,FL,USA
682729,Jonatan Clase,Jonatan,Clase,S,LF,2002-05-23,Santo Domingo,,Dominican Republic
665782,Luis De Los Santos,Luis,De Los Santos,R,3B,1998-06-09,Bajos de Haina,,Dominican Republic
681393,Connor Norby,Connor,Norby,R,2B,2000-06-08,Brooklyn Park,MN,USA
695578,James Wood,James,Wood,L,RF,2002-09-17,Rockville,MD,USA
671117,Darren Baker,Darren,Baker,L,2B,1999-02-11,Redwood City,CA,USA
686611,Dylan Crews,Dylan,Crews,R,RF,2002-02-26,Altamonte Springs,FL,USA
683083,Nasim Nuñez,Nasim,Nuñez,S,2B,2000-08-18,Bronx,NY,USA
678877,Jhonkensy Noel,Jhonkensy,Noel,R,RF,2001-07-15,San Pedro de Macoris,,Dominican Republic
701305,Zach Dezenzo,Zach,Dezenzo,R,LF,2000-05-11,Canton,OH,USA
700932,Kyle Manzardo,Kyle,Manzardo,L,1B,2000-07-18,Coeur d'Alene,ID,USA
669234,Justyn-Henry Malloy,Justyn-Henry,Malloy,R,RF,2000-02-19,New York,NY,USA
693307,Dillon Dingler,Dillon,Dingler,R,C,1998-09-17,Massillon,OH,USA
805779,Jacob Wilson,Jacob,Wilson,R,SS,2002-03-30,Los Angeles,CA,USA
640902,Jhonny Pereda,Jhonny,Pereda,R,C,1996-04-18,San Juan,,Venezuela
691594,Javier Sanoja,Javier,Sanoja,R,3B,2002-09-03,Maracay,,Venezuela
682657,Angel Martínez,Angel,Martínez,S,LF,2002-01-27,Santo Domingo,,Dominican Republic
682177,Daniel Schneemann,Daniel,Schneemann,L,CF,1997-01-23,San Diego,CA,USA
677870,Leo Jiménez,Leo,Jiménez,R,3B,2001-05-17,Chitre,,Panama
687363,Victor Scott II,Victor,Scott II,L,CF,2001-02-12,Atlanta,GA,USA
694362,Blake Dunn,Blake,Dunn,R,CF,1998-09-05,Holland,MI,USA
694376,Shay Whitcomb,Shay,Whitcomb,R,3B,1998-09-28,Thousand Oaks,CA,USA
679822,Justin Foscue,Justin,Foscue,R,2B,1999-03-02,Huntsville,AL,USA
660758,Sandro Fabian,Sandro,Fabian,R,RF,1998-03-06,Santo Domingo,,Dominican Republic
702358,Trey Lipscomb,Trey,Lipscomb,R,3B,2000-06-14,Frederick,MD,USA
665953,Andrés Chaparro,Andrés,Chaparro,R,1B,1999-05-04,El Vigia,,Venezuela
676439,Hunter Feduccia,Hunter,Feduccia,L,C,1997-06-05,Lake Charles,LA,USA
691723,Coby Mayo,Coby,Mayo,R,3B,2001-12-10,Coral Springs,FL,USA
677956,Rece Hinds,Rece,Hinds,R,RF,2000-09-05,Niceville,FL,USA
668853,Austin Shenton,Austin,Shenton,L,1B,1998-01-22,Spokane,WA,USA
680728,Adrian Del Castillo,Adrian,Del Castillo,L,DH,1999-09-27,Miami,FL,USA
695238,Will Wagner,Will,Wagner,L,DH,1998-07-29,Houston,TX,USA
669137,Armando Alvarez,Armando,Alvarez,R,3B,1994-07-14,Miami,FL,USA
669326,Bryce Teodosio,Bryce,Teodosio,R,LF,1999-06-18,Greenville,SC,USA
678489,Jorge Barrosa,Jorge,Barrosa,S,CF,2001-02-17,Puerto Cabello,,Venezuela
668752,Duke Ellis,Duke,Ellis,L,CF,1998-01-16,Nacogdoches,TX,USA
681460,Brooks Baldwin,Brooks,Baldwin,S,LF,2000-08-15,Whiteville,NC,USA
694355,Tyler Gentry,Tyler,Gentry,R,OF,1999-02-01,Memphis,TN,USA
670224,Kameron Misner,Kameron,Misner,L,CF,1998-01-09,Poplar Bluff,MO,USA
672012,Tyler Black,Tyler,Black,L,DH,2000-07-26,Toronto,ON,Canada
694175,Pedro León,Pedro,León,R,RF,1998-05-28,Havana,,Cuba
677942,Blaze Alexander,Blaze,Alexander,R,3B,1999-06-11,Cape Coral,FL,USA
665966,Carlos Narváez,Carlos,Narváez,R,C,1998-11-26,Maracay,,Venezuela
669208,Ryan Bliss,Ryan,Bliss,R,2B,1999-12-13,Burbank,CA,USA
687066,Eric Yang,Eric,Yang,R,C,1998-03-26,Woodland Hills,CA,USA
805373,Nacho Alvarez Jr.,Nacho,Alvarez Jr.,R,SS,2003-04-11,Fontana,CA,USA
695391,Brett Harris,Brett,Harris,R,3B,1998-06-24,Arlington Heights,IL,USA
682988,Tyler Locklear,Tyler,Locklear,R,1B,2000-11-24,Baltimore,MD,USA
642197,Jamie Westbrook,Jamie,Westbrook,R,2B,1995-06-18,Springfield,MA,USA
665856,Jair Camargo,Jair,Camargo,R,C,1999-07-01,Barranquilla,,Colombia
680769,CJ Alexander,CJ,Alexander,L,1B,1996-07-17,Merrillville,IN,USA
673995,Davis Wendzel,Davis,Wendzel,R,3B,1997-05-23,Irvine,CA,USA
682119,Levi Jordan,Levi,Jordan,R,CF,1995-09-24,Puyallup,WA,USA
671286,Johnathan Rodríguez,Johnathan,Rodríguez,R,RF,1999-11-04,Toa Baja,,Puerto Rico
670092,Trenton Brooks,Trenton,Brooks,L,LF,1995-07-03,Alpine,CA,USA
682619,Orelvis Martinez,Orelvis,Martinez,R,2B,2001-11-19,Santo Domingo,,Dominican Republic
691182,Adael Amador,Adael,Amador,S,2B,2003-04-11,Santo Domingo,,Dominican Republic
674441,Jacob Hurtubise,Jacob,Hurtubise,L,LF,1997-12-11,Indianapolis,IN,USA
675659,Greg Jones,Greg,Jones,S,LF,1998-03-07,Cary,NC,USA
686554,Oliver Dunn,Oliver,Dunn,L,3B,1997-09-02,Salt Lake City,UT,USA
667428,Grant Koch,Grant,Koch,R,C,1997-02-05,Fayetteville,AR,USA
676896,Chris Roller,Chris,Roller,R,CF,1996-10-08,Austin,TX,USA
808982,Jung Hoo Lee,Jung Hoo,Lee,L,RF,1998-08-20,Seoul,,Republic of Korea
688363,Graham Pauley,Graham,Pauley,L,3B,2000-09-24,Alpharetta,GA,USA
675915,David Bañuelos,David,Bañuelos,R,C,1996-10-01,Ontario,CA,USA
543518,Scott McGough,Scott,McGough,R,P,1989-10-31,Monroeville,PA,USA
686948,Drake Baldwin,Drake,Baldwin,L,C,2001-03-28,Madison,WI,USA
687478,Cam Devanney,Cam,Devanney,R,SS,1997-04-13,Nashua,NH,USA
804668,Rafael Flores Jr.,Rafael,Flores Jr.,R,C,2000-11-07,Anaheim,CA,USA
681715,Heriberto Hernández,Heriberto,Hernández,R,LF,1999-12-16,Bonao,,Dominican Republic
805300,Jakob Marsee,Jakob,Marsee,L,CF,2001-06-28,Dearborn,MI,USA
682663,Agustín Ramírez,Agustín,Ramírez,R,C,2001-09-10,Santo Domingo,,Dominican Republic
690984,Petey Halpin,Petey,Halpin,L,CF,2002-05-26,San Mateo,CA,USA
671655,George Valera,George,Valera,L,LF,2000-11-13,Queens,NY,USA
692216,CJ Kayfus,CJ,Kayfus,L,LF,2001-10-28,Boca Raton,FL,USA
696030,Alejandro Osuna,Alejandro,Osuna,L,LF,2002-10-10,Ahome,SI,Mexico
683227,Cody Freeman,Cody,Freeman,R,3B,2001-01-05,Pomona,CA,USA
676044,Bob Seymour,Bob,Seymour,L,1B,1998-10-07,Harvey,IL,USA
700246,Carson Williams,Carson,Williams,R,SS,2003-06-25,San Diego,CA,USA
663968,Jake Mangum,Jake,Mangum,S,CF,1996-03-08,Flowood,MS,USA
702332,Caleb Durbin,Caleb,Durbin,R,3B,2000-02-22,Lake Forest,IL,USA
690987,Robert Hassell III,Robert,Hassell III,L,CF,2001-08-15,Franklin,TN,USA
691781,Brady House,Brady,House,R,3B,2003-06-04,Winder,GA,USA
695657,Colson Montgomery,Colson,Montgomery,L,SS,2002-02-27,Holland,IN,USA
691019,Kyle Teel,Kyle,Teel,L,C,2002-02-15,Ridgewood,NJ,USA
805367,Chase Meidroth,Chase,Meidroth,R,2B,2001-07-23,Torrance,CA,USA
695734,Daylen Lile,Daylen,Lile,L,LF,2002-11-30,Louisville,KY,USA
700337,Edgar Quero,Edgar,Quero,S,C,2003-04-06,Cienfuegos,,Cuba
699625,Jimmy Crooks,Jimmy,Crooks,L,C,2001-07-19,Euless,TX,USA
701675,Nathan Church,Nathan,Church,L,CF,2000-07-12,Newport Beach,CA,USA
694208,Moisés Ballesteros,Moisés,Ballesteros,L,DH,2003-11-08,Los Teques,,Venezuela
680837,Ryan Fitzgerald,Ryan,Fitzgerald,L,3B,1994-06-17,Hinsdale,IL,USA
805249,Otto Kemp,Otto,Kemp,R,LF,1999-09-09,Fullerton,CA,USA
676812,Carson McCusker,Carson,McCusker,R,LF,1998-05-22,Sparks,NV,USA
687637,Dylan Beavers,Dylan,Beavers,L,RF,2001-08-11,San Luis Obispo,CA,USA
808975,Hyeseong Kim,Hyeseong,Kim,L,SS,1999-01-27,Goyang,,Republic of Korea
687221,Dalton Rushing,Dalton,Rushing,L,C,2001-02-21,Memphis,TN,USA
702284,Cole Young,Cole,Young,L,2B,2003-07-29,Pittsburgh,PA,USA
687515,Colby Thomas,Colby,Thomas,R,RF,2001-01-26,Valdosta,GA,USA
680862,Willie MacIver,Willie,MacIver,R,C,1996-10-28,Pleasant Hill,CA,USA
691777,Max Muncy,Max,Muncy,R,3B,2002-08-25,Camarillo,CA,USA
695506,Jac Caglianone,Jac,Caglianone,L,RF,2003-02-09,Tampa,FL,USA
670231,John Rave,John,Rave,L,RF,1997-12-30,Canton,IL,USA
666126,Carlos Cortes,Carlos,Cortes,L,RF,1997-06-30,Orlando,FL,USA
701762,Nick Kurtz,Nick,Kurtz,L,1B,2003-03-12,Lancaster,PA,USA
695600,Carter Jensen,Carter,Jensen,L,C,2003-07-03,Kansas City,MO,USA
688760,Blaine Crim,Blaine,Crim,R,1B,1997-06-17,Mobile,AL,USA
805811,Bryce Eldridge,Bryce,Eldridge,L,DH,2004-10-20,Fairfax,VA,USA
690022,Ryan Ritter,Ryan,Ritter,R,2B,2000-11-10,Evergreen Park,IL,USA
687551,Drew Gilbert,Drew,Gilbert,L,CF,2000-09-27,St. Paul,MN,USA
683766,Christian Koss,Christian,Koss,R,3B,1998-01-27,Riverside,CA,USA
682653,Warming Bernabel,Warming,Bernabel,R,3B,2002-06-06,Bani,,Dominican Republic
691720,Kyle Karros,Kyle,Karros,R,3B,2002-07-26,Los Angeles,CA,USA
692585,Yanquiel Fernández,Yanquiel,Fernández,L,RF,2003-01-01,Havana,,Cuba
694374,Tim Tawa,Tim,Tawa,R,1B,1999-04-07,West Linn,OR,USA
694203,Denzer Guzman,Denzer,Guzman,R,3B,2004-02-08,San Pedro de Macoris,,Dominican Republic
695681,Christian Moore,Christian,Moore,R,2B,2002-10-21,Brooklyn,NY,USA
701358,Cam Smith,Cam,Smith,R,RF,2003-02-22,Lake Worth,FL,USA
805904,Zach Cole,Zach,Cole,L,LF,2000-08-04,Springfield,MO,USA
689200,Jacob Melton,Jacob,Melton,L,LF,2000-09-07,Medford,OR,USA
694728,Brice Matthews,Brice,Matthews,R,CF,2002-03-16,Houston,TX,USA
807713,Matt Shaw,Matt,Shaw,R,RF,2001-11-06,Springfield,MA,USA
669236,Jeremiah Jackson,Jeremiah,Jackson,R,2B,2000-03-26,Antioch,TN,USA
694212,Samuel Basallo,Samuel,Basallo,L,C,2004-08-13,Santo Domingo,,Dominican Republic
689414,Liam Hicks,Liam,Hicks,L,C,1999-06-02,Toronto,ON,Canada
687859,Troy Johnston,Troy,Johnston,L,RF,1997-06-22,Tacoma,WA,USA
802415,Chandler Simpson,Chandler,Simpson,L,LF,2000-11-18,Atlanta,GA,USA
701398,Sal Stewart,Sal,Stewart,R,1B,2003-12-07,Miami,FL,USA
695670,Harry Ford,Harry,Ford,R,C,2003-02-21,Atlanta,GA,USA
690924,Braxton Fulford,Braxton,Fulford,R,DH,1998-12-09,Lubbock,TX,USA
683770,Will Robertson,Will,Robertson,L,LF,1997-12-26,Loose Creek,MO,USA
686475,Tyler Tolbert,Tyler,Tolbert,R,SS,1998-01-27,Birmingham,AL,USA
807712,Luke Keaschall,Luke,Keaschall,R,2B,2002-08-15,Watsonville,CA,USA
683748,Victor Mesa Jr.,Victor,Mesa Jr.,L,RF,2001-09-08,Havana,,Cuba
691185,Maximo Acosta,Maximo,Acosta,R,SS,2002-10-29,Caracas,,Venezuela
669722,Logan Davidson,Logan,Davidson,S,1B,1997-12-26,Charlotte,NC,USA
683357,Owen Caissie,Owen,Caissie,L,RF,2002-07-08,Burlington,ON,Canada
683090,Matthew Lugo,Matthew,Lugo,R,LF,2001-05-09,Manati,,Puerto Rico
663584,Hayden Senger,Hayden,Senger,R,C,1997-04-03,Hamilton,OH,USA
676466,Jack Winkler,Jack,Winkler,R,2B,1998-11-04,Littleton,CO,USA
690976,Alex Freeland,Alex,Freeland,S,2B,2001-08-24,Louisville,KY,USA
678011,Anthony Seigler,Anthony,Seigler,S,2B,1999-06-20,Fort Defiance,AZ,USA
701350,Roman Anthony,Roman,Anthony,L,LF,2004-05-13,West Palm Beach,FL,USA
671284,Tim Elko,Tim,Elko,R,1B,1998-12-27,Wichita,KS,USA
667690,C.J. Stubbs,C.J.,Stubbs,R,C,1996-11-12,San Diego,CA,USA
693409,César Prieto,César,Prieto,L,3B,1999-05-10,Cienfuegos,,Cuba
669717,Will Wilson,Will,Wilson,R,3B,1998-07-21,Kings Mountain,NC,USA
677943,Will Banfield,Will,Banfield,R,C,1999-11-18,Lawrenceville,GA,USA
691373,Jhostynxon Garcia,Jhostynxon,Garcia,R,RF,2002-12-11,San Fernando de Apure,,Venezuela
829272,Shinnosuke Ogasawara,Shinnosuke,Ogasawara,L,P,1997-10-08,Fujisawa,,Japan
681909,Justin Dean,Justin,Dean,R,CF,1996-12-06,Mauldin,SC,USA
682927,Ronny Simon,Ronny,Simon,S,2B,2000-04-17,La Romana,,Dominican Republic
702176,Alan Roden,Alan,Roden,L,RF,1999-12-22,Middleton,WI,USA
671976,Tristan Peters,Tristan,Peters,L,CF,2000-02-29,Winkler,MB,Canada
641555,J.C. Escarra,J.C.,Escarra,L,C,1995-04-24,Hialeah,FL,USA
663536,Tristin English,Tristin,English,R,OF,1997-05-14,Stockbridge,GA,USA
810938,Ben Williamson,Ben,Williamson,R,2B,2000-11-05,Fairfax,VA,USA
678391,Jorbit Vivas,Jorbit,Vivas,L,3B,2001-03-09,Puerto Cabello,,Venezuela
691785,Marcelo Mayer,Marcelo,Mayer,L,2B,2002-12-12,Chula Vista,CA,USA
672016,Denzel Clarke,Denzel,Clarke,R,CF,2000-05-01,Toronto,ON,Canada
685744,Kenedy Corona,Kenedy,Corona,R,CF,2000-03-21,Maracaibo,,Venezuela
677060,Chad Stevens,Chad,Stevens,R,2B,1999-02-03,Walnut Creek,CA,USA
683004,Jack Leiter,Jack,Leiter,R,P,2000-04-21,Plantation,FL,USA
668974,Maverick Handley,Maverick,Handley,R,C,1998-03-10,Denver,CO,USA
692225,Kristian Campbell,Kristian,Campbell,R,2B,2002-06-28,Chattanooga,TN,USA
682183,Drew Avans,Drew,Avans,L,LF,1996-06-13,Alabaster,AL,USA
685301,Matt Gorski,Matt,Gorski,R,1B,1997-12-22,Fishers,IN,USA
682997,Tyler Callihan,Tyler,Callihan,L,LF,2000-06-22,Jacksonville,FL,USA
689041,Rhylan Thomas,Rhylan,Thomas,L,LF,2000-04-15,Ventura,CA,USA
669398,Gage Workman,Gage,Workman,L,3B,1999-10-24,Chandler,AZ,USA
672359,Tirso Ornelas,Tirso,Ornelas,L,LF,2000-03-11,Tijuana,BC,Mexico
691728,Zac Veen,Zac,Veen,L,LF,2001-12-12,Port Orange,FL,USA
691907,Tsung-Che Cheng,Tsung-Che,Cheng,L,SS,2001-07-26,Pingtung County,,Taiwan
669194,Ryne Nelson,Ryne,Nelson,R,P,1998-02-01,Henderson,NV,USA
806146,George Lombard Jr.,George,Lombard Jr.,R,SS,2005-06-02,Miami,FL,USA
682987,Spencer Jones,Spencer,Jones,L,CF,2001-05-14,Encinitas,CA,USA
814439,Ryan Waldschmidt,Ryan,Waldschmidt,R,CF,2002-10-07,Sarasota,FL,USA
699912,Jose Fernandez,Jose,Fernandez,R,DH,2003-09-22,Cumana,,Venezuela
808959,Munetaka Murakami,Munetaka,Murakami,L,1B,2000-02-02,Kumamoto,,Japan
803011,Sam Antonacci,Sam,Antonacci,L,LF,2003-02-06,Springfield,IL,USA
699393,Pedro Ramírez,Pedro,Ramírez,S,2B,2004-04-01,Temblador,,Venezuela
695731,Braden Montgomery,Braden,Montgomery,S,RF,2003-04-16,Des Moines,IA,USA
802139,JJ Wetherholt,JJ,Wetherholt,L,2B,2002-09-10,Baltimore,MD,USA
691458,Blaze Jordan,Blaze,Jordan,R,3B,2002-12-19,Southaven,MS,USA
695491,Joshua Báez,Joshua,Báez,R,RF,2003-06-28,Boston,MA,USA
663494,Bryan Torres,Bryan,Torres,L,LF,1997-07-02,Caguas,,Puerto Rico
694197,Angel Genao,Angel,Genao,S,2B,2004-05-19,Castillo,,Dominican Republic
683953,Travis Bazzana,Travis,Bazzana,L,2B,2002-08-28,Hornsby,NSW,Australia
813841,Jonah Cox,Jonah,Cox,R,CF,2001-08-04,Louisville,CO,USA
701852,Drew Cavanaugh,Drew,Cavanaugh,L,C,2002-01-27,Troy,MI,USA
682674,Victor Bericoto,Victor,Bericoto,R,LF,2001-12-03,Maracay,,Venezuela
681198,TJ Rumfield,TJ,Rumfield,L,1B,2000-05-17,Richmond,VA,USA
694249,Cole Carrigg,Cole,Carrigg,S,CF,2002-05-08,Modesto,CA,USA
703607,Henry Bolte,Henry,Bolte,R,CF,2003-08-04,San Francisco,CA,USA
695720,Tommy White,Tommy,White,R,3B,2003-03-02,St. Petersburg,FL,USA
806198,Cooper Pratt,Cooper,Pratt,R,SS,2004-08-18,Hialeah,FL,USA
800325,Luis Lara,Luis,Lara,S,RF,2004-11-17,San Felipe,,Venezuela
801126,Brock Rodden,Brock,Rodden,S,2B,2000-05-25,Durant,OK,USA
805347,Jim Jarvis,Jim,Jarvis,L,SS,2000-11-06,San Diego,CA,USA
701785,Kaelen Culpepper,Kaelen,Culpepper,R,SS,2002-12-29,Memphis,TN,USA
701807,Carson Benge,Carson,Benge,L,RF,2003-01-20,Oklahoma City,OK,USA
805999,A.J. Ewing,A.J.,Ewing,L,CF,2004-08-10,Kettering,OH,USA
823550,Sung-Mun Song,Sung-Mun,Song,L,2B,1996-08-29,Seoul,,Republic of Korea
691788,Joe Mack,Joe,Mack,L,C,2002-12-27,Williamsville,NY,USA
702222,Justin Crawford,Justin,Crawford,L,CF,2004-01-13,Phoenix,AZ,USA
680664,Eduardo Valencia,Eduardo,Valencia,R,C,2000-01-25,Valencia,,Venezuela
701678,Hao-Yu Lee,Hao-Yu,Lee,R,2B,2003-02-03,New Taipei,,Taiwan
703601,Max Clark,Max,Clark,L,CF,2004-12-21,Franklin,IN,USA
699013,Esmerlyn Valdez,Esmerlyn,Valdez,R,RF,2004-01-27,San Juan La Maguana,,Dominican Republic
701162,Ben Malgeri,Ben,Malgeri,R,RF,2000-01-12,Exeter,NH,USA
805808,Kevin McGonigle,Kevin,McGonigle,L,SS,2004-08-18,Media,PA,USA
694378,Jacob Gonzalez,Jacob,Gonzalez,L,SS,2002-05-30,Glendora,CA,USA
814430,Brett Callahan,Brett,Callahan,L,LF,2001-11-02,Newark,DE,USA
807727,Charles McAdoo,Charles,McAdoo,R,2B,2002-03-06,Walnut Creek,CA,USA
678218,Brandon Valenzuela,Brandon,Valenzuela,S,C,2000-10-02,Hermosillo,Sonora,Mexico
672960,Kazuma Okamoto,Kazuma,Okamoto,R,3B,1996-06-30,Gojo,,Japan
703520,Brett Bateman,Brett,Bateman,L,CF,2002-03-19,St. Paul,MN,USA
694673,Abimelec Ortiz,Abimelec,Ortiz,L,1B,2002-02-22,Bayamon,,Puerto Rico
681047,Christian Franklin,Christian,Franklin,R,CF,1999-11-30,Overland Park,KS,USA
699302,Héctor Rodríguez,Héctor,Rodríguez,L,RF,2004-03-11,Santo Domingo,,Dominican Republic
806367,Turner Hill,Turner,Hill,L,CF,1999-04-04,Marietta,OH,USA
687749,Jase Bowen,Jase,Bowen,R,RF,2000-09-02,Northwood,OH,USA
687605,Andrew Pinckney,Andrew,Pinckney,R,LF,2000-12-07,Tuscaloosa,AL,USA
701649,James Triantos,James,Triantos,R,2B,2003-01-29,Fairfax,VA,USA
800050,Chase DeLauter,Chase,DeLauter,L,RF,2001-10-08,Frederick,MD,USA
695508,Cam Cauley,Cam,Cauley,R,CF,2003-02-06,Houston,TX,USA
806068,Colt Emerson,Colt,Emerson,L,SS,2005-07-20,Zanesville,OH,USA
691740,Daniel Susac,Daniel,Susac,R,C,2001-05-14,Roseville,CA,USA
801501,Nate Furman,Nate,Furman,L,2B,2001-07-23,Brookhaven,PA,USA
678760,Eddys Leonard,Eddys,Leonard,R,SS,2000-11-10,Santo Domingo,,Dominican Republic
671155,Ivan Johnson,Ivan,Johnson,S,2B,1998-10-11,Atlanta,GA,USA
672613,Eliezer Alfonzo,Eliezer,Alfonzo,S,C,1999-09-23,Barcelona,,Venezuela
700652,Kenny Piper,Kenny,Piper,R,C,1998-07-12,Florissant,MO,USA
687282,Gabriel Rincones Jr.,Gabriel,Rincones Jr.,L,RF,2001-03-03,Boynton Beach,FL,USA
828599,Lucas Spence,Lucas,Spence,L,CF,2003-01-27,Chicago Heights,IL,USA
683679,Jesus Rodriguez,Jesus,Rodriguez,R,C,2002-04-23,La Victoria,,Venezuela
695490,Edwin Arroyo,Edwin,Arroyo,S,2B,2003-08-25,Arecibo,,Puerto Rico
682818,Yohendrick Piñango,Yohendrick,Piñango,L,LF,2002-05-07,Carora,,Venezuela
678577,Junior Perez,Junior,Perez,R,CF,2001-07-04,San Cristobal,,Dominican Republic
676566,Shawn Ross,Shawn,Ross,R,C,1999-09-30,Santurce,,Puerto Rico
815873,Sean Keys,Sean,Keys,L,DH,2003-05-26,Huntington,NY,USA
696135,Kahlil Watson,Kahlil,Watson,L,RF,2003-04-16,Chase City,VA,USA
811965,Joshua Kuroda-Grauer,Joshua,Kuroda-Grauer,R,3B,2003-01-31,New Brunswick,NJ,USA
669384,Raynel Delgado,Raynel,Delgado,L,2B,2000-04-04,Havana,,Cuba
681190,Randy Vásquez,Randy,Vásquez,R,P,1998-11-03,Navarette,,Dominican Republic
682989,Victor Mederos,Victor,Mederos,R,P,2001-06-08,Santa Clara,,Cuba
660710,Rodolfo Durán,Rodolfo,Durán,R,C,1998-02-19,Santo Domingo,,Dominican Republic
694371,Tommy Troy,Tommy,Troy,R,LF,2002-01-17,San Jose,CA,USA
693459,Kyler Fedko,Kyler,Fedko,R,LF,1999-09-21,Gibsonia,PA,USA
687394,Jack Brannigan,Jack,Brannigan,R,SS,2001-03-11,Chicago,IL,USA
694876,Cooper Ingle,Cooper,Ingle,L,C,2002-02-23,Asheville,NC,USA
804606,Konnor Griffin,Konnor,Griffin,R,SS,2006-04-24,Jackson,MS,USA
694410,LuJames Groover,LuJames,Groover,R,1B,2002-04-16,East Point,GA,USA
669899,Ryan Ward,Ryan,Ward,L,LF,1998-02-23,Worcester,MA,USA
694514,Sterlin Thompson,Sterlin,Thompson,L,RF,2001-06-26,Longmont,CO,USA
669360,Trei Cruz,Trei,Cruz,S,CF,1998-07-05,Toronto,ON,Canada
675448,Blake Hunt,Blake,Hunt,R,C,1998-11-10,Costa Mesa,CA,USA
805672,Collin Price,Collin,Price,R,C,1999-11-15,Suwanee,GA,USA
807747,Rikuu Nishida,Rikuu,Nishida,L,RF,2001-05-06,Osaka,,Japan
703492,Nick Morabito,Nick,Morabito,R,LF,2003-05-07,McLean,VA,USA
694224,Gabriel Gonzalez,Gabriel,Gonzalez,R,RF,2004-01-04,Carupano,,Venezuela
694025,Felix Reyes,Felix,Reyes,R,LF,2001-03-26,Bani,,Dominican Republic
683079,Omar Martinez,Omar,Martinez,L,C,2001-07-05,San Felix,,Venezuela
695020,Tanner Murray,Tanner,Murray,R,LF,1999-09-03,Santa Clara,CA,USA
682877,Juan Brito,Juan,Brito,S,2B,2001-09-24,Santo Domingo,,Dominican Republic
691277,Deyvison De Los Santos,Deyvison,De Los Santos,R,1B,2003-06-21,Santo Domingo,,Dominican Republic
691620,Jeferson Quero,Jeferson,Quero,R,C,2002-10-08,Barquisimeto,,Venezuela
