,index,mean,sd,eti95_lb,eti95_ub,ess_bulk,ess_tail,r_hat,mcse_mean,mcse_sd,player_full_id
0,mu_player[Michael Papierski (657709)],62.07,0.35,61.38,62.77,10261.03,6591.14,1.0,0.0,0.0,Michael Papierski (657709)
1,mu_player[Billy Hamilton (571740)],62.42,0.08,62.26,62.57,3101.0,4319.93,1.0,0.0,0.0,Billy Hamilton (571740)
2,mu_player[Juan Graterol (492802)],62.96,0.31,62.37,63.56,10532.09,6445.3,1.0,0.0,0.0,Juan Graterol (492802)
3,mu_player[Jake Elmore (518653)],62.97,0.31,62.37,63.57,10913.07,6250.72,1.0,0.0,0.0,Jake Elmore (518653)
4,mu_player[Dee Strange-Gordon (543829)],63.11,0.08,62.96,63.27,2546.6,4125.51,1.0,0.0,0.0,Dee Strange-Gordon (543829)
5,mu_player[Ronald Torreyes (591720)],63.22,0.12,62.99,63.45,6161.49,6227.47,1.0,0.0,0.0,Ronald Torreyes (591720)
6,mu_player[Billy Burns (542993)],63.33,0.2,62.93,63.72,9354.33,5760.84,1.0,0.0,0.0,Billy Burns (542993)
7,mu_player[Shane Robinson (453203)],63.46,0.27,62.93,64.0,9925.09,5520.8,1.0,0.0,0.0,Shane Robinson (453203)
8,mu_player[Terrance Gore (605253)],63.47,0.41,62.65,64.27,9422.88,6351.87,1.0,0.0,0.0,Terrance Gore (605253)
9,mu_player[Ben Revere (519184)],63.6,0.15,63.3,63.9,6997.13,6273.92,1.0,0.0,0.0,Ben Revere (519184)
10,mu_player[Pete Kozma (518902)],63.67,0.31,63.07,64.27,9953.54,6260.78,1.0,0.0,0.0,Pete Kozma (518902)
11,mu_player[Ramón Torres (593527)],63.72,0.34,63.06,64.37,10957.85,6026.64,1.0,0.0,0.0,Ramón Torres (593527)
12,mu_player[Tony Kemp (643393)],63.75,0.08,63.59,63.92,3490.01,5204.9,1.0,0.0,0.0,Tony Kemp (643393)
13,mu_player[Ender Inciarte (542255)],63.8,0.07,63.65,63.95,2362.04,4560.3,1.0,0.0,0.0,Ender Inciarte (542255)
14,mu_player[Jacob Wilson (805779)],63.81,0.36,63.1,64.52,9643.78,6503.19,1.0,0.0,0.0,Jacob Wilson (805779)
15,mu_player[Daniel Castro (593495)],63.86,0.25,63.38,64.34,9593.46,6173.71,1.0,0.0,0.0,Daniel Castro (593495)
16,mu_player[Kelby Tomlinson (605509)],63.9,0.17,63.58,64.24,6235.59,6062.56,1.0,0.0,0.0,Kelby Tomlinson (605509)
17,mu_player[Eric Fryer (518700)],64.02,0.25,63.54,64.51,8386.68,6045.41,1.0,0.0,0.0,Eric Fryer (518700)
18,mu_player[Breyvic Valera (591971)],64.07,0.25,63.58,64.56,10199.74,6120.45,1.0,0.0,0.0,Breyvic Valera (591971)
19,mu_player[David Fletcher (664058)],64.15,0.09,63.98,64.32,2725.22,5500.31,1.0,0.0,0.0,David Fletcher (664058)
20,mu_player[Chandler Simpson (802415)],64.15,0.39,63.38,64.9,10349.24,6635.74,1.0,0.0,0.0,Chandler Simpson (802415)
21,mu_player[Darwin Barney (446381)],64.2,0.14,63.93,64.48,5225.28,5447.77,1.0,0.0,0.0,Darwin Barney (446381)
22,mu_player[Garrett Stubbs (596117)],64.22,0.22,63.78,64.65,9292.15,5901.04,1.0,0.0,0.0,Garrett Stubbs (596117)
23,mu_player[Alexi Amarista (506560)],64.29,0.2,63.91,64.68,10269.64,6319.06,1.0,0.0,0.0,Alexi Amarista (506560)
24,mu_player[César Salazar (663967)],64.34,0.59,63.2,65.51,10489.9,6097.45,1.0,0.01,0.0,César Salazar (663967)
25,mu_player[Ryan Hanigan (452672)],64.36,0.25,63.88,64.85,9673.25,6599.23,1.0,0.0,0.0,Ryan Hanigan (452672)
26,mu_player[Cole Figueroa (502676)],64.36,0.71,62.97,65.76,10302.92,6179.78,1.0,0.01,0.0,Cole Figueroa (502676)
27,mu_player[Mark Payton (592622)],64.39,0.39,63.63,65.15,10339.91,6315.26,1.0,0.0,0.0,Mark Payton (592622)
28,mu_player[Ty Kelly (571841)],64.44,0.28,63.89,65.0,9782.48,5755.52,1.0,0.0,0.0,Ty Kelly (571841)
29,mu_player[Gavin Cecchini (608325)],64.49,0.38,63.75,65.23,11509.24,5975.2,1.0,0.0,0.0,Gavin Cecchini (608325)
30,mu_player[Carlos Tocci (624636)],64.52,0.31,63.93,65.12,9601.79,6018.81,1.0,0.0,0.0,Carlos Tocci (624636)
31,mu_player[Paul Janish (457926)],64.54,0.44,63.69,65.4,11262.23,6634.73,1.0,0.0,0.0,Paul Janish (457926)
32,mu_player[Tyler Heineman (623168)],64.54,0.21,64.14,64.95,8645.17,6115.46,1.0,0.0,0.0,Tyler Heineman (623168)
33,mu_player[Yonny Hernández (660634)],64.59,0.28,64.05,65.14,9784.38,5672.21,1.0,0.0,0.0,Yonny Hernández (660634)
34,mu_player[Eric Sogard (519299)],64.6,0.11,64.38,64.82,7803.38,6036.29,1.0,0.0,0.0,Eric Sogard (519299)
35,mu_player[Jose Herrera (645444)],64.61,0.25,64.12,65.1,10672.61,6292.22,1.0,0.0,0.0,Jose Herrera (645444)
36,mu_player[Erick Aybar (430947)],64.76,0.13,64.52,65.01,6432.4,5976.79,1.0,0.0,0.0,Erick Aybar (430947)
37,mu_player[Bryan Holaday (592407)],64.78,0.16,64.48,65.1,9108.19,5612.78,1.0,0.0,0.0,Bryan Holaday (592407)
38,mu_player[Rafael Bautista (622441)],64.82,0.63,63.57,66.06,11125.94,5877.96,1.0,0.01,0.0,Rafael Bautista (622441)
39,mu_player[Chris Stewart (455755)],64.83,0.24,64.37,65.31,10920.76,6200.9,1.0,0.0,0.0,Chris Stewart (455755)
40,mu_player[Jake Hager (606993)],64.99,0.36,64.28,65.7,10250.02,6221.74,1.0,0.0,0.0,Jake Hager (606993)
41,mu_player[Steven Kwan (680757)],65.01,0.11,64.79,65.22,4841.32,5200.88,1.0,0.0,0.0,Steven Kwan (680757)
42,mu_player[Patrick Mazeika (664850)],65.01,0.29,64.45,65.57,9525.82,5591.44,1.0,0.0,0.0,Patrick Mazeika (664850)
43,mu_player[Tony Wolters (547172)],65.02,0.11,64.81,65.23,4011.22,5005.61,1.0,0.0,0.0,Tony Wolters (547172)
44,mu_player[Shawn O'Malley (502523)],65.05,0.24,64.58,65.52,9735.5,5984.9,1.0,0.0,0.0,Shawn O'Malley (502523)
45,mu_player[Jesmuel Valentín (621044)],65.08,0.39,64.33,65.85,10509.66,6480.89,1.0,0.0,0.0,Jesmuel Valentín (621044)
46,mu_player[Tyler Wade (642180)],65.08,0.13,64.82,65.35,6589.41,5674.33,1.0,0.0,0.0,Tyler Wade (642180)
47,mu_player[Lucius Fox (665650)],65.14,0.62,63.96,66.36,10050.69,5989.79,1.0,0.01,0.0,Lucius Fox (665650)
48,mu_player[Dalton Guthrie (656495)],65.15,0.46,64.24,66.05,10213.22,6136.59,1.0,0.0,0.0,Dalton Guthrie (656495)
49,mu_player[Mike Freeman (502273)],65.15,0.17,64.81,65.5,9605.05,6251.04,1.0,0.0,0.0,Mike Freeman (502273)
50,mu_player[Elier Hernandez (609274)],65.17,0.55,64.12,66.26,9936.69,6008.67,1.0,0.01,0.0,Elier Hernandez (609274)
51,mu_player[Braden Bishop (623323)],65.18,0.35,64.48,65.86,10791.84,6695.02,1.0,0.0,0.0,Braden Bishop (623323)
52,mu_player[Craig Gentry (502226)],65.2,0.21,64.8,65.6,8096.39,5994.34,1.0,0.0,0.0,Craig Gentry (502226)
53,mu_player[Michael Stefanic (683021)],65.24,0.39,64.48,66.0,9674.24,6510.64,1.0,0.0,0.0,Michael Stefanic (683021)
54,mu_player[Alejo Lopez (664670)],65.26,0.26,64.76,65.77,8877.4,6469.41,1.0,0.0,0.0,Alejo Lopez (664670)
55,mu_player[Tyler Holt (534627)],65.27,0.25,64.78,65.77,11385.86,6437.17,1.0,0.0,0.0,Tyler Holt (534627)
56,mu_player[Drew Butera (460077)],65.31,0.14,65.03,65.59,7514.5,6390.65,1.0,0.0,0.0,Drew Butera (460077)
57,mu_player[Magneuris Sierra (642423)],65.33,0.14,65.05,65.61,8868.59,6341.24,1.0,0.0,0.0,Magneuris Sierra (642423)
58,mu_player[Livan Soto (670869)],65.34,0.4,64.54,66.13,10865.04,6525.91,1.0,0.0,0.0,Livan Soto (670869)
59,mu_player[Humberto Arteaga (600858)],65.35,0.28,64.81,65.91,9875.17,5952.94,1.0,0.0,0.0,Humberto Arteaga (600858)
60,mu_player[Carlos Asuaje (641319)],65.36,0.15,65.07,65.67,7155.78,5562.22,1.0,0.0,0.0,Carlos Asuaje (641319)
61,mu_player[Iván De Jesús Jr. (474443)],65.39,0.23,64.93,65.84,8762.23,5785.76,1.0,0.0,0.0,Iván De Jesús Jr. (474443)
62,mu_player[Michael Bourn (456422)],65.39,0.19,65.02,65.76,8854.47,6285.33,1.0,0.0,0.0,Michael Bourn (456422)
63,mu_player[Luis Arraez (650333)],65.4,0.08,65.24,65.56,2880.04,4393.09,1.0,0.0,0.0,Luis Arraez (650333)
64,mu_player[Christian Colón (518568)],65.47,0.24,65.0,65.93,9077.6,6481.74,1.0,0.0,0.0,Christian Colón (518568)
65,mu_player[Domingo Leyba (642736)],65.48,0.31,64.87,66.06,7734.63,5988.13,1.0,0.0,0.0,Domingo Leyba (642736)
66,mu_player[Jon Jay (445055)],65.5,0.09,65.33,65.67,3766.5,5093.27,1.0,0.0,0.0,Jon Jay (445055)
67,mu_player[Tzu-Wei Lin (624407)],65.51,0.25,65.03,66.0,10051.76,6146.03,1.0,0.0,0.0,Tzu-Wei Lin (624407)
68,mu_player[Tyler Ladendorf (502285)],65.52,0.54,64.47,66.56,9364.59,6183.68,1.0,0.01,0.0,Tyler Ladendorf (502285)
69,mu_player[Omar Narváez (553882)],65.53,0.08,65.38,65.69,3307.12,4371.76,1.0,0.0,0.0,Omar Narváez (553882)
70,mu_player[Zack Granite (643335)],65.54,0.37,64.83,66.28,10221.97,6163.0,1.0,0.0,0.0,Zack Granite (643335)
71,mu_player[Kean Wong (642221)],65.56,0.39,64.8,66.34,10388.59,5886.0,1.0,0.0,0.0,Kean Wong (642221)
72,mu_player[Johnny Giavotella (543213)],65.57,0.2,65.19,65.96,9223.9,6308.23,1.0,0.0,0.0,Johnny Giavotella (543213)
73,mu_player[Ben DeLuzio (641512)],65.59,0.67,64.3,66.89,10508.78,6118.9,1.0,0.01,0.0,Ben DeLuzio (641512)
74,mu_player[Michael Reed (605439)],65.59,0.58,64.46,66.75,11509.32,6046.99,1.0,0.01,0.0,Michael Reed (605439)
75,mu_player[Tomás Telis (542513)],65.59,0.3,65.0,66.19,10995.97,5884.24,1.0,0.0,0.0,Tomás Telis (542513)
76,mu_player[Nicky Lopez (670032)],65.6,0.09,65.43,65.77,3432.77,4432.01,1.0,0.0,0.0,Nicky Lopez (670032)
77,mu_player[Luis Sardinas (596143)],65.61,0.22,65.18,66.04,9088.67,5875.05,1.0,0.0,0.0,Luis Sardinas (596143)
78,mu_player[Hanser Alberto (593643)],65.61,0.1,65.42,65.8,3640.49,5693.51,1.0,0.0,0.0,Hanser Alberto (593643)
79,mu_player[Ichiro Suzuki (400085)],65.63,0.19,65.25,65.99,752.67,1822.44,1.0,0.01,0.0,Ichiro Suzuki (400085)
80,mu_player[Mallex Smith (605480)],65.65,0.09,65.47,65.83,3196.29,5055.53,1.0,0.0,0.0,Mallex Smith (605480)
81,mu_player[Dixon Machado (553988)],65.67,0.18,65.32,66.01,8732.95,5965.49,1.0,0.0,0.0,Dixon Machado (553988)
82,mu_player[Raffy Lopez (607257)],65.67,0.26,65.16,66.17,10623.94,6251.33,1.0,0.0,0.0,Raffy Lopez (607257)
83,mu_player[Rob Brantly (542963)],65.68,0.41,64.9,66.47,10667.75,6885.32,1.0,0.0,0.0,Rob Brantly (542963)
84,mu_player[Nick Allen (669397)],65.69,0.16,65.38,66.0,8583.15,6584.27,1.0,0.0,0.0,Nick Allen (669397)
85,mu_player[Juan Centeno (518542)],65.69,0.21,65.27,66.09,8491.68,6636.57,1.0,0.0,0.0,Juan Centeno (518542)
86,mu_player[Tres Barrera (668663)],65.72,0.27,65.19,66.24,10214.92,6569.22,1.0,0.0,0.0,Tres Barrera (668663)
87,mu_player[Austin Allen (664119)],65.74,0.31,65.14,66.34,9658.71,6192.85,1.0,0.0,0.0,Austin Allen (664119)
88,mu_player[Nick Madrigal (663611)],65.75,0.14,65.48,66.03,7173.52,5303.92,1.0,0.0,0.0,Nick Madrigal (663611)
89,mu_player[Trevor Brown (623143)],65.76,0.26,65.25,66.28,10739.1,6786.41,1.0,0.0,0.0,Trevor Brown (623143)
90,mu_player[Alcides Escobar (444876)],65.82,0.07,65.67,65.96,2841.56,4894.0,1.0,0.0,0.0,Alcides Escobar (444876)
91,mu_player[Joey Rickard (572073)],65.83,0.12,65.6,66.06,5371.75,5738.18,1.0,0.0,0.0,Joey Rickard (572073)
92,mu_player[Mike Aviles (449107)],65.83,0.23,65.38,66.28,10389.79,6333.26,1.0,0.0,0.0,Mike Aviles (449107)
93,mu_player[Jacob Hurtubise (674441)],65.84,1.08,63.7,67.98,10863.31,6283.56,1.0,0.01,0.01,Jacob Hurtubise (674441)
94,mu_player[Jack Reinheimer (595373)],65.84,0.54,64.79,66.9,11430.64,6599.85,1.0,0.01,0.0,Jack Reinheimer (595373)
95,mu_player[Delino DeShields (592261)],65.84,0.09,65.65,66.02,3098.28,5270.62,1.0,0.0,0.0,Delino DeShields (592261)
96,mu_player[Beau Taylor (607333)],65.86,0.45,64.99,66.74,10587.78,6604.06,1.0,0.0,0.0,Beau Taylor (607333)
97,mu_player[John Andreoli (607430)],65.86,0.43,65.03,66.69,10623.66,6093.52,1.0,0.0,0.0,John Andreoli (607430)
98,mu_player[Rafael Marchán (665561)],65.89,0.38,65.15,66.64,10291.39,6377.67,1.0,0.0,0.0,Rafael Marchán (665561)
99,mu_player[James Beresford (503437)],65.9,0.66,64.59,67.19,10799.95,6152.97,1.0,0.01,0.0,James Beresford (503437)
100,mu_player[Marco Hernández (593523)],65.91,0.21,65.5,66.31,8953.95,5907.29,1.0,0.0,0.0,Marco Hernández (593523)
101,mu_player[Leo Rivas (660844)],65.92,0.62,64.68,67.15,9730.85,6090.06,1.0,0.01,0.0,Leo Rivas (660844)
102,mu_player[Brock Holt (571788)],65.92,0.1,65.73,66.11,4600.13,5845.8,1.0,0.0,0.0,Brock Holt (571788)
103,mu_player[Rubén Tejada (514913)],65.92,0.25,65.44,66.42,9602.25,6234.99,1.0,0.0,0.0,Rubén Tejada (514913)
104,mu_player[Rocky Gale (502570)],65.92,0.64,64.67,67.19,10485.38,5939.55,1.0,0.01,0.0,Rocky Gale (502570)
105,mu_player[Bryan Torres (663494)],65.93,0.87,64.24,67.64,11035.72,6480.04,1.0,0.01,0.01,Bryan Torres (663494)
106,mu_player[Arismendy Alcántara (570489)],65.93,0.3,65.35,66.53,10961.02,6553.85,1.0,0.0,0.0,Arismendy Alcántara (570489)
107,mu_player[Luis Guillorme (641645)],65.93,0.13,65.67,66.19,6980.25,6096.59,1.0,0.0,0.0,Luis Guillorme (641645)
108,mu_player[Myles Straw (664702)],65.93,0.09,65.75,66.1,4048.73,4929.54,1.0,0.0,0.0,Myles Straw (664702)
109,mu_player[Andrew Romine (461865)],65.94,0.12,65.69,66.19,5691.15,5811.13,1.0,0.0,0.0,Andrew Romine (461865)
110,mu_player[Ramiro Pena (455369)],65.95,0.37,65.23,66.67,10231.39,5941.19,1.0,0.0,0.0,Ramiro Pena (455369)
111,mu_player[Dustin Pedroia (456030)],65.96,0.11,65.75,66.18,5305.68,6034.16,1.0,0.0,0.0,Dustin Pedroia (456030)
112,mu_player[Greg Garcia (594824)],65.98,0.12,65.75,66.2,4898.62,5359.53,1.0,0.0,0.0,Greg Garcia (594824)
113,mu_player[Travis Jankowski (608671)],65.99,0.11,65.78,66.21,5544.9,6019.15,1.0,0.0,0.0,Travis Jankowski (608671)
114,mu_player[Francisco Arcia (516472)],66.0,0.33,65.35,66.65,10031.0,6048.17,1.0,0.0,0.0,Francisco Arcia (516472)
115,mu_player[Alex Presley (502100)],66.01,0.18,65.65,66.36,10453.58,6842.49,1.0,0.0,0.0,Alex Presley (502100)
116,mu_player[Johneshwy Fargas (641561)],66.01,0.45,65.12,66.91,9884.87,6024.35,1.0,0.0,0.0,Johneshwy Fargas (641561)
117,mu_player[Emilio Bonifácio (466988)],66.02,0.38,65.28,66.77,10947.78,6072.92,1.0,0.0,0.0,Emilio Bonifácio (466988)
118,mu_player[Jarrod Dyson (502481)],66.02,0.1,65.84,66.22,4743.07,4853.61,1.0,0.0,0.0,Jarrod Dyson (502481)
119,mu_player[Cam Gallagher (595956)],66.03,0.16,65.73,66.33,7346.86,6051.02,1.0,0.0,0.0,Cam Gallagher (595956)
120,mu_player[Brian Miller (675649)],66.05,0.87,64.35,67.76,10454.26,5748.15,1.0,0.01,0.01,Brian Miller (675649)
121,mu_player[Wilfredo Tovar (541600)],66.06,0.35,65.38,66.74,9722.76,6150.73,1.0,0.0,0.0,Wilfredo Tovar (541600)
122,mu_player[Anthony Bemboom (621532)],66.09,0.25,65.6,66.58,9163.84,6337.87,1.0,0.0,0.0,Anthony Bemboom (621532)
123,mu_player[Jason Delay (641511)],66.1,0.2,65.7,66.49,9420.78,6314.49,1.0,0.0,0.0,Jason Delay (641511)
124,mu_player[Jordan Pacheco (457574)],66.11,0.47,65.2,67.03,9723.99,6451.32,1.0,0.0,0.0,Jordan Pacheco (457574)
125,mu_player[Miguel Montero (471083)],66.12,0.16,65.82,66.43,7455.54,5434.48,1.0,0.0,0.0,Miguel Montero (471083)
126,mu_player[Chase d'Arnaud (488818)],66.14,0.18,65.79,66.5,8475.11,5950.35,1.0,0.0,0.0,Chase d'Arnaud (488818)
127,mu_player[Xavier Edwards (669364)],66.14,0.27,65.62,66.66,10111.59,5586.76,1.0,0.0,0.0,Xavier Edwards (669364)
128,mu_player[Alfredo González (554054)],66.15,1.03,64.13,68.15,10892.96,6257.93,1.0,0.01,0.01,Alfredo González (554054)
129,mu_player[Bubba Starling (605490)],66.17,0.22,65.74,66.61,9562.21,5809.49,1.0,0.0,0.0,Bubba Starling (605490)
130,mu_player[Andre Lipcius (686531)],66.18,1.33,63.62,68.81,10714.08,6260.15,1.0,0.01,0.01,Andre Lipcius (686531)
131,mu_player[Kristopher Negrón (502117)],66.2,0.28,65.64,66.75,9582.84,6130.7,1.0,0.0,0.0,Kristopher Negrón (502117)
132,mu_player[Jared Hoying (592419)],66.2,0.31,65.59,66.79,9922.27,5940.75,1.0,0.0,0.0,Jared Hoying (592419)
133,mu_player[Jacob May (594576)],66.21,0.5,65.24,67.2,10405.47,6446.13,1.0,0.0,0.0,Jacob May (594576)
134,mu_player[Rikuu Nishida (807747)],66.22,1.68,62.96,69.51,9944.27,6293.98,1.0,0.02,0.01,Rikuu Nishida (807747)
135,mu_player[Brayan Peña (430910)],66.23,0.99,64.33,68.15,11418.95,6537.91,1.0,0.01,0.01,Brayan Peña (430910)
136,mu_player[Stevie Wilkerson (592859)],66.24,0.16,65.92,66.57,8002.81,5803.49,1.0,0.0,0.0,Stevie Wilkerson (592859)
137,mu_player[Dioner Navarro (425900)],66.24,0.2,65.85,66.63,9228.92,5276.18,1.0,0.0,0.0,Dioner Navarro (425900)
138,mu_player[Norichika Aoki (493114)],66.25,0.13,66.01,66.49,6501.33,5146.03,1.0,0.0,0.0,Norichika Aoki (493114)
139,mu_player[Matt Szczur (519333)],66.26,0.16,65.95,66.57,9557.17,6126.17,1.0,0.0,0.0,Matt Szczur (519333)
140,mu_player[Daniel Robertson (543706)],66.27,0.4,65.5,67.03,11884.32,6317.81,1.0,0.0,0.0,Daniel Robertson (543706)
141,mu_player[Nolan Schanuel (694384)],66.29,0.28,65.74,66.83,9947.49,5831.56,1.0,0.0,0.0,Nolan Schanuel (694384)
142,mu_player[Jaff Decker (543094)],66.29,0.33,65.65,66.95,9254.96,5727.14,1.0,0.0,0.0,Jaff Decker (543094)
143,mu_player[Cliff Pennington (460060)],66.29,0.16,65.97,66.61,8049.53,5471.82,1.0,0.0,0.0,Cliff Pennington (460060)
144,mu_player[Yonathan Daza (602074)],66.3,0.12,66.07,66.53,5449.0,5939.87,1.0,0.0,0.0,Yonathan Daza (602074)
145,mu_player[Bryce Johnson (669369)],66.3,0.4,65.51,67.09,10940.52,6390.75,1.0,0.0,0.0,Bryce Johnson (669369)
146,mu_player[Boog Powell (621471)],66.31,0.3,65.72,66.9,10730.29,5808.98,1.0,0.0,0.0,Boog Powell (621471)
147,mu_player[Tim Locastro (641796)],66.32,0.15,66.02,66.62,8255.57,6156.24,1.0,0.0,0.0,Tim Locastro (641796)
148,mu_player[Michael Martinez (492841)],66.32,0.29,65.75,66.9,11410.6,6333.61,1.0,0.0,0.0,Michael Martinez (492841)
149,mu_player[Alexei Ramirez (493351)],66.32,0.16,66.02,66.64,8722.01,5429.64,1.0,0.0,0.0,Alexei Ramirez (493351)
150,mu_player[Adam Frazier (624428)],66.33,0.07,66.21,66.46,1893.94,4171.77,1.0,0.0,0.0,Adam Frazier (624428)
151,mu_player[Tucker Barnhart (571466)],66.34,0.07,66.2,66.48,2163.53,4550.23,1.0,0.0,0.0,Tucker Barnhart (571466)
152,mu_player[Wilmer Difo (594694)],66.34,0.1,66.15,66.54,4480.35,5580.64,1.0,0.0,0.0,Wilmer Difo (594694)
153,mu_player[Carl Crawford (408307)],66.35,0.39,65.58,67.1,10608.45,6632.03,1.0,0.0,0.0,Carl Crawford (408307)
154,mu_player[Sergio Alcántara (642727)],66.37,0.17,66.04,66.69,8168.43,6195.87,1.0,0.0,0.0,Sergio Alcántara (642727)
155,mu_player[Drew Ellis (656403)],66.38,0.31,65.77,66.99,9716.5,6116.26,1.0,0.0,0.0,Drew Ellis (656403)
156,mu_player[David MacKinnon (676950)],66.39,0.44,65.54,67.26,10759.24,6198.17,1.0,0.0,0.0,David MacKinnon (676950)
157,mu_player[Matt McBride (473724)],66.39,0.52,65.39,67.4,10832.93,5838.65,1.0,0.01,0.0,Matt McBride (473724)
158,mu_player[Jimmy Rollins (276519)],66.39,0.28,65.85,66.94,10831.52,6355.3,1.0,0.0,0.0,Jimmy Rollins (276519)
159,mu_player[Hyeseong Kim (808975)],66.39,0.6,65.22,67.59,10909.7,6201.06,1.0,0.01,0.0,Hyeseong Kim (808975)
160,mu_player[Don Kelly (430603)],66.4,0.64,65.14,67.66,10453.63,6019.31,1.0,0.01,0.0,Don Kelly (430603)
161,mu_player[Nate Orf (644337)],66.41,0.62,65.17,67.64,10910.33,6154.38,1.0,0.01,0.0,Nate Orf (644337)
162,mu_player[Spencer Kieboom (571851)],66.41,0.32,65.78,67.04,9504.0,6171.93,1.0,0.0,0.0,Spencer Kieboom (571851)
163,mu_player[Alan Trejo (676701)],66.45,0.19,66.08,66.82,8471.96,6262.96,1.0,0.0,0.0,Alan Trejo (676701)
164,mu_player[Allen Córdoba (642707)],66.45,0.25,65.96,66.95,9907.14,6057.36,1.0,0.0,0.0,Allen Córdoba (642707)
165,mu_player[Alen Hanson (593700)],66.46,0.14,66.19,66.74,8258.6,5785.94,1.0,0.0,0.0,Alen Hanson (593700)
166,mu_player[Nick Noonan (519082)],66.48,0.79,64.92,68.02,9866.54,6153.89,1.0,0.01,0.01,Nick Noonan (519082)
167,mu_player[P.J. Higgins (664731)],66.49,0.23,66.04,66.95,9709.9,6298.89,1.0,0.0,0.0,P.J. Higgins (664731)
168,mu_player[Jake Mangum (663968)],66.5,0.36,65.82,67.21,9913.91,5952.7,1.0,0.0,0.0,Jake Mangum (663968)
169,mu_player[Taylor Davis (543089)],66.5,0.51,65.51,67.53,11474.49,6194.02,1.0,0.0,0.0,Taylor Davis (543089)
170,mu_player[Geraldo Perdomo (672695)],66.51,0.12,66.28,66.76,3989.82,5568.59,1.0,0.0,0.0,Geraldo Perdomo (672695)
171,mu_player[Carlos Pérez (656024)],66.52,0.62,65.32,67.74,10375.32,5734.93,1.0,0.01,0.0,Carlos Pérez (656024)
172,mu_player[Greg Allen (656185)],66.53,0.13,66.27,66.78,5033.06,6315.22,1.0,0.0,0.0,Greg Allen (656185)
173,mu_player[Ángel Pagán (434636)],66.53,0.16,66.2,66.85,9292.46,6048.33,1.0,0.0,0.0,Ángel Pagán (434636)
174,mu_player[Omar Infante (408299)],66.53,0.31,65.93,67.13,9911.0,5711.71,1.0,0.0,0.0,Omar Infante (408299)
175,mu_player[Grégor Blanco (453923)],66.55,0.14,66.29,66.83,8013.73,6009.87,1.0,0.0,0.0,Grégor Blanco (453923)
176,mu_player[Max Schrock (621011)],66.57,0.25,66.08,67.06,9608.65,6112.79,1.0,0.0,0.0,Max Schrock (621011)
177,mu_player[Max Moroff (621559)],66.58,0.22,66.16,67.0,7277.21,5136.98,1.0,0.0,0.0,Max Moroff (621559)
178,mu_player[Josh Phegley (572033)],66.58,0.14,66.31,66.86,7110.22,5944.9,1.0,0.0,0.0,Josh Phegley (572033)
179,mu_player[Nick Ciuffo (624419)],66.59,0.45,65.72,67.48,10774.7,5562.6,1.0,0.0,0.0,Nick Ciuffo (624419)
180,mu_player[Zach Vincej (572227)],66.59,0.82,64.98,68.19,10608.57,5611.4,1.0,0.01,0.01,Zach Vincej (572227)
181,mu_player[Stuart Turner (642156)],66.59,0.4,65.83,67.37,9841.48,5674.09,1.0,0.0,0.0,Stuart Turner (642156)
182,mu_player[Sandy León (506702)],66.6,0.09,66.43,66.78,3996.93,6086.74,1.0,0.0,0.0,Sandy León (506702)
183,mu_player[Nick Buss (502544)],66.64,0.36,65.94,67.34,10072.16,6397.85,1.0,0.0,0.0,Nick Buss (502544)
184,mu_player[Luke Williams (663897)],66.64,0.22,66.21,67.07,7028.79,5572.25,1.0,0.0,0.0,Luke Williams (663897)
185,mu_player[Josh Harrison (543281)],66.65,0.07,66.52,66.79,2160.82,3796.96,1.0,0.0,0.0,Josh Harrison (543281)
186,mu_player[Chase Meidroth (805367)],66.65,0.36,65.94,67.35,11251.64,6324.96,1.0,0.0,0.0,Chase Meidroth (805367)
187,mu_player[Bobby Wilson (435064)],66.67,0.16,66.35,66.99,8361.64,5634.87,1.0,0.0,0.0,Bobby Wilson (435064)
188,mu_player[Julio Borbon (474865)],66.68,0.86,65.01,68.38,10619.38,6878.62,1.0,0.01,0.01,Julio Borbon (474865)
189,mu_player[Alex D. Mejia (622270)],66.68,0.48,65.76,67.63,10683.34,6403.47,1.0,0.0,0.0,Alex D. Mejia (622270)
190,mu_player[Alberto Rosario (451705)],66.69,0.53,65.65,67.73,10953.19,6152.32,1.0,0.01,0.0,Alberto Rosario (451705)
191,mu_player[Anthony Seigler (678011)],66.72,0.71,65.33,68.15,10488.62,6809.82,1.0,0.01,0.0,Anthony Seigler (678011)
192,mu_player[Joe Panik (605412)],66.74,0.08,66.58,66.89,2032.45,4009.79,1.0,0.0,0.0,Joe Panik (605412)
193,mu_player[Stephen Cardullo (506924)],66.74,0.33,66.09,67.38,9766.48,6195.67,1.0,0.0,0.0,Stephen Cardullo (506924)
194,mu_player[Ernie Clement (676391)],66.74,0.17,66.41,67.07,9186.78,6516.17,1.0,0.0,0.0,Ernie Clement (676391)
195,mu_player[Jonathan Davis (641505)],66.74,0.17,66.41,67.08,6972.55,6257.05,1.0,0.0,0.0,Jonathan Davis (641505)
196,mu_player[Emmanuel Burriss (502034)],66.74,0.49,65.77,67.7,9822.95,5684.48,1.0,0.0,0.0,Emmanuel Burriss (502034)
197,mu_player[Andy Burns (542992)],66.77,0.79,65.24,68.28,10888.34,5561.91,1.0,0.01,0.01,Andy Burns (542992)
198,mu_player[Caleb Joseph (543376)],66.77,0.13,66.51,67.02,8237.11,5564.06,1.0,0.0,0.0,Caleb Joseph (543376)
199,mu_player[Drew Jackson (623515)],66.78,1.19,64.44,69.11,10390.96,6252.3,1.0,0.01,0.01,Drew Jackson (623515)
200,mu_player[Tsung-Che Cheng (691907)],66.79,1.34,64.12,69.38,10692.76,5554.55,1.0,0.01,0.01,Tsung-Che Cheng (691907)
201,mu_player[Nathan Lukes (664770)],66.79,0.32,66.16,67.4,10513.05,6791.51,1.0,0.0,0.0,Nathan Lukes (664770)
202,mu_player[Curt Casali (592200)],66.8,0.1,66.6,67.0,4462.53,5868.69,1.0,0.0,0.0,Curt Casali (592200)
203,mu_player[Will Craig (643269)],66.8,0.41,66.0,67.58,10524.67,6117.54,1.0,0.0,0.0,Will Craig (643269)
204,mu_player[Chance Sisco (642082)],66.83,0.14,66.54,67.11,8039.41,6162.84,1.0,0.0,0.0,Chance Sisco (642082)
205,mu_player[Miles Mastrobuoni (670156)],66.84,0.35,66.17,67.52,10848.47,6060.48,1.0,0.0,0.0,Miles Mastrobuoni (670156)
206,mu_player[Ehire Adrianza (501303)],66.84,0.1,66.64,67.05,4568.53,6285.64,1.0,0.0,0.0,Ehire Adrianza (501303)
207,mu_player[Trenton Brooks (670092)],66.85,1.13,64.63,69.04,11287.47,6749.27,1.0,0.01,0.01,Trenton Brooks (670092)
208,mu_player[José Fermín (665877)],66.85,0.53,65.81,67.88,10853.41,6274.72,1.0,0.01,0.0,José Fermín (665877)
209,mu_player[Samad Taylor (669392)],66.88,0.47,65.97,67.83,10038.65,5894.61,1.0,0.0,0.0,Samad Taylor (669392)
210,mu_player[Joseph Odom (641929)],66.88,0.52,65.84,67.9,11092.24,6075.51,1.0,0.0,0.0,Joseph Odom (641929)
211,mu_player[Gerardo Parra (467827)],66.88,0.09,66.71,67.06,3287.59,5219.34,1.0,0.0,0.0,Gerardo Parra (467827)
212,mu_player[Reese McGuire (624512)],66.88,0.13,66.63,67.13,5998.66,5532.58,1.0,0.0,0.0,Reese McGuire (624512)
213,mu_player[Donovan Walton (622268)],66.89,0.24,66.41,67.37,10520.19,6417.62,1.0,0.0,0.0,Donovan Walton (622268)
214,mu_player[JB Shuck (543776)],66.89,0.19,66.53,67.26,9917.85,6261.16,1.0,0.0,0.0,JB Shuck (543776)
215,mu_player[Sal Frelick (686217)],66.9,0.28,66.34,67.46,10561.97,6259.05,1.0,0.0,0.0,Sal Frelick (686217)
216,mu_player[Sherman Johnson (582473)],66.9,1.14,64.64,69.16,9676.34,6065.86,1.0,0.01,0.01,Sherman Johnson (582473)
217,mu_player[Devin Mesoraco (519023)],66.91,0.16,66.58,67.23,5220.72,5450.83,1.0,0.0,0.0,Devin Mesoraco (519023)
218,mu_player[José Peraza (606299)],66.95,0.08,66.8,67.11,2517.24,4413.99,1.0,0.0,0.0,José Peraza (606299)
219,mu_player[Cal Stevenson (670276)],66.97,0.41,66.17,67.79,10094.58,6174.03,1.0,0.0,0.0,Cal Stevenson (670276)
220,mu_player[Mason Williams (592863)],66.98,0.21,66.55,67.4,10301.55,5572.11,1.0,0.0,0.0,Mason Williams (592863)
221,mu_player[Esteban Quiroz (606019)],66.99,0.53,65.95,68.03,10592.25,6151.79,1.0,0.01,0.0,Esteban Quiroz (606019)
222,mu_player[Zach Remillard (621545)],67.0,0.55,65.91,68.05,10674.9,6209.74,1.0,0.01,0.0,Zach Remillard (621545)
223,mu_player[Eddy Alvarez (657193)],67.0,0.3,66.43,67.57,10043.06,6097.9,1.0,0.0,0.0,Eddy Alvarez (657193)
224,mu_player[Steve Clevenger (502182)],67.0,0.43,66.15,67.85,9569.98,6149.2,1.0,0.0,0.0,Steve Clevenger (502182)
225,mu_player[Brandon Guyer (446386)],67.0,0.13,66.74,67.25,7416.12,5193.21,1.0,0.0,0.0,Brandon Guyer (446386)
226,mu_player[Dustin Garneau (572863)],67.01,0.17,66.68,67.33,9015.93,5906.74,1.0,0.0,0.0,Dustin Garneau (572863)
227,mu_player[Dustin Harris (687957)],67.01,0.99,65.11,68.95,10789.24,6280.55,1.0,0.01,0.01,Dustin Harris (687957)
228,mu_player[Santiago Espinal (669289)],67.01,0.11,66.79,67.23,5459.86,5496.81,1.0,0.0,0.0,Santiago Espinal (669289)
229,mu_player[Josh Thole (489365)],67.02,0.31,66.42,67.62,10460.81,6802.52,1.0,0.0,0.0,Josh Thole (489365)
230,mu_player[Joe McCarthy (663411)],67.02,0.99,65.08,68.92,11258.44,6436.54,1.0,0.01,0.01,Joe McCarthy (663411)
231,mu_player[Deven Marrero (571918)],67.02,0.2,66.64,67.42,10872.12,6361.81,1.0,0.0,0.0,Deven Marrero (571918)
232,mu_player[Coco Crisp (424825)],67.02,0.17,66.69,67.36,9605.83,6261.92,1.0,0.0,0.0,Coco Crisp (424825)
233,mu_player[T.J. Rivera (608061)],67.03,0.19,66.64,67.41,8402.99,5467.75,1.0,0.0,0.0,T.J. Rivera (608061)
234,mu_player[Jae-Gyun Hwang (666561)],67.04,0.47,66.12,67.94,10505.32,6357.6,1.0,0.0,0.0,Jae-Gyun Hwang (666561)
235,mu_player[Taylor Walls (670764)],67.04,0.12,66.79,67.27,5802.71,5424.15,1.0,0.0,0.0,Taylor Walls (670764)
236,mu_player[Matt Skole (605474)],67.04,0.38,66.3,67.78,10050.9,6721.84,1.0,0.0,0.0,Matt Skole (605474)
237,mu_player[Luis Marté (606336)],67.04,1.16,64.8,69.34,10792.61,6114.63,1.0,0.01,0.01,Luis Marté (606336)
238,mu_player[Collin Cowgill (518577)],67.05,0.89,65.34,68.8,10739.53,6430.53,1.0,0.01,0.01,Collin Cowgill (518577)
239,mu_player[Tony Renda (573113)],67.06,0.46,66.17,67.96,9693.52,5881.18,1.0,0.0,0.0,Tony Renda (573113)
240,mu_player[Kevin Newman (621028)],67.06,0.09,66.88,67.23,3198.24,4682.67,1.0,0.0,0.0,Kevin Newman (621028)
241,mu_player[Will Venable (461416)],67.06,0.77,65.57,68.6,10019.91,6314.73,1.0,0.01,0.01,Will Venable (461416)
242,mu_player[Charlie Tilson (605508)],67.06,0.22,66.62,67.48,9907.31,6012.66,1.0,0.0,0.0,Charlie Tilson (605508)
243,mu_player[Shogo Akiyama (673451)],67.06,0.19,66.7,67.43,9838.52,5412.23,1.0,0.0,0.0,Shogo Akiyama (673451)
244,mu_player[Vidal Bruján (660644)],67.07,0.21,66.65,67.48,9347.6,6096.55,1.0,0.0,0.0,Vidal Bruján (660644)
245,mu_player[Mark Mathias (664029)],67.07,0.27,66.55,67.58,10501.36,6664.98,1.0,0.0,0.0,Mark Mathias (664029)
246,mu_player[Cody Freeman (683227)],67.09,0.83,65.46,68.7,11441.74,5721.84,1.0,0.01,0.01,Cody Freeman (683227)
247,mu_player[Jose Iglesias (578428)],67.11,0.07,66.98,67.25,2115.43,3189.68,1.0,0.0,0.0,Jose Iglesias (578428)
248,mu_player[Cedric Hunter (501986)],67.11,0.57,65.99,68.25,10281.12,5644.64,1.0,0.01,0.0,Cedric Hunter (501986)
249,mu_player[Ramón Flores (570717)],67.11,0.22,66.69,67.54,9209.84,5927.77,1.0,0.0,0.0,Ramón Flores (570717)
250,mu_player[Greg Deichmann (656364)],67.12,0.64,65.86,68.37,10207.83,6318.7,1.0,0.01,0.0,Greg Deichmann (656364)
251,mu_player[Jemile Weeks (457789)],67.12,0.47,66.2,68.05,10458.53,6566.06,1.0,0.0,0.0,Jemile Weeks (457789)
252,mu_player[Danny Mendick (664901)],67.12,0.16,66.8,67.45,8078.7,6228.63,1.0,0.0,0.0,Danny Mendick (664901)
253,mu_player[Brian Serven (661531)],67.13,0.22,66.7,67.56,7526.04,6087.72,1.0,0.0,0.0,Brian Serven (661531)
254,mu_player[Tucupita Marcano (672779)],67.13,0.19,66.76,67.5,10657.81,6560.43,1.0,0.0,0.0,Tucupita Marcano (672779)
255,mu_player[Daniel Nava (537953)],67.14,0.19,66.75,67.53,9660.94,5530.78,1.0,0.0,0.0,Daniel Nava (537953)
256,mu_player[Joshua Fuentes (658069)],67.14,0.16,66.82,67.46,8090.94,5847.38,1.0,0.0,0.0,Joshua Fuentes (658069)
257,mu_player[John Nogowski (596056)],67.14,0.31,66.53,67.75,10634.1,6220.3,1.0,0.0,0.0,John Nogowski (596056)
258,mu_player[Mark Kolozsvary (656627)],67.14,0.83,65.52,68.79,11091.71,5871.15,1.0,0.01,0.01,Mark Kolozsvary (656627)
259,mu_player[Nick Sogard (686765)],67.16,0.62,65.95,68.37,10205.01,6242.38,1.0,0.01,0.0,Nick Sogard (686765)
260,mu_player[Joe Hudson (621529)],67.17,0.71,65.78,68.59,10612.32,6688.91,1.0,0.01,0.0,Joe Hudson (621529)
261,mu_player[Alejandro De Aza (457477)],67.18,0.2,66.79,67.56,8033.28,6490.02,1.0,0.0,0.0,Alejandro De Aza (457477)
262,mu_player[Tyler Smith (642094)],67.18,0.78,65.65,68.68,10133.24,6136.12,1.0,0.01,0.01,Tyler Smith (642094)
263,mu_player[Luis Barrera (642456)],67.18,0.38,66.45,67.91,10150.77,6464.81,1.0,0.0,0.0,Luis Barrera (642456)
264,mu_player[Turner Hill (806367)],67.19,1.8,63.64,70.77,10615.31,6466.33,1.0,0.02,0.01,Turner Hill (806367)
265,mu_player[Mark Zagunis (657145)],67.2,0.47,66.27,68.1,11631.3,6359.73,1.0,0.0,0.0,Mark Zagunis (657145)
266,mu_player[Freddy Galvis (520471)],67.21,0.07,67.08,67.33,1962.09,3494.04,1.0,0.0,0.0,Freddy Galvis (520471)
267,mu_player[Terrin Vavra (679631)],67.22,0.27,66.7,67.76,8987.56,6334.02,1.0,0.0,0.0,Terrin Vavra (679631)
268,mu_player[Brett Sullivan (664954)],67.23,0.41,66.43,68.02,10580.39,6470.28,1.0,0.0,0.0,Brett Sullivan (664954)
269,mu_player[Tommy La Stella (600303)],67.23,0.1,67.03,67.42,4074.01,5048.18,1.0,0.0,0.0,Tommy La Stella (600303)
270,mu_player[Whit Merrifield (593160)],67.23,0.06,67.12,67.35,1400.7,3151.47,1.0,0.0,0.0,Whit Merrifield (593160)
271,mu_player[Jacob Amaya (676070)],67.23,0.76,65.75,68.69,10464.18,6109.43,1.0,0.01,0.01,Jacob Amaya (676070)
272,mu_player[Esteury Ruiz (665923)],67.23,0.17,66.9,67.56,8208.73,6618.77,1.0,0.0,0.0,Esteury Ruiz (665923)
273,mu_player[Aaron Hill (431094)],67.24,0.17,66.91,67.57,7694.28,5501.03,1.0,0.0,0.0,Aaron Hill (431094)
274,mu_player[Scott Hurst (656568)],67.24,1.2,64.86,69.55,9967.43,5927.28,1.0,0.01,0.01,Scott Hurst (656568)
275,mu_player[Coco Montes (663796)],67.25,0.5,66.29,68.22,9390.95,6245.83,1.0,0.01,0.0,Coco Montes (663796)
276,mu_player[Liam Hicks (689414)],67.26,0.4,66.47,68.06,10133.82,6092.36,1.0,0.0,0.0,Liam Hicks (689414)
277,mu_player[José Devers (672701)],67.26,0.47,66.33,68.21,10236.03,6280.96,1.0,0.0,0.0,José Devers (672701)
278,mu_player[Grae Kessinger (666197)],67.27,0.83,65.63,68.89,10218.81,6463.14,1.0,0.01,0.01,Grae Kessinger (666197)
279,mu_player[Cavan Biggio (624415)],67.27,0.1,67.07,67.48,3761.74,4866.75,1.0,0.0,0.0,Cavan Biggio (624415)
280,mu_player[Irving Lopez (676761)],67.27,1.81,63.64,70.81,11137.65,6580.99,1.0,0.02,0.01,Irving Lopez (676761)
281,mu_player[Harold Castro (605612)],67.28,0.09,67.1,67.47,3213.82,4699.12,1.0,0.0,0.0,Harold Castro (605612)
282,mu_player[Nick Franklin (545338)],67.28,0.21,66.89,67.69,10354.8,6679.81,1.0,0.0,0.0,Nick Franklin (545338)
283,mu_player[Mason McCoy (669200)],67.28,1.15,64.99,69.53,10497.71,6133.73,1.0,0.01,0.01,Mason McCoy (669200)
284,mu_player[Forrest Wall (657088)],67.3,1.26,64.81,69.77,10432.73,6335.67,1.0,0.01,0.01,Forrest Wall (657088)
285,mu_player[Jack Mayfield (608686)],67.31,0.16,66.99,67.63,7782.95,5836.71,1.0,0.0,0.0,Jack Mayfield (608686)
286,mu_player[Jonah Bride (681146)],67.31,0.22,66.88,67.74,8840.39,6154.08,1.0,0.0,0.0,Jonah Bride (681146)
287,mu_player[Cristhian Adames (542436)],67.31,0.21,66.89,67.71,9252.39,5657.15,1.0,0.0,0.0,Cristhian Adames (542436)
288,mu_player[Matt Duffy (622110)],67.32,0.09,67.14,67.5,3284.19,5028.08,1.0,0.0,0.0,Matt Duffy (622110)
289,mu_player[Hoy Park (660829)],67.32,0.26,66.8,67.83,10599.58,6456.09,1.0,0.0,0.0,Hoy Park (660829)
290,mu_player[Raudy Read (600466)],67.32,0.68,65.99,68.67,10837.83,5489.93,1.0,0.01,0.0,Raudy Read (600466)
291,mu_player[Steven Baron (571467)],67.32,0.76,65.85,68.8,10675.5,6316.21,1.0,0.01,0.01,Steven Baron (571467)
292,mu_player[Jesús Sucre (491696)],67.33,0.17,67.0,67.65,8924.56,5620.46,1.0,0.0,0.0,Jesús Sucre (491696)
293,mu_player[Mitch Walding (605520)],67.33,0.86,65.64,69.03,10402.78,6234.48,1.0,0.01,0.01,Mitch Walding (605520)
294,mu_player[Munenori Kawasaki (493128)],67.34,0.71,65.99,68.73,11017.46,6440.96,1.0,0.01,0.0,Munenori Kawasaki (493128)
295,mu_player[Isiah Kiner-Falefa (643396)],67.34,0.08,67.18,67.5,2541.85,4330.97,1.0,0.0,0.0,Isiah Kiner-Falefa (643396)
296,mu_player[Alex Call (669743)],67.36,0.18,67.02,67.71,8988.61,5519.57,1.0,0.0,0.0,Alex Call (669743)
297,mu_player[Dominic Fletcher (666150)],67.36,0.31,66.75,67.96,11003.28,6039.72,1.0,0.0,0.0,Dominic Fletcher (666150)
298,mu_player[Drew Millas (686452)],67.37,0.62,66.16,68.57,10340.47,6321.95,1.0,0.01,0.0,Drew Millas (686452)
299,mu_player[Ramón Cabrera (541608)],67.37,0.27,66.84,67.9,10123.76,6023.02,1.0,0.0,0.0,Ramón Cabrera (541608)
300,mu_player[Richie Palacios (680700)],67.38,0.24,66.9,67.86,9687.01,6189.97,1.0,0.0,0.0,Richie Palacios (680700)
301,mu_player[Jett Bandy (542908)],67.38,0.16,67.08,67.69,7214.65,6056.6,1.0,0.0,0.0,Jett Bandy (542908)
302,mu_player[Guillermo Heredia (628338)],67.38,0.09,67.2,67.56,4225.67,5482.5,1.0,0.0,0.0,Guillermo Heredia (628338)
303,mu_player[Yolmer Sánchez (570560)],67.39,0.08,67.23,67.56,2969.87,4568.85,1.0,0.0,0.0,Yolmer Sánchez (570560)
304,mu_player[Gregorio Petit (463610)],67.4,0.21,66.99,67.81,10109.13,6514.06,1.0,0.0,0.0,Gregorio Petit (463610)
305,mu_player[Martín Prado (445988)],67.41,0.11,67.2,67.63,6394.89,5919.67,1.0,0.0,0.0,Martín Prado (445988)
306,mu_player[Ian Miller (641878)],67.41,0.73,66.0,68.84,10760.99,5964.04,1.0,0.01,0.0,Ian Miller (641878)
307,mu_player[Brett Nicholas (592592)],67.46,0.33,66.82,68.1,8169.69,5926.08,1.0,0.0,0.0,Brett Nicholas (592592)
308,mu_player[Logan Schafer (502582)],67.47,0.43,66.63,68.32,9927.47,5539.35,1.0,0.0,0.0,Logan Schafer (502582)
309,mu_player[Brandon Phillips (408252)],67.47,0.1,67.26,67.67,5133.98,5165.7,1.0,0.0,0.0,Brandon Phillips (408252)
310,mu_player[Ian Kinsler (435079)],67.48,0.08,67.31,67.65,6053.91,5447.14,1.0,0.0,0.0,Ian Kinsler (435079)
311,mu_player[Brett Wisely (689172)],67.49,0.31,66.9,68.1,9792.72,6519.49,1.0,0.0,0.0,Brett Wisely (689172)
312,mu_player[Scooter Gennett (571697)],67.5,0.08,67.34,67.67,2681.33,4656.51,1.0,0.0,0.0,Scooter Gennett (571697)
313,mu_player[Chris Okey (608360)],67.51,0.94,65.64,69.35,11121.95,6403.05,1.0,0.01,0.01,Chris Okey (608360)
314,mu_player[Richie Martin Jr. (621006)],67.51,0.16,67.19,67.82,7518.1,6178.29,1.0,0.0,0.0,Richie Martin Jr. (621006)
315,mu_player[Gordon Beckham (493596)],67.51,0.15,67.22,67.8,8230.78,6110.02,1.0,0.0,0.0,Gordon Beckham (493596)
316,mu_player[Charlie Culberson (518586)],67.51,0.11,67.29,67.73,3991.09,4668.8,1.0,0.0,0.0,Charlie Culberson (518586)
317,mu_player[Matthew Batten (676946)],67.51,0.6,66.36,68.67,10352.37,6385.61,1.0,0.01,0.0,Matthew Batten (676946)
318,mu_player[Richard Urena (620446)],67.52,0.21,67.11,67.93,9642.68,5533.4,1.0,0.0,0.0,Richard Urena (620446)
319,mu_player[José Reyes (408314)],67.52,0.11,67.3,67.74,6422.97,5449.54,1.0,0.0,0.0,José Reyes (408314)
320,mu_player[Gustavo Campero (672569)],67.53,0.9,65.78,69.28,10234.38,6359.34,1.0,0.01,0.01,Gustavo Campero (672569)
321,mu_player[Dom Nuñez (624513)],67.53,0.2,67.14,67.93,10059.55,6289.84,1.0,0.0,0.0,Dom Nuñez (624513)
322,mu_player[Andrés Blanco (433217)],67.54,0.18,67.19,67.89,8767.2,6389.28,1.0,0.0,0.0,Andrés Blanco (433217)
323,mu_player[Kaleb Cowart (592230)],67.54,0.19,67.18,67.91,9571.79,6134.69,1.0,0.0,0.0,Kaleb Cowart (592230)
324,mu_player[Sebastián Rivero (665861)],67.55,0.38,66.83,68.3,10244.75,6433.79,1.0,0.0,0.0,Sebastián Rivero (665861)
325,mu_player[Maverick Handley (668974)],67.55,1.28,65.02,70.08,10543.18,6383.35,1.0,0.01,0.01,Maverick Handley (668974)
326,mu_player[Eric Stamets (608715)],67.55,0.49,66.58,68.5,10613.64,5830.49,1.0,0.0,0.0,Eric Stamets (608715)
327,mu_player[Darin Mastroianni (518991)],67.55,1.04,65.52,69.57,9540.68,6424.37,1.0,0.01,0.01,Darin Mastroianni (518991)
328,mu_player[Héctor Sánchez (516949)],67.58,0.24,67.11,68.06,9971.92,6140.15,1.0,0.0,0.0,Héctor Sánchez (516949)
329,mu_player[Didi Gregorius (544369)],67.58,0.06,67.45,67.7,1578.23,3150.89,1.0,0.0,0.0,Didi Gregorius (544369)
330,mu_player[Miguel Rojas (500743)],67.59,0.07,67.46,67.73,2364.23,4259.02,1.0,0.0,0.0,Miguel Rojas (500743)
331,mu_player[Zack Cozart (446359)],67.59,0.1,67.39,67.79,4348.95,4530.82,1.0,0.0,0.0,Zack Cozart (446359)
332,mu_player[Adam Haseley (656514)],67.59,0.17,67.25,67.94,9125.64,5753.68,1.0,0.0,0.0,Adam Haseley (656514)
333,mu_player[Todd Cunningham (592239)],67.59,0.65,66.33,68.89,10049.44,5917.09,1.0,0.01,0.0,Todd Cunningham (592239)
334,mu_player[Taylor Featherston (605227)],67.6,0.39,66.85,68.37,10371.56,6517.28,1.0,0.0,0.0,Taylor Featherston (605227)
335,mu_player[Jeff McNeil (643446)],67.61,0.07,67.46,67.75,2059.3,4478.76,1.0,0.0,0.0,Jeff McNeil (643446)
336,mu_player[Micah Johnson (608672)],67.61,0.82,65.98,69.2,10507.86,6563.63,1.0,0.01,0.01,Micah Johnson (608672)
337,mu_player[Nate Furman (801501)],67.61,2.09,63.48,71.66,10504.35,6292.37,1.0,0.02,0.01,Nate Furman (801501)
338,mu_player[Brendan Ryan (453895)],67.62,0.83,65.97,69.24,10905.58,6532.59,1.0,0.01,0.01,Brendan Ryan (453895)
339,mu_player[Steve Lombardozzi Jr. (543459)],67.62,1.06,65.56,69.69,10725.5,5954.38,1.0,0.01,0.01,Steve Lombardozzi Jr. (543459)
340,mu_player[Chris Coghlan (458085)],67.64,0.18,67.28,68.0,8652.95,6320.81,1.0,0.0,0.0,Chris Coghlan (458085)
341,mu_player[Orlando Calixte (593525)],67.65,0.48,66.71,68.6,10671.71,6365.81,1.0,0.0,0.0,Orlando Calixte (593525)
342,mu_player[Mike Gerber (595222)],67.65,0.4,66.86,68.43,10387.67,6020.42,1.0,0.0,0.0,Mike Gerber (595222)
343,mu_player[Jake Noll (669738)],67.65,0.57,66.54,68.77,10969.28,6264.65,1.0,0.01,0.0,Jake Noll (669738)
344,mu_player[Nacho Alvarez Jr. (805373)],67.66,0.7,66.28,69.02,10386.59,6250.37,1.0,0.01,0.0,Nacho Alvarez Jr. (805373)
345,mu_player[Edgar Quero (700337)],67.67,0.43,66.83,68.51,10300.82,6183.99,1.0,0.0,0.0,Edgar Quero (700337)
346,mu_player[Jeff Mathis (425772)],67.67,0.12,67.43,67.9,7964.6,5587.33,1.0,0.0,0.0,Jeff Mathis (425772)
347,mu_player[Buddy Kennedy (671083)],67.67,0.36,66.95,68.37,10833.39,5742.14,1.0,0.0,0.0,Buddy Kennedy (671083)
348,mu_player[Jake Alu (666906)],67.69,0.63,66.43,68.9,10064.18,6621.24,1.0,0.01,0.0,Jake Alu (666906)
349,mu_player[Colin Walsh (595023)],67.7,0.47,66.79,68.65,10842.43,6329.86,1.0,0.0,0.0,Colin Walsh (595023)
350,mu_player[Darren Baker (671117)],67.7,1.93,63.97,71.43,10813.95,6391.22,1.0,0.02,0.01,Darren Baker (671117)
351,mu_player[Deivy Grullón (620453)],67.7,0.83,66.07,69.3,10707.44,6392.72,1.0,0.01,0.01,Deivy Grullón (620453)
352,mu_player[Chuckie Robinson (642020)],67.72,0.4,66.93,68.5,10080.75,6372.73,1.0,0.0,0.0,Chuckie Robinson (642020)
353,mu_player[Jake McCarthy (664983)],67.73,0.13,67.47,68.0,6215.64,5263.42,1.0,0.0,0.0,Jake McCarthy (664983)
354,mu_player[Andrew Susac (572180)],67.73,0.45,66.85,68.61,8853.03,6263.03,1.0,0.0,0.0,Andrew Susac (572180)
355,mu_player[Justin Dean (681909)],67.73,1.77,64.28,71.18,10582.67,6424.41,1.0,0.02,0.01,Justin Dean (681909)
356,mu_player[Michael Pérez (605421)],67.74,0.15,67.45,68.02,6645.69,5828.4,1.0,0.0,0.0,Michael Pérez (605421)
357,mu_player[Jung Hoo Lee (808982)],67.74,0.32,67.13,68.37,9718.64,6170.81,1.0,0.0,0.0,Jung Hoo Lee (808982)
358,mu_player[Chris Marrero (502029)],67.74,0.55,66.68,68.84,10384.05,6323.19,1.0,0.01,0.0,Chris Marrero (502029)
359,mu_player[Ryan Lavarnway (543432)],67.75,0.39,66.97,68.52,11386.76,6740.14,1.0,0.0,0.0,Ryan Lavarnway (543432)
360,mu_player[Michael Siani (672279)],67.76,0.44,66.9,68.62,9693.67,6441.41,1.0,0.0,0.0,Michael Siani (672279)
361,mu_player[Austin Martin (668885)],67.76,0.42,66.95,68.57,9598.39,6187.64,1.0,0.0,0.0,Austin Martin (668885)
362,mu_player[Keibert Ruiz (660688)],67.78,0.12,67.55,68.02,6025.17,5448.8,1.0,0.0,0.0,Keibert Ruiz (660688)
363,mu_player[Vinny Capra (681962)],67.78,0.83,66.16,69.38,11200.47,6075.71,1.0,0.01,0.01,Vinny Capra (681962)
364,mu_player[Nasim Nuñez (683083)],67.79,0.44,66.92,68.65,9859.54,5986.26,1.0,0.0,0.0,Nasim Nuñez (683083)
365,mu_player[Christopher Bostick (607471)],67.79,0.47,66.86,68.7,9689.81,5677.68,1.0,0.0,0.0,Christopher Bostick (607471)
366,mu_player[Colton Welker (666213)],67.79,0.53,66.74,68.84,11229.34,6235.4,1.0,0.0,0.0,Colton Welker (666213)
367,mu_player[Elliot Soto (519303)],67.79,1.18,65.49,70.1,9982.96,6317.93,1.0,0.01,0.01,Elliot Soto (519303)
368,mu_player[Garrett Hampson (641658)],67.8,0.1,67.61,68.0,3769.22,4128.74,1.0,0.0,0.0,Garrett Hampson (641658)
369,mu_player[Andrelton Simmons (592743)],67.8,0.07,67.65,67.95,2146.23,3372.22,1.0,0.0,0.0,Andrelton Simmons (592743)
370,mu_player[Rafael Ortega (542364)],67.81,0.11,67.6,68.02,5647.04,4936.56,1.0,0.0,0.0,Rafael Ortega (542364)
371,mu_player[Ryan Goins (572365)],67.81,0.12,67.56,68.06,6937.81,6355.44,1.0,0.0,0.0,Ryan Goins (572365)
372,mu_player[Adrián Sanchez (506703)],67.81,0.24,67.34,68.29,9504.48,6385.6,1.0,0.0,0.0,Adrián Sanchez (506703)
373,mu_player[Juniel Querecuto (578570)],67.82,0.89,66.07,69.56,9702.32,6194.32,1.0,0.01,0.01,Juniel Querecuto (578570)
374,mu_player[Nick Maton (665155)],67.82,0.16,67.5,68.14,7655.55,6190.33,1.0,0.0,0.0,Nick Maton (665155)
375,mu_player[Drew Avans (682183)],67.85,1.58,64.78,70.88,10609.7,5828.33,1.0,0.02,0.01,Drew Avans (682183)
376,mu_player[Andruw Monasterio (655316)],67.86,0.3,67.27,68.46,9613.89,5273.15,1.0,0.0,0.0,Andruw Monasterio (655316)
377,mu_player[Asdrúbal Cabrera (452678)],67.87,0.07,67.73,68.01,2830.34,4757.8,1.0,0.0,0.0,Asdrúbal Cabrera (452678)
378,mu_player[Seby Zavala (664874)],67.87,0.15,67.57,68.18,7418.89,5968.59,1.0,0.0,0.0,Seby Zavala (664874)
379,mu_player[Mauricio Dubón (643289)],67.89,0.1,67.68,68.09,4424.45,5378.77,1.0,0.0,0.0,Mauricio Dubón (643289)
380,mu_player[Jordan Patterson (641958)],67.89,0.76,66.38,69.34,10806.63,6208.98,1.0,0.01,0.01,Jordan Patterson (641958)
381,mu_player[Sean Kazmar Jr. (453527)],67.89,1.56,64.9,70.97,10916.8,6354.67,1.0,0.01,0.01,Sean Kazmar Jr. (453527)
382,mu_player[Erick Castillo (602080)],67.9,1.0,65.94,69.89,10643.02,5720.22,1.0,0.01,0.01,Erick Castillo (602080)
383,mu_player[Aaron Schunk (668845)],67.9,0.82,66.29,69.48,11035.05,6613.46,1.0,0.01,0.01,Aaron Schunk (668845)
384,mu_player[José Caballero (676609)],67.91,0.21,67.49,68.33,8619.34,5358.32,1.0,0.0,0.0,José Caballero (676609)
385,mu_player[Conner Capel (668843)],67.91,0.3,67.32,68.51,10330.4,5964.8,1.0,0.0,0.0,Conner Capel (668843)
386,mu_player[Christian Vázquez (543877)],67.91,0.07,67.77,68.05,2250.61,3832.16,1.0,0.0,0.0,Christian Vázquez (543877)
387,mu_player[Josh Rojas (668942)],67.92,0.1,67.73,68.11,4103.84,5393.64,1.0,0.0,0.0,Josh Rojas (668942)
388,mu_player[Phillip Ervin (640447)],67.93,0.14,67.64,68.21,6611.58,5561.99,1.0,0.0,0.0,Phillip Ervin (640447)
389,mu_player[Carlos Pérez (542208)],67.93,0.16,67.62,68.24,9020.48,5336.54,1.0,0.0,0.0,Carlos Pérez (542208)
390,mu_player[Blake Swihart (596119)],67.93,0.18,67.57,68.28,9311.85,6492.63,1.0,0.0,0.0,Blake Swihart (596119)
391,mu_player[Destin Hood (543329)],67.93,0.65,66.66,69.21,10788.23,6012.71,1.0,0.01,0.0,Destin Hood (543329)
392,mu_player[Gosuke Katoh (641741)],67.93,1.07,65.85,70.05,9521.51,6328.92,1.0,0.01,0.01,Gosuke Katoh (641741)
393,mu_player[Jacob Young (696285)],67.93,0.31,67.32,68.55,10342.63,6475.22,1.0,0.0,0.0,Jacob Young (696285)
394,mu_player[Wade Meckler (685133)],67.94,0.67,66.59,69.25,10601.47,5776.37,1.0,0.01,0.0,Wade Meckler (685133)
395,mu_player[Tyler Moore (489138)],67.94,0.25,67.46,68.42,9620.64,6273.97,1.0,0.0,0.0,Tyler Moore (489138)
396,mu_player[Jason Rogers (595386)],67.94,0.67,66.64,69.26,10381.63,6643.82,1.0,0.01,0.0,Jason Rogers (595386)
397,mu_player[Wilmer Flores (527038)],67.95,0.07,67.81,68.08,1753.04,3424.19,1.0,0.0,0.0,Wilmer Flores (527038)
398,mu_player[Luis González (670768)],67.95,0.18,67.59,68.31,8607.81,5485.3,1.0,0.0,0.0,Luis González (670768)
399,mu_player[Jamie Westbrook (642197)],67.96,1.3,65.34,70.47,10450.04,6011.47,1.0,0.01,0.01,Jamie Westbrook (642197)
400,mu_player[Isaac Galloway (543194)],67.97,0.32,67.34,68.6,10403.77,6364.05,1.0,0.0,0.0,Isaac Galloway (543194)
401,mu_player[Corban Joseph (543377)],67.97,0.38,67.24,68.71,9124.26,6475.24,1.0,0.0,0.0,Corban Joseph (543377)
402,mu_player[Raimel Tapia (606132)],67.97,0.08,67.81,68.12,3016.12,5301.59,1.0,0.0,0.0,Raimel Tapia (606132)
403,mu_player[David Freitas (571679)],67.97,0.29,67.39,68.54,9671.4,6438.65,1.0,0.0,0.0,David Freitas (571679)
404,mu_player[Kyle Farmer (571657)],67.97,0.09,67.8,68.14,4323.59,5221.08,1.0,0.0,0.0,Kyle Farmer (571657)
405,mu_player[Engelb Vielma (622713)],67.97,1.0,65.94,69.93,10591.07,5575.92,1.0,0.01,0.01,Engelb Vielma (622713)
406,mu_player[Rey Fuentes (571681)],67.97,0.25,67.48,68.47,10105.35,5960.53,1.0,0.0,0.0,Rey Fuentes (571681)
407,mu_player[Max Schuemann (680474)],67.98,0.41,67.18,68.77,10285.23,6156.79,1.0,0.0,0.0,Max Schuemann (680474)
408,mu_player[Israel Pineda (672832)],67.98,0.87,66.29,69.66,10759.6,6090.9,1.0,0.01,0.01,Israel Pineda (672832)
409,mu_player[José Godoy (608422)],67.98,0.46,67.05,68.9,9641.24,5877.58,1.0,0.0,0.0,José Godoy (608422)
410,mu_player[Yadier Molina (425877)],67.99,0.07,67.86,68.12,3420.17,4646.1,1.0,0.0,0.0,Yadier Molina (425877)
411,mu_player[Jacoby Ellsbury (453056)],67.99,0.12,67.76,68.22,6121.35,5657.91,1.0,0.0,0.0,Jacoby Ellsbury (453056)
412,mu_player[Drew Stubbs (453211)],67.99,0.35,67.31,68.67,10132.53,6480.13,1.0,0.0,0.0,Drew Stubbs (453211)
413,mu_player[Kurt Suzuki (435559)],67.99,0.09,67.82,68.15,4526.66,5731.54,1.0,0.0,0.0,Kurt Suzuki (435559)
414,mu_player[Francisco Mejía (642336)],68.0,0.1,67.79,68.2,4873.58,5592.87,1.0,0.0,0.0,Francisco Mejía (642336)
415,mu_player[Jordy Mercer (474568)],68.0,0.09,67.84,68.17,3063.09,4695.85,1.0,0.0,0.0,Jordy Mercer (474568)
416,mu_player[Kolten Wong (543939)],68.0,0.07,67.87,68.14,1982.4,4108.58,1.0,0.0,0.0,Kolten Wong (543939)
417,mu_player[Brock Stassi (595426)],68.0,0.37,67.26,68.71,10350.76,6022.4,1.0,0.0,0.0,Brock Stassi (595426)
418,mu_player[Rajai Davis (434658)],68.0,0.11,67.79,68.21,8434.58,6524.15,1.0,0.0,0.0,Rajai Davis (434658)
419,mu_player[TJ Rumfield (681198)],68.01,0.48,67.07,68.96,10330.95,6236.08,1.0,0.0,0.0,TJ Rumfield (681198)
420,mu_player[José Rondon (602922)],68.01,0.18,67.66,68.36,7774.29,5764.78,1.0,0.0,0.0,José Rondon (602922)
421,mu_player[Nico Hoerner (663538)],68.01,0.1,67.81,68.2,3851.78,5385.98,1.0,0.0,0.0,Nico Hoerner (663538)
422,mu_player[Manny Piña (444489)],68.01,0.1,67.8,68.2,4550.55,4379.74,1.0,0.0,0.0,Manny Piña (444489)
423,mu_player[Robert Andino (435180)],68.02,0.71,66.62,69.39,9561.1,5279.82,1.0,0.01,0.01,Robert Andino (435180)
424,mu_player[Logan Forsythe (523253)],68.02,0.1,67.84,68.21,4195.04,4696.27,1.0,0.0,0.0,Logan Forsythe (523253)
425,mu_player[Alex De Goti (621008)],68.02,1.16,65.78,70.3,10092.93,5737.63,1.0,0.01,0.01,Alex De Goti (621008)
426,mu_player[Austin Wynns (642851)],68.03,0.15,67.74,68.33,7381.51,6014.17,1.0,0.0,0.0,Austin Wynns (642851)
427,mu_player[Zach McKinstry (656716)],68.03,0.13,67.78,68.28,5313.06,5017.46,1.0,0.0,0.0,Zach McKinstry (656716)
428,mu_player[Chris Gimenez (460269)],68.04,0.17,67.7,68.37,9226.12,6315.02,1.0,0.0,0.0,Chris Gimenez (460269)
429,mu_player[Will Brennan (686823)],68.04,0.19,67.67,68.42,7874.5,6164.19,1.0,0.0,0.0,Will Brennan (686823)
430,mu_player[Brett Bateman (703520)],68.04,1.32,65.52,70.6,9624.11,6312.96,1.0,0.01,0.01,Brett Bateman (703520)
431,mu_player[Bubba Thompson (669352)],68.05,0.22,67.62,68.48,9895.94,6219.05,1.0,0.0,0.0,Bubba Thompson (669352)
432,mu_player[Nick Ahmed (605113)],68.05,0.07,67.91,68.19,2458.2,3304.28,1.0,0.0,0.0,Nick Ahmed (605113)
433,mu_player[Austin Barnes (605131)],68.05,0.1,67.85,68.25,5727.24,6165.84,1.0,0.0,0.0,Austin Barnes (605131)
434,mu_player[Stephen Drew (452220)],68.05,0.22,67.61,68.48,9863.0,6571.4,1.0,0.0,0.0,Stephen Drew (452220)
435,mu_player[Carlos Moncrief (519037)],68.05,0.51,67.06,69.05,10437.63,6234.82,1.0,0.0,0.0,Carlos Moncrief (519037)
436,mu_player[Zack Short (670097)],68.06,0.2,67.68,68.45,8540.65,6399.73,1.0,0.0,0.0,Zack Short (670097)
437,mu_player[Cole Tucker (657061)],68.06,0.17,67.73,68.38,8917.56,6081.91,1.0,0.0,0.0,Cole Tucker (657061)
438,mu_player[Austin Jackson (457706)],68.07,0.12,67.83,68.31,5288.68,5433.96,1.0,0.0,0.0,Austin Jackson (457706)
439,mu_player[Andre Ethier (444843)],68.08,0.45,67.19,68.97,11337.79,6082.01,1.0,0.0,0.0,Andre Ethier (444843)
440,mu_player[Caleb Durbin (702332)],68.08,0.37,67.38,68.79,10249.91,6839.62,1.0,0.0,0.0,Caleb Durbin (702332)
441,mu_player[Dustin Ackley (554429)],68.08,0.48,67.13,69.03,10369.79,6149.41,1.0,0.0,0.0,Dustin Ackley (554429)
442,mu_player[Jack López (605346)],68.08,0.67,66.77,69.38,10864.06,6622.32,1.0,0.01,0.0,Jack López (605346)
443,mu_player[Brian Dozier (572821)],68.08,0.08,67.93,68.23,2479.05,4387.28,1.0,0.0,0.0,Brian Dozier (572821)
444,mu_player[Ildemaro Vargas (545121)],68.09,0.13,67.83,68.34,5762.36,6003.9,1.0,0.0,0.0,Ildemaro Vargas (545121)
445,mu_player[Darell Hernaiz (687231)],68.09,0.49,67.12,69.05,10555.04,6609.31,1.0,0.0,0.0,Darell Hernaiz (687231)
446,mu_player[Jarrod Saltalamacchia (457454)],68.09,0.2,67.7,68.48,8183.45,6123.26,1.0,0.0,0.0,Jarrod Saltalamacchia (457454)
447,mu_player[Henry Ramos (592656)],68.09,0.31,67.47,68.7,10282.13,6371.66,1.0,0.0,0.0,Henry Ramos (592656)
448,mu_player[Scott Heineman (595981)],68.09,0.27,67.56,68.62,10653.06,6444.97,1.0,0.0,0.0,Scott Heineman (595981)
449,mu_player[Pablo Reyes (622569)],68.11,0.18,67.75,68.46,9361.73,5660.63,1.0,0.0,0.0,Pablo Reyes (622569)
450,mu_player[Kevin Kramer (596012)],68.11,0.35,67.44,68.78,9749.39,6028.28,1.0,0.0,0.0,Kevin Kramer (596012)
451,mu_player[Matt Wieters (446308)],68.11,0.1,67.92,68.29,4595.07,5148.38,1.0,0.0,0.0,Matt Wieters (446308)
452,mu_player[Jacob Stallings (607732)],68.11,0.1,67.91,68.3,4480.76,5120.56,1.0,0.0,0.0,Jacob Stallings (607732)
453,mu_player[Conor Gillaspie (543216)],68.12,0.21,67.71,68.54,8332.72,5952.18,1.0,0.0,0.0,Conor Gillaspie (543216)
454,mu_player[Adeiny Hechavarría (588751)],68.12,0.09,67.94,68.31,3332.99,4794.78,1.0,0.0,0.0,Adeiny Hechavarría (588751)
455,mu_player[José Miguel Fernández (628336)],68.13,0.32,67.52,68.76,10806.25,6677.84,1.0,0.0,0.0,José Miguel Fernández (628336)
456,mu_player[Nick Heath (670084)],68.13,0.48,67.17,69.07,10088.63,6198.22,1.0,0.0,0.0,Nick Heath (670084)
457,mu_player[Jacob Wilson (607111)],68.13,0.82,66.53,69.75,10022.57,6343.91,1.0,0.01,0.01,Jacob Wilson (607111)
458,mu_player[Aramis Garcia (605244)],68.14,0.19,67.77,68.51,9453.97,6264.12,1.0,0.0,0.0,Aramis Garcia (605244)
459,mu_player[Danny Worth (519445)],68.14,0.59,66.97,69.32,10077.78,6201.58,1.0,0.01,0.0,Danny Worth (519445)
460,mu_player[Rafael Ynoa (501255)],68.14,1.09,66.02,70.25,10926.74,6439.28,1.0,0.01,0.01,Rafael Ynoa (501255)
461,mu_player[Daniel Susac (691740)],68.15,0.77,66.63,69.67,10137.07,6149.38,1.0,0.01,0.01,Daniel Susac (691740)
462,mu_player[Hunter Owen (670462)],68.15,1.23,65.74,70.54,9416.37,6259.06,1.0,0.01,0.01,Hunter Owen (670462)
463,mu_player[Jaycob Brugman (595144)],68.15,0.28,67.58,68.7,9682.51,6131.58,1.0,0.0,0.0,Jaycob Brugman (595144)
464,mu_player[Chase Utley (400284)],68.16,0.12,67.92,68.4,6405.48,5586.39,1.0,0.0,0.0,Chase Utley (400284)
465,mu_player[Brandon Snyder (474319)],68.16,0.45,67.3,69.03,9536.91,5853.59,1.0,0.0,0.0,Brandon Snyder (474319)
466,mu_player[José Azócar (640492)],68.17,0.2,67.78,68.57,8774.12,5896.17,1.0,0.0,0.0,José Azócar (640492)
467,mu_player[David Lough (518953)],68.17,0.42,67.35,69.0,11265.72,6414.17,1.0,0.0,0.0,David Lough (518953)
468,mu_player[Kramer Robertson (670298)],68.18,2.11,64.07,72.29,10283.87,6792.22,1.0,0.02,0.01,Kramer Robertson (670298)
469,mu_player[Steven Duggar (621453)],68.18,0.13,67.94,68.43,6090.65,6077.1,1.0,0.0,0.0,Steven Duggar (621453)
470,mu_player[Meibrys Viloria (650619)],68.19,0.22,67.76,68.62,8164.72,6688.77,1.0,0.0,0.0,Meibrys Viloria (650619)
471,mu_player[A.J. Ellis (454560)],68.2,0.17,67.88,68.53,8903.4,6119.97,1.0,0.0,0.0,A.J. Ellis (454560)
472,mu_player[Pat Valaika (642162)],68.2,0.12,67.96,68.43,5856.71,5700.13,1.0,0.0,0.0,Pat Valaika (642162)
473,mu_player[Eric Young Jr. (458913)],68.2,0.23,67.76,68.67,10043.62,5379.24,1.0,0.0,0.0,Eric Young Jr. (458913)
474,mu_player[Tomás Nido (621512)],68.21,0.12,67.97,68.45,5923.72,5473.68,1.0,0.0,0.0,Tomás Nido (621512)
475,mu_player[Rosell Herrera (594011)],68.21,0.18,67.86,68.58,7040.6,6312.98,1.0,0.0,0.0,Rosell Herrera (594011)
476,mu_player[Ezequiel Carrera (485567)],68.21,0.15,67.93,68.49,7702.65,6262.01,1.0,0.0,0.0,Ezequiel Carrera (485567)
477,mu_player[Joe Dunand (656388)],68.21,0.94,66.37,70.03,11175.66,6757.06,1.0,0.01,0.01,Joe Dunand (656388)
478,mu_player[Tim Lopes (621005)],68.21,0.2,67.81,68.61,8658.61,5927.91,1.0,0.0,0.0,Tim Lopes (621005)
479,mu_player[Eric Campbell (493472)],68.22,0.36,67.53,68.93,10617.65,6318.88,1.0,0.0,0.0,Eric Campbell (493472)
480,mu_player[Matthew den Dekker (544925)],68.22,0.42,67.42,69.03,10554.55,6534.56,1.0,0.0,0.0,Matthew den Dekker (544925)
481,mu_player[Nick Martini (605361)],68.23,0.19,67.86,68.61,8930.78,6073.1,1.0,0.0,0.0,Nick Martini (605361)
482,mu_player[JT Riddle (595375)],68.23,0.13,67.99,68.48,6672.21,5865.91,1.0,0.0,0.0,JT Riddle (595375)
483,mu_player[Luke Keaschall (807712)],68.24,0.45,67.36,69.12,10231.79,6077.74,1.0,0.0,0.0,Luke Keaschall (807712)
484,mu_player[Javier Sanoja (691594)],68.24,0.41,67.43,69.06,11113.74,6393.5,1.0,0.0,0.0,Javier Sanoja (691594)
485,mu_player[Óscar Mercado (640458)],68.24,0.12,68.02,68.47,3798.17,5896.1,1.0,0.0,0.0,Óscar Mercado (640458)
486,mu_player[Brandon Barnes (488681)],68.25,0.29,67.67,68.83,10327.04,6191.43,1.0,0.0,0.0,Brandon Barnes (488681)
487,mu_player[Jorge Barrosa (678489)],68.26,0.67,66.94,69.56,10786.01,6408.07,1.0,0.01,0.0,Jorge Barrosa (678489)
488,mu_player[Nolan Fontana (545337)],68.26,0.69,66.91,69.62,9490.5,6255.2,1.0,0.01,0.01,Nolan Fontana (545337)
489,mu_player[Brice Turang (668930)],68.26,0.18,67.92,68.62,7388.12,6193.05,1.0,0.0,0.0,Brice Turang (668930)
490,mu_player[TJ Friedl (670770)],68.26,0.15,67.97,68.55,7446.3,6014.33,1.0,0.0,0.0,TJ Friedl (670770)
491,mu_player[Rylan Bannon (676625)],68.27,0.73,66.85,69.72,10759.96,6506.4,1.0,0.01,0.0,Rylan Bannon (676625)
492,mu_player[Joshua Kuroda-Grauer (811965)],68.28,1.17,66.03,70.56,10299.33,5598.29,1.0,0.01,0.01,Joshua Kuroda-Grauer (811965)
493,mu_player[Óscar Hernández (591712)],68.28,0.83,66.64,69.93,10357.91,6437.84,1.0,0.01,0.01,Óscar Hernández (591712)
494,mu_player[Spencer Horwitz (687462)],68.28,0.31,67.68,68.88,11052.7,6397.71,1.0,0.0,0.0,Spencer Horwitz (687462)
495,mu_player[Juan Brito (682877)],68.28,1.17,65.99,70.54,10954.72,6048.9,1.0,0.01,0.01,Juan Brito (682877)
496,mu_player[Willians Astudillo (553902)],68.29,0.15,67.99,68.59,6817.05,6417.48,1.0,0.0,0.0,Willians Astudillo (553902)
497,mu_player[Payton Henry (668721)],68.29,0.49,67.34,69.24,9476.79,6241.61,1.0,0.01,0.0,Payton Henry (668721)
498,mu_player[Chris Owings (572008)],68.29,0.09,68.11,68.47,3656.38,4705.28,1.0,0.0,0.0,Chris Owings (572008)
499,mu_player[Kyle Waldrop (592835)],68.3,0.71,66.93,69.73,10348.01,6371.42,1.0,0.01,0.0,Kyle Waldrop (592835)
500,mu_player[Robbie Grossman (543257)],68.3,0.07,68.16,68.43,2537.13,4483.01,1.0,0.0,0.0,Robbie Grossman (543257)
501,mu_player[Mike Brosseau (670712)],68.3,0.14,68.03,68.57,6652.2,5780.26,1.0,0.0,0.0,Mike Brosseau (670712)
502,mu_player[Desmond Jennings (457775)],68.3,0.25,67.81,68.79,9233.49,5973.71,1.0,0.0,0.0,Desmond Jennings (457775)
503,mu_player[Tyler Saladino (573135)],68.31,0.13,68.05,68.58,5160.41,5217.83,1.0,0.0,0.0,Tyler Saladino (573135)
504,mu_player[Trent Giambrone (623508)],68.31,0.87,66.57,70.03,10942.36,6518.38,1.0,0.01,0.01,Trent Giambrone (623508)
505,mu_player[Josh Reddick (502210)],68.31,0.08,68.16,68.46,2944.09,4752.45,1.0,0.0,0.0,Josh Reddick (502210)
506,mu_player[Johnny Field (608654)],68.31,0.23,67.85,68.77,8741.64,5433.95,1.0,0.0,0.0,Johnny Field (608654)
507,mu_player[Noel Cuevas (571595)],68.31,0.27,67.77,68.85,10027.59,6246.85,1.0,0.0,0.0,Noel Cuevas (571595)
508,mu_player[Ryan LaMarre (534606)],68.31,0.22,67.87,68.75,9882.86,6370.45,1.0,0.0,0.0,Ryan LaMarre (534606)
509,mu_player[Stephen Vogt (519390)],68.32,0.09,68.15,68.5,5031.32,5413.9,1.0,0.0,0.0,Stephen Vogt (519390)
510,mu_player[Chad Huffman (502151)],68.32,0.89,66.57,70.03,9895.59,5979.85,1.0,0.01,0.01,Chad Huffman (502151)
511,mu_player[Jonathan Araúz (660620)],68.33,0.25,67.83,68.82,9641.76,6473.32,1.0,0.0,0.0,Jonathan Araúz (660620)
512,mu_player[Mike Tauchman (643565)],68.33,0.12,68.09,68.56,7109.17,5698.14,1.0,0.0,0.0,Mike Tauchman (643565)
513,mu_player[Isaac Paredes (670623)],68.34,0.11,68.12,68.56,4227.37,4953.66,1.0,0.0,0.0,Isaac Paredes (670623)
514,mu_player[Justin Ruggiano (448605)],68.34,0.36,67.62,69.05,9156.31,5714.83,1.0,0.0,0.0,Justin Ruggiano (448605)
515,mu_player[Ryan Court (606956)],68.34,0.68,67.0,69.67,11168.84,6522.42,1.0,0.01,0.0,Ryan Court (606956)
516,mu_player[Brian McCann (435263)],68.34,0.1,68.14,68.53,5270.64,5428.89,1.0,0.0,0.0,Brian McCann (435263)
517,mu_player[Grant Green (502205)],68.35,0.45,67.44,69.24,9276.72,6466.97,1.0,0.0,0.0,Grant Green (502205)
518,mu_player[Robert Hassell III (690987)],68.35,0.72,66.93,69.74,10683.93,6304.64,1.0,0.01,0.0,Robert Hassell III (690987)
519,mu_player[Christian Lopes (547173)],68.35,0.92,66.55,70.13,10725.17,6453.7,1.0,0.01,0.01,Christian Lopes (547173)
520,mu_player[Armando Alvarez (669137)],68.35,1.46,65.48,71.18,10814.81,6539.7,1.0,0.01,0.01,Armando Alvarez (669137)
521,mu_player[Danny Ortiz (543611)],68.36,1.02,66.4,70.4,11004.75,6386.55,1.0,0.01,0.01,Danny Ortiz (543611)
522,mu_player[Skye Bolt (621450)],68.36,0.26,67.85,68.88,9330.99,6082.72,1.0,0.0,0.0,Skye Bolt (621450)
523,mu_player[Kevin Kaczmarski (664842)],68.36,1.38,65.66,71.12,9697.6,6304.23,1.0,0.01,0.01,Kevin Kaczmarski (664842)
524,mu_player[Jonathan Lucroy (518960)],68.36,0.09,68.18,68.54,3707.63,6069.26,1.0,0.0,0.0,Jonathan Lucroy (518960)
525,mu_player[Maximo Acosta (691185)],68.36,1.27,65.88,70.87,9198.57,5745.63,1.0,0.01,0.01,Maximo Acosta (691185)
526,mu_player[James Loney (425766)],68.36,0.2,67.98,68.74,9187.67,6556.68,1.0,0.0,0.0,James Loney (425766)
527,mu_player[Mike Ohlman (572000)],68.37,0.98,66.43,70.32,10526.52,6413.83,1.0,0.01,0.01,Mike Ohlman (572000)
528,mu_player[César Hernández (514917)],68.38,0.06,68.26,68.5,1492.72,2966.41,1.0,0.0,0.0,César Hernández (514917)
529,mu_player[Phil Gosselin (594838)],68.39,0.13,68.15,68.63,6276.19,5589.61,1.0,0.0,0.0,Phil Gosselin (594838)
530,mu_player[Cade Marlowe (687799)],68.4,0.88,66.68,70.13,10735.17,6257.7,1.0,0.01,0.01,Cade Marlowe (687799)
531,mu_player[Jason Kipnis (543401)],68.4,0.08,68.24,68.56,2865.86,5274.79,1.0,0.0,0.0,Jason Kipnis (543401)
532,mu_player[Rhylan Thomas (689041)],68.42,1.89,64.73,72.11,10436.18,6549.13,1.0,0.02,0.01,Rhylan Thomas (689041)
533,mu_player[Bryson Stott (681082)],68.42,0.11,68.2,68.64,5191.14,5994.09,1.0,0.0,0.0,Bryson Stott (681082)
534,mu_player[Joey Wendle (621563)],68.42,0.08,68.26,68.58,2930.78,4362.22,1.0,0.0,0.0,Joey Wendle (621563)
535,mu_player[Josh Smith (669701)],68.42,0.16,68.12,68.74,9060.43,4975.73,1.0,0.0,0.0,Josh Smith (669701)
536,mu_player[Jace Peterson (607054)],68.43,0.09,68.25,68.6,3233.94,4410.68,1.0,0.0,0.0,Jace Peterson (607054)
537,mu_player[Blake Perkins (663368)],68.44,0.3,67.84,69.04,10411.02,6358.43,1.0,0.0,0.0,Blake Perkins (663368)
538,mu_player[Daniel Descalso (518614)],68.44,0.11,68.23,68.65,4643.1,5981.36,1.0,0.0,0.0,Daniel Descalso (518614)
539,mu_player[Ivan Castillo (622668)],68.46,1.51,65.58,71.4,10931.03,6090.44,1.0,0.01,0.01,Ivan Castillo (622668)
540,mu_player[Leury García (544725)],68.46,0.08,68.31,68.62,2413.06,4210.62,1.0,0.0,0.0,Leury García (544725)
541,mu_player[Cooper Ingle (694876)],68.46,1.61,65.4,71.6,10459.84,5683.76,1.0,0.02,0.01,Cooper Ingle (694876)
542,mu_player[John Ryan Murphy (571974)],68.47,0.17,68.14,68.79,6946.31,6098.06,1.0,0.0,0.0,John Ryan Murphy (571974)
543,mu_player[Ali Sánchez (645305)],68.47,0.58,67.33,69.61,9763.08,5932.15,1.0,0.01,0.0,Ali Sánchez (645305)
544,mu_player[John Jaso (444379)],68.48,0.14,68.21,68.74,7682.52,6136.48,1.0,0.0,0.0,John Jaso (444379)
545,mu_player[Wilkin Castillo (446868)],68.48,1.21,66.11,70.86,10380.2,6194.1,1.0,0.01,0.01,Wilkin Castillo (446868)
546,mu_player[Tuffy Gosewisch (488912)],68.48,0.32,67.87,69.11,9561.25,6396.5,1.0,0.0,0.0,Tuffy Gosewisch (488912)
547,mu_player[Ben Rortvedt (666163)],68.48,0.28,67.94,69.02,10037.56,6523.25,1.0,0.0,0.0,Ben Rortvedt (666163)
548,mu_player[Geovany Soto (434567)],68.49,0.34,67.82,69.14,10601.05,6015.05,1.0,0.0,0.0,Geovany Soto (434567)
549,mu_player[Carter Kieboom (666198)],68.49,0.18,68.15,68.84,7500.51,6289.79,1.0,0.0,0.0,Carter Kieboom (666198)
550,mu_player[Vimael Machín (605353)],68.49,0.19,68.11,68.86,8701.38,6247.39,1.0,0.0,0.0,Vimael Machín (605353)
551,mu_player[Yairo Muñoz (622168)],68.49,0.13,68.22,68.75,5847.21,5872.34,1.0,0.0,0.0,Yairo Muñoz (622168)
552,mu_player[Victor Scott II (687363)],68.5,0.41,67.69,69.3,10875.02,6437.93,1.0,0.0,0.0,Victor Scott II (687363)
553,mu_player[Troy Stokes Jr. (657011)],68.5,0.78,66.99,70.02,10544.32,6003.72,1.0,0.01,0.01,Troy Stokes Jr. (657011)
554,mu_player[Jason Vosler (613564)],68.5,0.21,68.09,68.92,8116.97,6330.28,1.0,0.0,0.0,Jason Vosler (613564)
555,mu_player[Dylan Carlson (666185)],68.51,0.1,68.32,68.7,3050.83,5748.55,1.0,0.0,0.0,Dylan Carlson (666185)
556,mu_player[Mike Miller (623166)],68.51,2.1,64.38,72.61,9933.75,6505.37,1.0,0.02,0.01,Mike Miller (623166)
557,mu_player[Francisco Cervelli (465041)],68.51,0.11,68.3,68.71,6847.81,6363.05,1.0,0.0,0.0,Francisco Cervelli (465041)
558,mu_player[Victor Reyes (622682)],68.51,0.09,68.33,68.7,4574.15,4940.8,1.0,0.0,0.0,Victor Reyes (622682)
559,mu_player[Johnny Davis (643275)],68.52,1.25,66.06,71.03,11301.98,6635.83,1.0,0.01,0.01,Johnny Davis (643275)
560,mu_player[Nick Loftin (679845)],68.52,0.42,67.71,69.32,11127.26,6578.58,1.0,0.0,0.0,Nick Loftin (679845)
561,mu_player[Braxton Lee (657658)],68.52,0.83,66.88,70.16,9879.47,5968.99,1.0,0.01,0.01,Braxton Lee (657658)
562,mu_player[Jakson Reetz (656883)],68.53,1.49,65.63,71.41,10428.06,6360.42,1.0,0.01,0.01,Jakson Reetz (656883)
563,mu_player[Braden Shewmake (669699)],68.53,0.75,67.08,70.01,10525.22,6539.79,1.0,0.01,0.01,Braden Shewmake (669699)
564,mu_player[Andrew Velazquez (623205)],68.53,0.14,68.25,68.81,8789.81,5438.74,1.0,0.0,0.0,Andrew Velazquez (623205)
565,mu_player[Brett Gardner (458731)],68.55,0.07,68.41,68.69,2925.71,4484.18,1.0,0.0,0.0,Brett Gardner (458731)
566,mu_player[Caleb Hamilton (643348)],68.55,0.68,67.23,69.89,10130.08,5541.96,1.0,0.01,0.0,Caleb Hamilton (643348)
567,mu_player[Neil Walker (435522)],68.55,0.09,68.38,68.73,4250.36,5657.45,1.0,0.0,0.0,Neil Walker (435522)
568,mu_player[Sam Haggerty (664059)],68.55,0.17,68.21,68.9,8124.97,5809.25,1.0,0.0,0.0,Sam Haggerty (664059)
569,mu_player[Adrián González (408236)],68.55,0.11,68.33,68.77,7537.91,6544.62,1.0,0.0,0.0,Adrián González (408236)
570,mu_player[Bryan Lavastida (681526)],68.55,1.03,66.48,70.55,10656.02,5382.45,1.0,0.01,0.01,Bryan Lavastida (681526)
571,mu_player[O'Koyea Dickson (607297)],68.55,1.14,66.31,70.77,11181.55,6038.36,1.0,0.01,0.01,O'Koyea Dickson (607297)
572,mu_player[Dillon Thomas (605504)],68.55,0.76,67.06,70.07,10384.5,6596.82,1.0,0.01,0.01,Dillon Thomas (605504)
573,mu_player[Luis Alexander Basabe (642772)],68.55,0.78,67.03,70.08,9726.48,6673.98,1.0,0.01,0.01,Luis Alexander Basabe (642772)
574,mu_player[Luke Maile (571912)],68.56,0.11,68.34,68.79,5837.23,5490.8,1.0,0.0,0.0,Luke Maile (571912)
575,mu_player[Josh VanMeter (642165)],68.56,0.13,68.3,68.82,7169.92,5156.42,1.0,0.0,0.0,Josh VanMeter (642165)
576,mu_player[Eliezer Alfonzo (672613)],68.56,1.58,65.43,71.68,10267.45,6016.05,1.0,0.02,0.01,Eliezer Alfonzo (672613)
577,mu_player[Dexter Fowler (451594)],68.56,0.08,68.4,68.72,3196.64,5407.75,1.0,0.0,0.0,Dexter Fowler (451594)
578,mu_player[Jed Lowrie (476704)],68.56,0.08,68.41,68.7,3067.4,5345.37,1.0,0.0,0.0,Jed Lowrie (476704)
579,mu_player[Chadwick Tromp (644433)],68.56,0.31,67.96,69.17,10032.39,6740.05,1.0,0.0,0.0,Chadwick Tromp (644433)
580,mu_player[DaShawn Keirsey Jr. (680577)],68.56,0.94,66.73,70.42,10189.28,6440.51,1.0,0.01,0.01,DaShawn Keirsey Jr. (680577)
581,mu_player[Zach Green (608339)],68.58,0.86,66.92,70.28,10673.72,6176.07,1.0,0.01,0.01,Zach Green (608339)
582,mu_player[Ike Davis (477195)],68.58,0.83,66.94,70.23,10810.46,6605.41,1.0,0.01,0.01,Ike Davis (477195)
583,mu_player[Tyler Cropley (680418)],68.59,1.85,65.0,72.2,11082.09,6844.42,1.0,0.02,0.01,Tyler Cropley (680418)
584,mu_player[Ryan Ritter (690022)],68.59,0.69,67.2,69.95,10684.54,6086.41,1.0,0.01,0.0,Ryan Ritter (690022)
585,mu_player[Will Wagner (695238)],68.59,0.61,67.4,69.79,11101.69,5837.57,1.0,0.01,0.0,Will Wagner (695238)
586,mu_player[Ryan Dorow (676900)],68.59,1.22,66.21,70.95,10351.89,6546.51,1.0,0.01,0.01,Ryan Dorow (676900)
587,mu_player[Edwin Arroyo (695490)],68.6,0.81,67.0,70.17,10305.53,5821.22,1.0,0.01,0.01,Edwin Arroyo (695490)
588,mu_player[James Triantos (701649)],68.6,2.08,64.49,72.65,10939.1,6246.87,1.0,0.02,0.01,James Triantos (701649)
589,mu_player[Blake Trahan (664167)],68.61,0.92,66.8,70.38,9493.12,6256.78,1.0,0.01,0.01,Blake Trahan (664167)
590,mu_player[Cory Spangenberg (605486)],68.61,0.11,68.38,68.83,7658.28,6432.03,1.0,0.0,0.0,Cory Spangenberg (605486)
591,mu_player[Victor Robles (645302)],68.61,0.09,68.43,68.78,2779.1,4964.99,1.0,0.0,0.0,Victor Robles (645302)
592,mu_player[Tyler White (643603)],68.62,0.12,68.38,68.87,6789.12,5549.78,1.0,0.0,0.0,Tyler White (643603)
593,mu_player[Andrew Knapp (595284)],68.62,0.12,68.39,68.86,5515.69,5927.12,1.0,0.0,0.0,Andrew Knapp (595284)
594,mu_player[Harry Ford (695670)],68.62,1.15,66.35,70.9,11477.07,6751.69,1.0,0.01,0.01,Harry Ford (695670)
595,mu_player[Eddie Rosario (592696)],68.62,0.06,68.5,68.74,1706.48,3951.16,1.0,0.0,0.0,Eddie Rosario (592696)
596,mu_player[Stefen Romero (552662)],68.62,0.77,67.14,70.12,10058.64,6449.0,1.0,0.01,0.01,Stefen Romero (552662)
597,mu_player[David Hamilton (666152)],68.63,0.33,67.98,69.26,9666.81,6720.04,1.0,0.0,0.0,David Hamilton (666152)
598,mu_player[Levi Jordan (682119)],68.63,1.88,64.94,72.33,10449.67,6518.95,1.0,0.02,0.01,Levi Jordan (682119)
599,mu_player[Rob Segedin (574847)],68.63,0.33,67.97,69.27,10586.89,5523.77,1.0,0.0,0.0,Rob Segedin (574847)
600,mu_player[Sherten Apostel (665947)],68.64,0.7,67.27,70.0,11048.28,6599.68,1.0,0.01,0.0,Sherten Apostel (665947)
601,mu_player[Reid Brignac (458582)],68.65,0.6,67.5,69.8,11642.85,6582.07,1.0,0.01,0.0,Reid Brignac (458582)
602,mu_player[Jonah Cox (813841)],68.65,1.29,66.11,71.19,10594.71,6175.97,1.0,0.01,0.01,Jonah Cox (813841)
603,mu_player[Donny Sands (664848)],68.65,1.59,65.51,71.75,10868.45,6062.28,1.0,0.02,0.01,Donny Sands (664848)
604,mu_player[Bryce Teodosio (669326)],68.65,0.68,67.32,70.0,10232.05,6523.19,1.0,0.01,0.0,Bryce Teodosio (669326)
605,mu_player[Mickey McDonald (676782)],68.68,1.14,66.44,70.93,10132.54,5969.52,1.0,0.01,0.01,Mickey McDonald (676782)
606,mu_player[Ben Williamson (810938)],68.68,0.45,67.82,69.54,9997.47,6397.91,1.0,0.0,0.0,Ben Williamson (810938)
607,mu_player[Jordan Luplow (656669)],68.69,0.11,68.47,68.9,5216.69,5787.29,1.0,0.0,0.0,Jordan Luplow (656669)
608,mu_player[Ian Parmley (622210)],68.69,1.43,65.94,71.48,10224.66,6247.07,1.0,0.01,0.01,Ian Parmley (622210)
609,mu_player[Josh Rutledge (592710)],68.69,0.28,68.12,69.23,10390.46,6566.56,1.0,0.0,0.0,Josh Rutledge (592710)
610,mu_player[Marcus Semien (543760)],68.7,0.06,68.59,68.8,1459.18,3122.44,1.0,0.0,0.0,Marcus Semien (543760)
611,mu_player[Jose Lobatón (446653)],68.7,0.19,68.32,69.06,8763.44,6164.92,1.0,0.0,0.0,Jose Lobatón (446653)
612,mu_player[Tyler Tolbert (686475)],68.7,0.82,67.12,70.31,10597.16,6432.88,1.0,0.01,0.01,Tyler Tolbert (686475)
613,mu_player[Grant Koch (667428)],68.7,1.77,65.14,72.22,9868.59,6554.99,1.0,0.02,0.01,Grant Koch (667428)
614,mu_player[Chase Headley (452104)],68.7,0.11,68.5,68.92,7685.72,5907.56,1.0,0.0,0.0,Chase Headley (452104)
615,mu_player[Justin Crawford (702222)],68.71,0.53,67.67,69.75,10282.3,6423.01,1.0,0.01,0.0,Justin Crawford (702222)
616,mu_player[Nate Eaton (681987)],68.71,0.26,68.2,69.21,10113.17,5904.06,1.0,0.0,0.0,Nate Eaton (681987)
617,mu_player[Luis Liberato (642451)],68.71,1.4,65.97,71.43,9838.07,6396.66,1.0,0.01,0.01,Luis Liberato (642451)
618,mu_player[Chris Colabello (499624)],68.71,0.61,67.5,69.89,10521.49,6165.01,1.0,0.01,0.0,Chris Colabello (499624)
619,mu_player[Austin Nola (543592)],68.71,0.11,68.49,68.92,5176.43,6094.43,1.0,0.0,0.0,Austin Nola (543592)
620,mu_player[Miguel Gómez (622497)],68.71,0.48,67.77,69.63,9646.37,6357.02,1.0,0.0,0.0,Miguel Gómez (622497)
621,mu_player[Jedd Gyorko (576397)],68.72,0.09,68.54,68.91,4477.15,5291.05,1.0,0.0,0.0,Jedd Gyorko (576397)
622,mu_player[Jacob Hannemann (595238)],68.72,0.74,67.27,70.15,10197.75,6653.55,1.0,0.01,0.01,Jacob Hannemann (595238)
623,mu_player[Ben Zobrist (450314)],68.72,0.1,68.53,68.91,6680.88,5553.07,1.0,0.0,0.0,Ben Zobrist (450314)
624,mu_player[Darnell Sweeney (572182)],68.72,1.51,65.81,71.79,10385.74,6206.61,1.0,0.01,0.01,Darnell Sweeney (572182)
625,mu_player[Curtis Granderson (434158)],68.73,0.09,68.55,68.9,4849.77,5431.86,1.0,0.0,0.0,Curtis Granderson (434158)
626,mu_player[Corey Ray (641999)],68.74,1.48,65.87,71.65,10220.14,5895.92,1.0,0.01,0.01,Corey Ray (641999)
627,mu_player[Eduardo Escobar (500871)],68.75,0.06,68.63,68.86,1687.14,3211.9,1.0,0.0,0.0,Eduardo Escobar (500871)
628,mu_player[Rio Ruiz (547004)],68.75,0.12,68.52,68.98,5488.56,5825.78,1.0,0.0,0.0,Rio Ruiz (547004)
629,mu_player[Hank Conger (474233)],68.75,0.29,68.19,69.31,9239.81,6642.46,1.0,0.0,0.0,Hank Conger (474233)
630,mu_player[Tyler Nevin (663527)],68.75,0.2,68.34,69.14,8064.57,5832.39,1.0,0.0,0.0,Tyler Nevin (663527)
631,mu_player[Drew Maggi (543482)],68.75,1.11,66.59,70.93,10366.96,5800.63,1.0,0.01,0.01,Drew Maggi (543482)
632,mu_player[Ryan Flaherty (475247)],68.75,0.18,68.41,69.1,7392.42,5654.69,1.0,0.0,0.0,Ryan Flaherty (475247)
633,mu_player[Addison Russell (608365)],68.76,0.09,68.59,68.93,3554.87,4936.66,1.0,0.0,0.0,Addison Russell (608365)
634,mu_player[Denard Span (452655)],68.76,0.09,68.58,68.95,3348.56,6006.65,1.0,0.0,0.0,Denard Span (452655)
635,mu_player[Ka'ai Tom (664789)],68.76,0.31,68.16,69.35,10694.09,6580.72,1.0,0.0,0.0,Ka'ai Tom (664789)
636,mu_player[Abraham Toro (647351)],68.76,0.12,68.53,68.99,5292.03,5895.8,1.0,0.0,0.0,Abraham Toro (647351)
637,mu_player[Owen Miller (680911)],68.76,0.12,68.53,69.0,5075.59,5181.42,1.0,0.0,0.0,Owen Miller (680911)
638,mu_player[Jurickson Profar (595777)],68.77,0.07,68.64,68.9,1862.34,3565.97,1.0,0.0,0.0,Jurickson Profar (595777)
639,mu_player[Luis Urías (649966)],68.77,0.09,68.59,68.96,3383.25,4169.35,1.0,0.0,0.0,Luis Urías (649966)
640,mu_player[Dan Butler (576788)],68.77,1.41,66.03,71.52,10120.38,6181.11,1.0,0.01,0.01,Dan Butler (576788)
641,mu_player[Oswaldo Cabrera (665828)],68.77,0.17,68.43,69.11,7395.95,5954.71,1.0,0.0,0.0,Oswaldo Cabrera (665828)
642,mu_player[Shed Long Jr. (643418)],68.77,0.18,68.42,69.12,9418.98,6450.75,1.0,0.0,0.0,Shed Long Jr. (643418)
643,mu_player[Josmil Pinto (500887)],68.78,1.14,66.48,71.01,11299.67,6260.8,1.0,0.01,0.01,Josmil Pinto (500887)
644,mu_player[Nathan Church (701675)],68.79,0.48,67.86,69.74,11331.85,6408.31,1.0,0.0,0.0,Nathan Church (701675)
645,mu_player[Drew Cavanaugh (701852)],68.8,0.99,66.89,70.76,10666.61,6769.56,1.0,0.01,0.01,Drew Cavanaugh (701852)
646,mu_player[Andrew Benintendi (643217)],68.8,0.06,68.68,68.92,1613.75,3106.46,1.0,0.0,0.0,Andrew Benintendi (643217)
647,mu_player[Chad Wallach (595453)],68.8,0.18,68.46,69.15,9666.28,6241.09,1.0,0.0,0.0,Chad Wallach (595453)
648,mu_player[Cam Eden (686490)],68.81,2.09,64.75,72.89,10236.24,6563.19,1.0,0.02,0.01,Cam Eden (686490)
649,mu_player[Andrew Toles (592808)],68.81,0.22,68.38,69.24,8827.9,5907.8,1.0,0.0,0.0,Andrew Toles (592808)
650,mu_player[Matt Shaw (807713)],68.81,0.43,67.97,69.67,10788.12,6438.81,1.0,0.0,0.0,Matt Shaw (807713)
651,mu_player[Alika Williams (675961)],68.82,0.57,67.68,69.94,9691.28,5831.78,1.0,0.01,0.0,Alika Williams (675961)
652,mu_player[Warming Bernabel (682653)],68.82,0.8,67.26,70.4,10887.83,6722.51,1.0,0.01,0.01,Warming Bernabel (682653)
653,mu_player[Jihwan Bae (678225)],68.82,0.21,68.41,69.22,8744.56,5558.84,1.0,0.0,0.0,Jihwan Bae (678225)
654,mu_player[Brock Rodden (801126)],68.83,1.58,65.77,71.89,9937.37,6454.71,1.0,0.02,0.01,Brock Rodden (801126)
655,mu_player[Taylor Gushue (656494)],68.83,2.11,64.71,72.93,9907.04,6336.14,1.0,0.02,0.02,Taylor Gushue (656494)
656,mu_player[Jeter Downs (669023)],68.83,0.48,67.9,69.76,9804.08,6102.24,1.0,0.0,0.0,Jeter Downs (669023)
657,mu_player[Matt Joyce (459964)],68.83,0.09,68.64,69.01,5360.56,5232.67,1.0,0.0,0.0,Matt Joyce (459964)
658,mu_player[Nick Senzel (669222)],68.84,0.1,68.64,69.04,4901.35,5435.63,1.0,0.0,0.0,Nick Senzel (669222)
659,mu_player[Logan Driscoll (686482)],68.84,1.41,66.04,71.55,10621.25,5704.25,1.0,0.01,0.01,Logan Driscoll (686482)
660,mu_player[Connor Kaiser (663731)],68.84,1.22,66.44,71.23,10727.8,5960.82,1.0,0.01,0.01,Connor Kaiser (663731)
661,mu_player[Thairo Estrada (642731)],68.84,0.11,68.63,69.05,5431.08,5642.85,1.0,0.0,0.0,Thairo Estrada (642731)
662,mu_player[Travis Taijeron (607369)],68.85,0.48,67.9,69.78,10599.55,6620.31,1.0,0.0,0.0,Travis Taijeron (607369)
663,mu_player[Johan Camargo (622666)],68.85,0.1,68.66,69.04,3875.16,4862.24,1.0,0.0,0.0,Johan Camargo (622666)
664,mu_player[Símon Muzziotti (665922)],68.85,1.14,66.62,71.05,11111.05,6760.24,1.0,0.01,0.01,Símon Muzziotti (665922)
665,mu_player[Daniel Robertson (621002)],68.86,0.12,68.63,69.11,5678.88,5539.04,1.0,0.0,0.0,Daniel Robertson (621002)
666,mu_player[Jesus Rodriguez (683679)],68.86,1.21,66.52,71.26,10170.94,6476.75,1.0,0.01,0.01,Jesus Rodriguez (683679)
667,mu_player[Tristan Peters (671976)],68.87,0.53,67.83,69.93,10600.65,6183.41,1.0,0.01,0.0,Tristan Peters (671976)
668,mu_player[Ford Proctor (665154)],68.87,0.76,67.39,70.36,10038.88,6375.64,1.0,0.01,0.01,Ford Proctor (665154)
669,mu_player[Michael Hermosillo (641684)],68.87,0.23,68.42,69.32,9137.29,6015.28,1.0,0.0,0.0,Michael Hermosillo (641684)
670,mu_player[Drew Romo (691011)],68.87,0.65,67.58,70.14,9330.79,5968.34,1.0,0.01,0.0,Drew Romo (691011)
671,mu_player[Carlos Ruiz (434563)],68.87,0.2,68.49,69.26,8086.85,5987.39,1.0,0.0,0.0,Carlos Ruiz (434563)
672,mu_player[Brendan Donovan (680977)],68.88,0.13,68.63,69.13,4828.48,5930.94,1.0,0.0,0.0,Brendan Donovan (680977)
673,mu_player[Tommy White (695720)],68.88,0.89,67.12,70.65,10728.84,6660.29,1.0,0.01,0.01,Tommy White (695720)
674,mu_player[Jacob Robson (615699)],68.89,1.18,66.57,71.18,10702.55,6337.34,1.0,0.01,0.01,Jacob Robson (615699)
675,mu_player[Brendon Davis (663478)],68.89,0.93,67.05,70.73,10493.01,6604.69,1.0,0.01,0.01,Brendon Davis (663478)
676,mu_player[Eli White (642201)],68.9,0.16,68.58,69.21,6656.79,5926.48,1.0,0.0,0.0,Eli White (642201)
677,mu_player[Chris Heisey (502317)],68.9,0.24,68.43,69.38,9908.53,6311.06,1.0,0.0,0.0,Chris Heisey (502317)
678,mu_player[David Ross (424325)],68.9,0.25,68.41,69.38,8351.85,5611.66,1.0,0.0,0.0,David Ross (424325)
679,mu_player[Matt Dominguez (518625)],68.9,0.99,66.95,70.83,9843.3,6369.73,1.0,0.01,0.01,Matt Dominguez (518625)
680,mu_player[Monte Harrison (656509)],68.9,0.44,68.05,69.77,9755.91,5997.48,1.0,0.0,0.0,Monte Harrison (656509)
681,mu_player[Diego Castillo (660636)],68.91,0.21,68.49,69.33,10002.12,5045.91,1.0,0.0,0.0,Diego Castillo (660636)
682,mu_player[Cody Thomas (642137)],68.91,0.5,67.93,69.91,10347.87,6543.89,1.0,0.0,0.0,Cody Thomas (642137)
683,mu_player[Jake Fraley (641584)],68.91,0.12,68.67,69.14,5294.0,5542.96,1.0,0.0,0.0,Jake Fraley (641584)
684,mu_player[Victor Martinez (400121)],68.91,0.1,68.71,69.1,4033.36,5141.75,1.0,0.0,0.0,Victor Martinez (400121)
685,mu_player[Kevan Smith (607345)],68.91,0.12,68.68,69.16,6986.27,5910.1,1.0,0.0,0.0,Kevan Smith (607345)
686,mu_player[Curtis Terry (663799)],68.93,0.54,67.87,69.98,11090.35,6589.88,1.0,0.01,0.0,Curtis Terry (663799)
687,mu_player[Jorbit Vivas (678391)],68.93,0.57,67.83,70.05,11020.68,6277.6,1.0,0.01,0.0,Jorbit Vivas (678391)
688,mu_player[Chandler Seagle (676882)],68.93,2.35,64.31,73.58,10430.01,6003.38,1.0,0.02,0.02,Chandler Seagle (676882)
689,mu_player[Ben Paulsen (572019)],68.94,0.34,68.27,69.59,9987.22,6229.94,1.0,0.0,0.0,Ben Paulsen (572019)
690,mu_player[Brian O'Keefe (657247)],68.95,1.37,66.26,71.68,10179.27,6053.67,1.0,0.01,0.01,Brian O'Keefe (657247)
691,mu_player[Cody Wilson (680963)],68.95,1.95,65.19,72.77,9149.06,6377.73,1.0,0.02,0.01,Cody Wilson (680963)
692,mu_player[Hernan Iribarren (454975)],68.96,0.52,67.94,69.98,10012.07,5751.47,1.0,0.01,0.0,Hernan Iribarren (454975)
693,mu_player[Khalil Lee (666137)],68.97,0.75,67.5,70.47,11418.02,6030.42,1.0,0.01,0.0,Khalil Lee (666137)
694,mu_player[Zach Reks (676646)],68.97,0.5,67.99,69.93,9920.47,6416.23,1.0,0.0,0.0,Zach Reks (676646)
695,mu_player[Brayan Rocchio (677587)],68.98,0.28,68.42,69.53,8679.3,6028.44,1.0,0.0,0.0,Brayan Rocchio (677587)
696,mu_player[Rangel Ravelo (592660)],68.99,0.37,68.27,69.73,10404.91,6314.66,1.0,0.0,0.0,Rangel Ravelo (592660)
697,mu_player[Lonnie Chisenhall (502082)],68.99,0.12,68.75,69.23,6199.83,5352.15,1.0,0.0,0.0,Lonnie Chisenhall (502082)
698,mu_player[Hernán Pérez (541650)],68.99,0.09,68.81,69.18,3793.91,5428.88,1.0,0.0,0.0,Hernán Pérez (541650)
699,mu_player[Andrés Giménez (665926)],68.99,0.1,68.81,69.18,3188.74,5160.15,1.0,0.0,0.0,Andrés Giménez (665926)
700,mu_player[Gabriel Guerrero (602115)],68.99,0.69,67.66,70.36,11748.61,6665.78,1.0,0.01,0.0,Gabriel Guerrero (602115)
701,mu_player[Jhonny Peralta (425509)],69.0,0.19,68.63,69.38,9689.56,6063.2,1.0,0.0,0.0,Jhonny Peralta (425509)
702,mu_player[David Dahl (621311)],69.0,0.1,68.81,69.19,3885.03,5946.61,1.0,0.0,0.0,David Dahl (621311)
703,mu_player[Steve Selsky (592731)],69.0,0.45,68.13,69.89,9334.03,6321.26,1.0,0.0,0.0,Steve Selsky (592731)
704,mu_player[AJ Reed (607223)],69.0,0.26,68.48,69.52,8813.66,5848.14,1.0,0.0,0.0,AJ Reed (607223)
705,mu_player[Cole Gillespie (502261)],69.0,0.47,68.07,69.94,11570.09,5792.81,1.0,0.0,0.0,Cole Gillespie (502261)
706,mu_player[Elvis Andrus (462101)],69.0,0.06,68.88,69.12,1998.3,3649.99,1.0,0.0,0.0,Elvis Andrus (462101)
707,mu_player[David Villar (681584)],69.0,0.21,68.6,69.4,10772.55,6445.37,1.0,0.0,0.0,David Villar (681584)
708,mu_player[A.J. Pierzynski (150229)],69.0,0.23,68.56,69.45,8770.34,5715.57,1.0,0.0,0.0,A.J. Pierzynski (150229)
709,mu_player[Andy Wilkins (519421)],69.01,0.62,67.78,70.22,11164.6,6322.68,1.0,0.01,0.0,Andy Wilkins (519421)
710,mu_player[Francisco Peña (506747)],69.01,0.24,68.54,69.49,9881.15,6287.27,1.0,0.0,0.0,Francisco Peña (506747)
711,mu_player[Yangervis Solarte (500208)],69.02,0.09,68.84,69.21,3963.84,4857.32,1.0,0.0,0.0,Yangervis Solarte (500208)
712,mu_player[Ha-Seong Kim (673490)],69.02,0.11,68.81,69.22,5068.74,5833.2,1.0,0.0,0.0,Ha-Seong Kim (673490)
713,mu_player[Jake Smolinski (519295)],69.03,0.19,68.66,69.4,9162.06,6142.58,1.0,0.0,0.0,Jake Smolinski (519295)
714,mu_player[Alex Bregman (608324)],69.03,0.06,68.9,69.15,1809.17,3014.08,1.0,0.0,0.0,Alex Bregman (608324)
715,mu_player[Austin Hedges (595978)],69.03,0.08,68.87,69.19,2343.08,4445.47,1.0,0.0,0.0,Austin Hedges (595978)
716,mu_player[Stuart Fairchild (656413)],69.03,0.19,68.65,69.39,10565.02,6117.67,1.0,0.0,0.0,Stuart Fairchild (656413)
717,mu_player[Isan Díaz (656371)],69.03,0.17,68.7,69.37,7554.31,6091.09,1.0,0.0,0.0,Isan Díaz (656371)
718,mu_player[Marcus Wilson (657129)],69.03,1.32,66.42,71.63,9886.12,6408.5,1.0,0.01,0.01,Marcus Wilson (657129)
719,mu_player[J.J. Matijevic (656695)],69.04,0.4,68.25,69.82,10085.23,6089.03,1.0,0.0,0.0,J.J. Matijevic (656695)
720,mu_player[Ronnie Dawson (669008)],69.04,1.06,66.96,71.08,9989.84,6545.0,1.0,0.01,0.01,Ronnie Dawson (669008)
721,mu_player[Jose Trevino (624431)],69.04,0.11,68.82,69.26,5608.48,5642.62,1.0,0.0,0.0,Jose Trevino (624431)
722,mu_player[Travis Bazzana (683953)],69.04,0.54,67.98,70.07,10403.65,6168.27,1.0,0.01,0.0,Travis Bazzana (683953)
723,mu_player[Brandon Crawford (543063)],69.05,0.06,68.93,69.17,2171.07,4326.48,1.0,0.0,0.0,Brandon Crawford (543063)
724,mu_player[Bligh Madris (676632)],69.05,0.29,68.5,69.63,9849.21,6247.15,1.0,0.0,0.0,Bligh Madris (676632)
725,mu_player[Scott Kingery (664068)],69.05,0.1,68.84,69.25,3563.04,4426.2,1.0,0.0,0.0,Scott Kingery (664068)
726,mu_player[Yefri Pérez (570639)],69.06,1.59,65.97,72.13,10539.63,6286.38,1.0,0.02,0.01,Yefri Pérez (570639)
727,mu_player[Trey Amburgey (664011)],69.06,1.7,65.7,72.39,11284.78,6311.28,1.0,0.02,0.01,Trey Amburgey (664011)
728,mu_player[Carson Kelly (608348)],69.07,0.1,68.88,69.26,4691.01,5857.48,1.0,0.0,0.0,Carson Kelly (608348)
729,mu_player[José Briceño (593993)],69.07,0.29,68.52,69.63,10567.13,6621.62,1.0,0.0,0.0,José Briceño (593993)
730,mu_player[Gorkys Hernández (491676)],69.07,0.12,68.84,69.3,4505.21,5199.69,1.0,0.0,0.0,Gorkys Hernández (491676)
731,mu_player[Nick Gordon (624503)],69.07,0.12,68.83,69.32,4288.78,4983.66,1.0,0.0,0.0,Nick Gordon (624503)
732,mu_player[Brian O'Grady (657434)],69.07,0.31,68.45,69.68,10877.66,5881.29,1.0,0.0,0.0,Brian O'Grady (657434)
733,mu_player[Ryan McKenna (663630)],69.07,0.16,68.74,69.39,7422.55,6005.41,1.0,0.0,0.0,Ryan McKenna (663630)
734,mu_player[Orlando Arcia (606115)],69.08,0.07,68.94,69.23,2277.2,3612.74,1.0,0.0,0.0,Orlando Arcia (606115)
735,mu_player[Jose Altuve (514888)],69.08,0.06,68.96,69.19,1646.94,4113.39,1.0,0.0,0.0,Jose Altuve (514888)
736,mu_player[Andy Ibáñez (628451)],69.08,0.15,68.78,69.36,7453.84,6456.48,1.0,0.0,0.0,Andy Ibáñez (628451)
737,mu_player[Seth Beer (666179)],69.08,0.31,68.48,69.69,9553.08,6111.48,1.0,0.0,0.0,Seth Beer (666179)
738,mu_player[Nick Morabito (703492)],69.08,1.9,65.32,72.8,10127.78,6252.01,1.0,0.02,0.01,Nick Morabito (703492)
739,mu_player[Vaughn Grissom (687093)],69.09,0.21,68.69,69.51,10633.36,5895.54,1.0,0.0,0.0,Vaughn Grissom (687093)
740,mu_player[Justyn-Henry Malloy (669234)],69.09,0.55,67.98,70.18,10592.13,6473.43,1.0,0.01,0.0,Justyn-Henry Malloy (669234)
741,mu_player[David Bañuelos (675915)],69.09,2.19,64.86,73.39,10587.98,6431.31,1.0,0.02,0.01,David Bañuelos (675915)
742,mu_player[Nick Dini (664926)],69.1,0.43,68.27,69.92,10050.46,6486.56,1.0,0.0,0.0,Nick Dini (664926)
743,mu_player[Yadiel Hernandez (628450)],69.1,0.13,68.84,69.37,7671.91,6253.13,1.0,0.0,0.0,Yadiel Hernandez (628450)
744,mu_player[Daniel Murphy (502517)],69.11,0.08,68.95,69.27,3726.91,5512.6,1.0,0.0,0.0,Daniel Murphy (502517)
745,mu_player[David Washington (572241)],69.11,1.04,67.06,71.16,9474.85,6377.36,1.0,0.01,0.01,David Washington (572241)
746,mu_player[Josh Lester (623507)],69.12,0.62,67.91,70.32,10254.73,6094.44,1.0,0.01,0.0,Josh Lester (623507)
747,mu_player[Matt Duffy (592274)],69.12,1.51,66.13,72.08,11040.92,6156.03,1.0,0.01,0.01,Matt Duffy (592274)
748,mu_player[Yadiel Rivera (592680)],69.12,0.2,68.73,69.51,10041.29,6535.64,1.0,0.0,0.0,Yadiel Rivera (592680)
749,mu_player[Travis Swaggerty (680552)],69.12,1.0,67.19,71.04,9554.92,6580.38,1.0,0.01,0.01,Travis Swaggerty (680552)
750,mu_player[Tony Cruz (488810)],69.12,0.64,67.84,70.36,10538.53,6077.45,1.0,0.01,0.0,Tony Cruz (488810)
751,mu_player[Dalton Pompey (592647)],69.12,0.81,67.54,70.69,10775.17,6266.76,1.0,0.01,0.01,Dalton Pompey (592647)
752,mu_player[Brooks Lee (686797)],69.13,0.3,68.53,69.73,9923.36,6673.31,1.0,0.0,0.0,Brooks Lee (686797)
753,mu_player[Ozzie Albies (645277)],69.13,0.06,69.01,69.25,1607.47,3101.41,1.0,0.0,0.0,Ozzie Albies (645277)
754,mu_player[Ronny Rodríguez (500135)],69.13,0.16,68.82,69.44,6696.53,6066.32,1.0,0.0,0.0,Ronny Rodríguez (500135)
755,mu_player[Jason Coats (605183)],69.13,0.5,68.14,70.13,10387.48,6055.76,1.0,0.0,0.0,Jason Coats (605183)
756,mu_player[Ryan Aguilar (666922)],69.14,0.61,67.93,70.32,10204.17,5878.92,1.0,0.01,0.0,Ryan Aguilar (666922)
757,mu_player[Jorge Polanco (593871)],69.14,0.07,69.01,69.27,1604.82,3517.49,1.0,0.0,0.0,Jorge Polanco (593871)
758,mu_player[Jake Meyers (676694)],69.14,0.14,68.86,69.42,8003.44,5621.67,1.0,0.0,0.0,Jake Meyers (676694)
759,mu_player[TJ Hopkins (686759)],69.14,0.63,67.89,70.39,10120.12,6560.68,1.0,0.01,0.0,TJ Hopkins (686759)
760,mu_player[Freddy Fermin (666023)],69.14,0.24,68.67,69.6,9935.72,6070.3,1.0,0.0,0.0,Freddy Fermin (666023)
761,mu_player[Billy McKinney (641856)],69.15,0.12,68.91,69.39,6115.48,5952.78,1.0,0.0,0.0,Billy McKinney (641856)
762,mu_player[Jeferson Quero (691620)],69.15,2.24,64.86,73.51,10278.19,6323.34,1.0,0.02,0.02,Jeferson Quero (691620)
763,mu_player[Yan Gomes (543228)],69.15,0.07,69.0,69.29,3568.22,4551.37,1.0,0.0,0.0,Yan Gomes (543228)
764,mu_player[Austin Shenton (668853)],69.15,1.39,66.39,71.82,10848.37,6486.91,1.0,0.01,0.01,Austin Shenton (668853)
765,mu_player[Kevin Smith (675656)],69.15,0.2,68.75,69.55,10010.38,5773.79,1.0,0.0,0.0,Kevin Smith (675656)
766,mu_player[Donovan Solano (456781)],69.15,0.1,68.96,69.34,4490.69,5618.73,1.0,0.0,0.0,Donovan Solano (456781)
767,mu_player[Buster Posey (457763)],69.15,0.08,69.0,69.29,2455.55,4801.99,1.0,0.0,0.0,Buster Posey (457763)
768,mu_player[Yohel Pozo (650968)],69.15,0.34,68.49,69.8,9545.79,6817.24,1.0,0.0,0.0,Yohel Pozo (650968)
769,mu_player[Jason Martin (641829)],69.17,0.24,68.7,69.65,9316.9,6417.82,1.0,0.0,0.0,Jason Martin (641829)
770,mu_player[Duke Ellis (668752)],69.18,2.13,65.02,73.35,10621.28,6194.26,1.0,0.02,0.01,Duke Ellis (668752)
771,mu_player[Jake Rogers (668670)],69.18,0.16,68.86,69.48,8453.17,6107.57,1.0,0.0,0.0,Jake Rogers (668670)
772,mu_player[Taylor Kohlwey (670128)],69.18,1.9,65.4,72.88,10840.42,5867.86,1.0,0.02,0.01,Taylor Kohlwey (670128)
773,mu_player[A.J. Jimenez (543362)],69.18,0.86,67.5,70.88,10720.67,6250.84,1.0,0.01,0.01,A.J. Jimenez (543362)
774,mu_player[Nicky Delmonico (547170)],69.19,0.15,68.9,69.49,6155.08,5823.3,1.0,0.0,0.0,Nicky Delmonico (547170)
775,mu_player[Narciso Crook (643271)],69.19,1.12,67.03,71.41,10151.19,6569.02,1.0,0.01,0.01,Narciso Crook (643271)
776,mu_player[Roman Quinn (596451)],69.19,0.15,68.89,69.48,7707.17,6391.78,1.0,0.0,0.0,Roman Quinn (596451)
777,mu_player[Christian Koss (683766)],69.2,0.62,68.0,70.41,10231.61,6303.92,1.0,0.01,0.0,Christian Koss (683766)
778,mu_player[Tyler Fitzgerald (666149)],69.2,0.43,68.36,70.03,10376.31,6013.12,1.0,0.0,0.0,Tyler Fitzgerald (666149)
779,mu_player[Ryan Kalish (501888)],69.2,0.96,67.29,71.08,10899.66,6702.66,1.0,0.01,0.01,Ryan Kalish (501888)
780,mu_player[Luis Rengifo (650859)],69.2,0.09,69.02,69.38,3280.93,5025.88,1.0,0.0,0.0,Luis Rengifo (650859)
781,mu_player[Trey Lipscomb (702358)],69.21,0.73,67.76,70.63,10369.52,5942.06,1.0,0.01,0.01,Trey Lipscomb (702358)
782,mu_player[Grayson Greiner (606988)],69.22,0.17,68.9,69.55,8461.63,6247.56,1.0,0.0,0.0,Grayson Greiner (606988)
783,mu_player[Luis Valbuena (472528)],69.22,0.11,69.01,69.43,5159.41,5402.69,1.0,0.0,0.0,Luis Valbuena (472528)
784,mu_player[Steele Walker (667727)],69.22,0.84,67.56,70.9,9626.16,6049.97,1.0,0.01,0.01,Steele Walker (667727)
785,mu_player[Ben Malgeri (701162)],69.22,1.17,66.86,71.47,11170.21,5750.2,1.0,0.01,0.01,Ben Malgeri (701162)
786,mu_player[Kenedy Corona (685744)],69.22,2.18,64.98,73.59,10715.29,6444.63,1.0,0.02,0.01,Kenedy Corona (685744)
787,mu_player[Tim Federowicz (543148)],69.24,0.27,68.73,69.75,10366.58,6348.72,1.0,0.0,0.0,Tim Federowicz (543148)
788,mu_player[Marlon Byrd (407781)],69.24,0.29,68.68,69.8,9820.03,6476.79,1.0,0.0,0.0,Marlon Byrd (407781)
789,mu_player[Will Banfield (677943)],69.24,1.78,65.8,72.7,9981.96,5925.94,1.0,0.02,0.01,Will Banfield (677943)
790,mu_player[Derek Hill (656537)],69.24,0.19,68.87,69.6,9005.72,6154.2,1.0,0.0,0.0,Derek Hill (656537)
791,mu_player[Jorge Ona (671250)],69.26,0.82,67.64,70.87,10111.35,6734.19,1.0,0.01,0.01,Jorge Ona (671250)
792,mu_player[Dariel Álvarez (645848)],69.26,1.19,66.94,71.6,11206.29,6170.16,1.0,0.01,0.01,Dariel Álvarez (645848)
793,mu_player[J.P. Crawford (641487)],69.27,0.07,69.12,69.41,2423.77,4125.95,1.0,0.0,0.0,J.P. Crawford (641487)
794,mu_player[César Prieto (693409)],69.27,1.59,66.19,72.36,10808.8,6299.1,1.0,0.02,0.01,César Prieto (693409)
795,mu_player[Jordan Groshans (677954)],69.27,0.44,68.41,70.14,10486.45,6230.75,1.0,0.0,0.0,Jordan Groshans (677954)
796,mu_player[Martín Maldonado (455117)],69.27,0.07,69.14,69.41,2324.1,4712.67,1.0,0.0,0.0,Martín Maldonado (455117)
797,mu_player[Peter Bourjos (488721)],69.28,0.14,69.01,69.55,7020.03,6173.03,1.0,0.0,0.0,Peter Bourjos (488721)
798,mu_player[Gilberto Celestino (665482)],69.28,0.18,68.92,69.64,7472.27,5775.44,1.0,0.0,0.0,Gilberto Celestino (665482)
799,mu_player[Michael Busch (683737)],69.28,0.23,68.83,69.73,9770.51,6370.59,1.0,0.0,0.0,Michael Busch (683737)
800,mu_player[Cam Devanney (687478)],69.28,1.35,66.62,71.98,10030.48,6287.49,1.0,0.01,0.01,Cam Devanney (687478)
801,mu_player[Taylor Motter (600301)],69.28,0.17,68.95,69.6,8180.67,5759.97,1.0,0.0,0.0,Taylor Motter (600301)
802,mu_player[Albert Almora Jr. (546991)],69.28,0.09,69.11,69.46,3367.66,4924.85,1.0,0.0,0.0,Albert Almora Jr. (546991)
803,mu_player[Greg Bird (595885)],69.28,0.16,68.98,69.59,7559.11,6324.7,1.0,0.0,0.0,Greg Bird (595885)
804,mu_player[Kyle Teel (691019)],69.28,0.54,68.22,70.35,10522.04,5916.58,1.0,0.01,0.0,Kyle Teel (691019)
805,mu_player[Mario Feliciano (666128)],69.29,1.34,66.66,71.92,9832.58,6260.15,1.0,0.01,0.01,Mario Feliciano (666128)
806,mu_player[Connor Norby (681393)],69.29,0.37,68.55,70.01,11282.42,6441.17,1.0,0.0,0.0,Connor Norby (681393)
807,mu_player[Petey Halpin (690984)],69.3,0.8,67.75,70.86,10758.49,6104.34,1.0,0.01,0.01,Petey Halpin (690984)
808,mu_player[Braden Montgomery (695731)],69.3,0.65,68.04,70.57,11352.67,6326.67,1.0,0.01,0.0,Braden Montgomery (695731)
809,mu_player[Dustin Peterson (640460)],69.31,0.46,68.43,70.23,9861.37,5768.45,1.0,0.0,0.0,Dustin Peterson (640460)
810,mu_player[Sam Antonacci (803011)],69.31,0.53,68.27,70.34,10912.65,6358.05,1.0,0.01,0.0,Sam Antonacci (803011)
811,mu_player[Kevin Plawecki (608700)],69.33,0.11,69.11,69.55,4492.04,5329.06,1.0,0.0,0.0,Kevin Plawecki (608700)
812,mu_player[Matt Beaty (607461)],69.34,0.15,69.04,69.64,9208.59,6554.93,1.0,0.0,0.0,Matt Beaty (607461)
813,mu_player[Ryan Kreidler (668952)],69.34,0.29,68.77,69.9,9175.31,5833.79,1.0,0.0,0.0,Ryan Kreidler (668952)
814,mu_player[Orelvis Martinez (682619)],69.35,2.24,65.04,73.76,10660.32,6281.29,1.0,0.02,0.02,Orelvis Martinez (682619)
815,mu_player[Matt Reynolds (608703)],69.35,0.17,69.02,69.67,7705.99,6049.75,1.0,0.0,0.0,Matt Reynolds (608703)
816,mu_player[Matt Tuiasosopo (449168)],69.35,1.41,66.56,72.1,10328.39,5563.42,1.0,0.01,0.01,Matt Tuiasosopo (449168)
817,mu_player[Robinson Chirinos (455139)],69.36,0.09,69.18,69.53,4491.51,5292.42,1.0,0.0,0.0,Robinson Chirinos (455139)
818,mu_player[Justin Turner (457759)],69.36,0.06,69.24,69.48,2721.79,4012.5,1.0,0.0,0.0,Justin Turner (457759)
819,mu_player[Tyler Goeddel (595963)],69.36,0.24,68.89,69.83,9695.13,6110.04,1.0,0.0,0.0,Tyler Goeddel (595963)
820,mu_player[Tommy Edman (669242)],69.37,0.08,69.21,69.52,2584.85,5067.13,1.0,0.0,0.0,Tommy Edman (669242)
821,mu_player[Michael Helman (680737)],69.37,0.79,67.82,70.91,10584.82,6454.91,1.0,0.01,0.01,Michael Helman (680737)
822,mu_player[Cameron Maybin (457727)],69.37,0.09,69.18,69.55,3799.79,5077.97,1.0,0.0,0.0,Cameron Maybin (457727)
823,mu_player[Adam Eaton (594809)],69.37,0.08,69.21,69.52,3081.74,4322.12,1.0,0.0,0.0,Adam Eaton (594809)
824,mu_player[Joe Mauer (408045)],69.39,0.1,69.19,69.58,6196.09,6062.41,1.0,0.0,0.0,Joe Mauer (408045)
825,mu_player[Ryan Fitzgerald (680837)],69.39,1.35,66.76,72.03,11172.86,6219.97,1.0,0.01,0.01,Ryan Fitzgerald (680837)
826,mu_player[Webster Rivas (593590)],69.39,0.42,68.57,70.2,9782.8,6033.79,1.0,0.0,0.0,Webster Rivas (593590)
827,mu_player[Tim Anderson (641313)],69.39,0.06,69.27,69.51,1535.08,3488.43,1.0,0.0,0.0,Tim Anderson (641313)
828,mu_player[Dominic Smith (642086)],69.4,0.09,69.24,69.57,2881.75,3935.84,1.0,0.0,0.0,Dominic Smith (642086)
829,mu_player[Jason Krizan (607249)],69.4,1.18,67.13,71.71,9356.57,5809.55,1.0,0.01,0.01,Jason Krizan (607249)
830,mu_player[Ben Gamel (592325)],69.4,0.08,69.23,69.56,2476.04,3984.03,1.0,0.0,0.0,Ben Gamel (592325)
831,mu_player[David Hensley (682073)],69.4,0.33,68.74,70.07,11023.08,5978.01,1.0,0.0,0.0,David Hensley (682073)
832,mu_player[Andrew Knizner (668800)],69.41,0.14,69.13,69.68,7086.2,5848.87,1.0,0.0,0.0,Andrew Knizner (668800)
833,mu_player[Jordyn Adams (677941)],69.41,1.01,67.43,71.36,11300.63,6477.57,1.0,0.01,0.01,Jordyn Adams (677941)
834,mu_player[Christian Villanueva (570799)],69.41,0.16,69.1,69.72,6778.37,6027.04,1.0,0.0,0.0,Christian Villanueva (570799)
835,mu_player[Ryan Cordell (641477)],69.42,0.2,69.03,69.81,8974.3,6125.24,1.0,0.0,0.0,Ryan Cordell (641477)
836,mu_player[Dilson Herrera (599096)],69.42,0.33,68.78,70.07,10843.96,6086.95,1.0,0.0,0.0,Dilson Herrera (599096)
837,mu_player[Tyler Stephenson (663886)],69.43,0.12,69.21,69.66,7096.03,5262.97,1.0,0.0,0.0,Tyler Stephenson (663886)
838,mu_player[Kyle Karros (691720)],69.44,0.47,68.53,70.34,11425.72,6212.45,1.0,0.0,0.0,Kyle Karros (691720)
839,mu_player[Jerry Sands (543742)],69.44,0.44,68.55,70.31,10031.38,6229.57,1.0,0.0,0.0,Jerry Sands (543742)
840,mu_player[Dawel Lugo (608475)],69.44,0.18,69.08,69.79,9178.84,5590.39,1.0,0.0,0.0,Dawel Lugo (608475)
841,mu_player[Lewin Díaz (650331)],69.45,0.18,69.1,69.81,7961.52,5544.4,1.0,0.0,0.0,Lewin Díaz (650331)
842,mu_player[Jorge Bonifacio (593528)],69.47,0.12,69.23,69.7,5896.79,5847.79,1.0,0.0,0.0,Jorge Bonifacio (593528)
843,mu_player[Cody Asche (605125)],69.48,0.21,69.05,69.9,8884.24,6159.73,1.0,0.0,0.0,Cody Asche (605125)
844,mu_player[Yoshi Tsutsugo (660294)],69.48,0.14,69.21,69.75,7089.76,5917.53,1.0,0.0,0.0,Yoshi Tsutsugo (660294)
845,mu_player[Lane Adams (572669)],69.48,0.29,68.91,70.05,9912.06,6216.88,1.0,0.0,0.0,Lane Adams (572669)
846,mu_player[Troy Johnston (687859)],69.48,0.48,68.54,70.42,10825.96,5931.87,1.0,0.0,0.0,Troy Johnston (687859)
847,mu_player[Andrew Stevenson (664057)],69.48,0.16,69.15,69.8,8631.23,5993.37,1.0,0.0,0.0,Andrew Stevenson (664057)
848,mu_player[Jack Winkler (676466)],69.49,1.68,66.26,72.76,10175.85,6048.19,1.0,0.02,0.01,Jack Winkler (676466)
849,mu_player[Ceddanne Rafaela (678882)],69.49,0.24,69.03,69.95,9100.89,6011.47,1.0,0.0,0.0,Ceddanne Rafaela (678882)
850,mu_player[Omar Martinez (683079)],69.49,2.2,65.18,73.83,9975.66,6584.87,1.0,0.02,0.02,Omar Martinez (683079)
851,mu_player[José Barrero (676480)],69.49,0.16,69.17,69.8,8144.19,5114.37,1.0,0.0,0.0,José Barrero (676480)
852,mu_player[Chas McCormick (676801)],69.49,0.12,69.27,69.72,4735.27,5251.67,1.0,0.0,0.0,Chas McCormick (676801)
853,mu_player[Cam Cauley (695508)],69.5,1.29,66.93,72.01,9819.1,5788.81,1.0,0.01,0.01,Cam Cauley (695508)
854,mu_player[Jose Rojas (670351)],69.5,0.22,69.06,69.94,9698.99,6109.18,1.0,0.0,0.0,Jose Rojas (670351)
855,mu_player[Hyun Soo Kim (547957)],69.5,0.16,69.19,69.82,9606.9,5936.47,1.0,0.0,0.0,Hyun Soo Kim (547957)
856,mu_player[Scott Van Slyke (475100)],69.5,0.29,68.92,70.08,9998.58,6147.97,1.0,0.0,0.0,Scott Van Slyke (475100)
857,mu_player[Alan Roden (702176)],69.51,0.7,68.12,70.9,10427.45,6555.99,1.0,0.01,0.0,Alan Roden (702176)
858,mu_player[Tyler Callihan (682997)],69.51,0.86,67.78,71.19,11801.76,6460.97,1.0,0.01,0.01,Tyler Callihan (682997)
859,mu_player[Adam Engel (641553)],69.51,0.09,69.33,69.69,4061.33,5239.83,1.0,0.0,0.0,Adam Engel (641553)
860,mu_player[Tyler Black (672012)],69.54,1.0,67.57,71.47,10912.0,5974.38,1.0,0.01,0.01,Tyler Black (672012)
861,mu_player[Brian Goodwin (571718)],69.54,0.1,69.35,69.73,4127.8,5552.88,1.0,0.0,0.0,Brian Goodwin (571718)
862,mu_player[Cedric Mullins (656775)],69.54,0.08,69.39,69.7,4017.73,5936.29,1.0,0.0,0.0,Cedric Mullins (656775)
863,mu_player[Jake Cronenworth (630105)],69.54,0.09,69.37,69.7,2154.12,4451.1,1.0,0.0,0.0,Jake Cronenworth (630105)
864,mu_player[Aaron Whitefield (664334)],69.54,0.96,67.66,71.41,11286.46,6877.72,1.0,0.01,0.01,Aaron Whitefield (664334)
865,mu_player[Anthony Alford (546990)],69.55,0.23,69.1,69.99,9345.56,6302.45,1.0,0.0,0.0,Anthony Alford (546990)
866,mu_player[Heston Kjerstad (677008)],69.55,0.56,68.43,70.64,10255.03,6045.65,1.0,0.01,0.0,Heston Kjerstad (677008)
867,mu_player[B.J. Upton (425834)],69.56,0.15,69.25,69.86,9141.37,5500.77,1.0,0.0,0.0,B.J. Upton (425834)
868,mu_player[Logan Porter (682515)],69.56,1.3,67.03,72.14,10855.85,6263.03,1.0,0.01,0.01,Logan Porter (682515)
869,mu_player[Adam Moore (446192)],69.56,0.66,68.25,70.86,10625.58,5825.54,1.0,0.01,0.0,Adam Moore (446192)
870,mu_player[Alfonso Rivas III (663845)],69.56,0.19,69.18,69.94,9290.64,6557.04,1.0,0.0,0.0,Alfonso Rivas III (663845)
871,mu_player[Matt Carpenter (572761)],69.56,0.07,69.42,69.69,2795.22,4520.34,1.0,0.0,0.0,Matt Carpenter (572761)
872,mu_player[Jimmy Paredes (517370)],69.58,0.26,69.08,70.08,11165.8,6218.83,1.0,0.0,0.0,Jimmy Paredes (517370)
873,mu_player[Sean Bouchard (656248)],69.58,0.34,68.89,70.26,10849.79,6432.7,1.0,0.0,0.0,Sean Bouchard (656248)
874,mu_player[Michael Brantley (488726)],69.59,0.08,69.44,69.74,2382.75,4983.98,1.0,0.0,0.0,Michael Brantley (488726)
875,mu_player[Graham Pauley (688363)],69.59,0.58,68.46,70.75,11500.08,6644.91,1.0,0.01,0.0,Graham Pauley (688363)
876,mu_player[Estevan Florial (664314)],69.6,0.38,68.85,70.35,9055.72,6163.68,1.0,0.0,0.0,Estevan Florial (664314)
877,mu_player[Akil Baddoo (668731)],69.61,0.12,69.38,69.86,4750.35,5316.79,1.0,0.0,0.0,Akil Baddoo (668731)
878,mu_player[Charles Leblanc (641779)],69.61,0.28,69.08,70.17,10046.64,6123.57,1.0,0.0,0.0,Charles Leblanc (641779)
879,mu_player[René Rivera (425784)],69.61,0.14,69.33,69.89,7289.38,5526.47,1.0,0.0,0.0,René Rivera (425784)
880,mu_player[Abiatal Avelino (623214)],69.61,0.8,68.03,71.18,10805.24,6287.68,1.0,0.01,0.01,Abiatal Avelino (623214)
881,mu_player[Blake Rutherford (666164)],69.61,1.36,66.96,72.32,10063.52,6083.33,1.0,0.01,0.01,Blake Rutherford (666164)
882,mu_player[Parker Meadows (678009)],69.64,0.41,68.82,70.46,9678.81,6223.4,1.0,0.0,0.0,Parker Meadows (678009)
883,mu_player[Raynel Delgado (669384)],69.64,1.41,66.87,72.44,11289.6,6112.46,1.0,0.01,0.01,Raynel Delgado (669384)
884,mu_player[Pedro Florimón (465753)],69.65,0.27,69.12,70.18,10316.12,6264.75,1.0,0.0,0.0,Pedro Florimón (465753)
885,mu_player[Angel Martínez (682657)],69.66,0.34,69.0,70.31,10213.26,6503.46,1.0,0.0,0.0,Angel Martínez (682657)
886,mu_player[C.J. Stubbs (667690)],69.66,2.17,65.4,73.94,10871.75,6210.08,1.0,0.02,0.01,C.J. Stubbs (667690)
887,mu_player[Ryan Bliss (669208)],69.67,0.91,67.87,71.47,10933.7,6259.07,1.0,0.01,0.01,Ryan Bliss (669208)
888,mu_player[Willie MacIver (680862)],69.67,0.91,67.89,71.42,9924.12,6323.84,1.0,0.01,0.01,Willie MacIver (680862)
889,mu_player[Luis Torrens (620443)],69.67,0.12,69.43,69.9,5829.48,5249.44,1.0,0.0,0.0,Luis Torrens (620443)
890,mu_player[Cal Mitchell (668751)],69.68,0.23,69.22,70.12,8223.8,6135.16,1.0,0.0,0.0,Cal Mitchell (668751)
891,mu_player[Adonis García (611177)],69.68,0.13,69.42,69.94,5602.34,5871.08,1.0,0.0,0.0,Adonis García (611177)
892,mu_player[Kevin Pillar (607680)],69.69,0.07,69.56,69.82,1926.43,4191.54,1.0,0.0,0.0,Kevin Pillar (607680)
893,mu_player[Mike Marjama (605357)],69.71,0.59,68.55,70.88,10557.94,6393.35,1.0,0.01,0.0,Mike Marjama (605357)
894,mu_player[Steward Berroa (672642)],69.71,1.33,67.06,72.31,10736.15,5790.26,1.0,0.01,0.01,Steward Berroa (672642)
895,mu_player[Brett Harris (695391)],69.73,0.73,68.3,71.16,11464.1,6381.23,1.0,0.01,0.01,Brett Harris (695391)
896,mu_player[Cooper Pratt (806198)],69.73,0.79,68.13,71.27,10713.17,6351.65,1.0,0.01,0.01,Cooper Pratt (806198)
897,mu_player[Jeremy Hazelbaker (571757)],69.73,0.21,69.32,70.15,8999.06,5972.49,1.0,0.0,0.0,Jeremy Hazelbaker (571757)
898,mu_player[Christin Stewart (621514)],69.74,0.15,69.45,70.03,9380.56,5790.91,1.0,0.0,0.0,Christin Stewart (621514)
899,mu_player[David Fry (681807)],69.74,0.31,69.12,70.34,10815.92,6661.91,1.0,0.0,0.0,David Fry (681807)
900,mu_player[Tyler Gentry (694355)],69.75,2.09,65.72,73.87,8780.12,5611.4,1.0,0.02,0.02,Tyler Gentry (694355)
901,mu_player[Jonah Heim (641680)],69.75,0.1,69.56,69.95,4388.45,5492.98,1.0,0.0,0.0,Jonah Heim (641680)
902,mu_player[Nick Markakis (455976)],69.75,0.08,69.6,69.9,3318.16,5075.24,1.0,0.0,0.0,Nick Markakis (455976)
903,mu_player[Danny Jansen (643376)],69.75,0.1,69.56,69.95,4366.38,5819.36,1.0,0.0,0.0,Danny Jansen (643376)
904,mu_player[Nick Pratto (668472)],69.75,0.18,69.41,70.11,9294.4,6086.27,1.0,0.0,0.0,Nick Pratto (668472)
905,mu_player[Rusney Castillo (628329)],69.75,1.2,67.35,72.03,11238.24,6718.38,1.0,0.01,0.01,Rusney Castillo (628329)
906,mu_player[Wenceel Pérez (672761)],69.76,0.34,69.08,70.42,9450.84,6364.92,1.0,0.0,0.0,Wenceel Pérez (672761)
907,mu_player[James Adduci (451192)],69.76,0.2,69.38,70.14,9003.72,6446.16,1.0,0.0,0.0,James Adduci (451192)
908,mu_player[Davis Schneider (676914)],69.76,0.36,69.07,70.44,9495.44,6128.1,1.0,0.0,0.0,Davis Schneider (676914)
909,mu_player[Gio Urshela (570482)],69.76,0.08,69.61,69.9,2317.32,3972.0,1.0,0.0,0.0,Gio Urshela (570482)
910,mu_player[Zach DeLoach (676113)],69.77,1.09,67.64,71.91,11158.32,6599.96,1.0,0.01,0.01,Zach DeLoach (676113)
911,mu_player[Mark Canha (592192)],69.79,0.07,69.64,69.92,2555.99,4279.31,1.0,0.0,0.0,Mark Canha (592192)
912,mu_player[Gift Ngoepe (547912)],69.79,0.41,68.98,70.58,9774.37,5959.61,1.0,0.0,0.0,Gift Ngoepe (547912)
913,mu_player[Alex Avila (488671)],69.8,0.11,69.58,70.02,6707.4,5900.45,1.0,0.0,0.0,Alex Avila (488671)
914,mu_player[Nick Solak (669256)],69.81,0.12,69.58,70.05,6484.86,6110.49,1.0,0.0,0.0,Nick Solak (669256)
915,mu_player[Nick Gonzales (693304)],69.81,0.26,69.3,70.32,8704.27,5707.09,1.0,0.0,0.0,Nick Gonzales (693304)
916,mu_player[Trei Cruz (669360)],69.82,2.1,65.59,73.92,10306.7,6249.69,1.0,0.02,0.01,Trei Cruz (669360)
917,mu_player[Jermaine Palacios (650339)],69.83,0.36,69.11,70.55,8376.44,5797.09,1.0,0.0,0.0,Jermaine Palacios (650339)
918,mu_player[Thomas Saggese (695336)],69.83,0.49,68.87,70.8,10152.97,6231.48,1.0,0.0,0.0,Thomas Saggese (695336)
919,mu_player[Derek Norris (519083)],69.83,0.14,69.56,70.11,6473.82,5913.13,1.0,0.0,0.0,Derek Norris (519083)
920,mu_player[Kody Clemens (665019)],69.83,0.17,69.49,70.17,7920.05,6056.35,1.0,0.0,0.0,Kody Clemens (665019)
921,mu_player[Jon Berti (542932)],69.83,0.1,69.63,70.02,4772.75,5723.47,1.0,0.0,0.0,Jon Berti (542932)
922,mu_player[Sheldon Neuse (641914)],69.84,0.16,69.51,70.16,8636.47,6199.12,1.0,0.0,0.0,Sheldon Neuse (641914)
923,mu_player[Yermín Mercedes (606213)],69.84,0.18,69.5,70.19,9712.05,5848.78,1.0,0.0,0.0,Yermín Mercedes (606213)
924,mu_player[Joey Votto (458015)],69.84,0.06,69.71,69.97,3646.93,4820.28,1.0,0.0,0.0,Joey Votto (458015)
925,mu_player[Hunter Feduccia (676439)],69.85,0.6,68.68,71.02,10205.34,6409.33,1.0,0.01,0.0,Hunter Feduccia (676439)
926,mu_player[Anthony Rendon (543685)],69.85,0.07,69.72,69.98,1930.05,4005.97,1.0,0.0,0.0,Anthony Rendon (543685)
927,mu_player[Corey Dickerson (572816)],69.85,0.06,69.72,69.97,1671.5,2911.47,1.0,0.0,0.0,Corey Dickerson (572816)
928,mu_player[Jhonny Pereda (640902)],69.85,0.72,68.46,71.25,10063.23,6224.36,1.0,0.01,0.01,Jhonny Pereda (640902)
929,mu_player[Jim Jarvis (805347)],69.85,0.96,67.96,71.71,10479.48,6192.27,1.0,0.01,0.01,Jim Jarvis (805347)
930,mu_player[Corey Julks (667452)],69.85,0.22,69.43,70.29,10226.51,6521.55,1.0,0.0,0.0,Corey Julks (667452)
931,mu_player[Alex Gordon (460086)],69.85,0.07,69.71,70.0,2562.68,5469.43,1.0,0.0,0.0,Alex Gordon (460086)
932,mu_player[Luis Campusano (669134)],69.85,0.26,69.33,70.36,10007.75,6412.58,1.0,0.0,0.0,Luis Campusano (669134)
933,mu_player[Zach Walters (595025)],69.85,1.35,67.21,72.46,10040.32,6791.6,1.0,0.01,0.01,Zach Walters (595025)
934,mu_player[Robel García (596825)],69.85,0.26,69.34,70.35,10468.99,5728.89,1.0,0.0,0.0,Robel García (596825)
935,mu_player[Jeff Francoeur (425796)],69.85,0.19,69.49,70.21,8557.99,6049.87,1.0,0.0,0.0,Jeff Francoeur (425796)
936,mu_player[Colin Moran (592567)],69.86,0.09,69.69,70.03,3145.68,4509.66,1.0,0.0,0.0,Colin Moran (592567)
937,mu_player[Enmanuel Valdez (665839)],69.86,0.31,69.24,70.47,10336.48,6240.83,1.0,0.0,0.0,Enmanuel Valdez (665839)
938,mu_player[Jakob Marsee (805300)],69.87,0.43,69.03,70.69,11099.01,6672.68,1.0,0.0,0.0,Jakob Marsee (805300)
939,mu_player[Miguel Vargas (678246)],69.87,0.16,69.55,70.2,7558.32,6052.7,1.0,0.0,0.0,Miguel Vargas (678246)
940,mu_player[Niko Goodrum (592348)],69.88,0.09,69.71,70.06,3913.02,5319.5,1.0,0.0,0.0,Niko Goodrum (592348)
941,mu_player[Cameron Perkins (573088)],69.89,0.38,69.14,70.64,10367.05,6254.84,1.0,0.0,0.0,Cameron Perkins (573088)
942,mu_player[Tyrone Taylor (621438)],69.89,0.12,69.66,70.13,5242.13,5268.55,1.0,0.0,0.0,Tyrone Taylor (621438)
943,mu_player[Chad Stevens (677060)],69.89,1.28,67.38,72.42,10363.83,6347.14,1.0,0.01,0.01,Chad Stevens (677060)
944,mu_player[Blake Lalli (503351)],69.9,0.88,68.16,71.62,10410.53,6571.06,1.0,0.01,0.01,Blake Lalli (503351)
945,mu_player[Gavin Lux (666158)],69.91,0.11,69.7,70.13,5222.0,5419.58,1.0,0.0,0.0,Gavin Lux (666158)
946,mu_player[Kyle Seager (572122)],69.91,0.07,69.78,70.04,2086.07,3434.78,1.0,0.0,0.0,Kyle Seager (572122)
947,mu_player[Derek Dietrich (518618)],69.91,0.09,69.74,70.08,3101.45,4534.53,1.0,0.0,0.0,Derek Dietrich (518618)
948,mu_player[Charlie Blackmon (453568)],69.92,0.06,69.81,70.03,1912.27,3807.51,1.0,0.0,0.0,Charlie Blackmon (453568)
949,mu_player[Gabriel Gonzalez (694224)],69.92,2.09,65.89,74.02,10112.78,6196.45,1.0,0.02,0.01,Gabriel Gonzalez (694224)
950,mu_player[Daniel Johnson (669288)],69.92,0.34,69.26,70.56,10381.41,6031.59,1.0,0.0,0.0,Daniel Johnson (669288)
951,mu_player[Jake Cave (595909)],69.92,0.11,69.71,70.12,5297.8,5622.11,1.0,0.0,0.0,Jake Cave (595909)
952,mu_player[Daylen Lile (695734)],69.93,0.35,69.24,70.61,10042.58,6063.28,1.0,0.0,0.0,Daylen Lile (695734)
953,mu_player[Drew Robinson (592685)],69.93,0.22,69.49,70.37,10540.34,6321.24,1.0,0.0,0.0,Drew Robinson (592685)
954,mu_player[Chris Young (455759)],69.93,0.15,69.62,70.23,7120.48,5852.7,1.0,0.0,0.0,Chris Young (455759)
955,mu_player[Ryan Raburn (430605)],69.93,0.2,69.54,70.32,10580.76,6317.28,1.0,0.0,0.0,Ryan Raburn (430605)
956,mu_player[Juan Yepez (660766)],69.93,0.18,69.58,70.29,9798.36,5448.97,1.0,0.0,0.0,Juan Yepez (660766)
957,mu_player[Drew Gilbert (687551)],69.93,0.55,68.85,71.01,10362.84,6097.48,1.0,0.01,0.0,Drew Gilbert (687551)
958,mu_player[Adam Jones (430945)],69.94,0.07,69.81,70.08,2513.06,3967.46,1.0,0.0,0.0,Adam Jones (430945)
959,mu_player[Juan Lagares (501571)],69.94,0.11,69.73,70.15,4737.0,6147.37,1.0,0.0,0.0,Juan Lagares (501571)
960,mu_player[Kyle Manzardo (700932)],69.94,0.33,69.29,70.58,9057.99,6008.06,1.0,0.0,0.0,Kyle Manzardo (700932)
961,mu_player[Mark Teixeira (407893)],69.94,0.18,69.59,70.28,9505.54,6142.54,1.0,0.0,0.0,Mark Teixeira (407893)
962,mu_player[Dylan Moore (664238)],69.95,0.11,69.74,70.16,3856.81,5695.83,1.0,0.0,0.0,Dylan Moore (664238)
963,mu_player[Alex Freeland (690976)],69.95,0.62,68.72,71.18,9965.66,6405.92,1.0,0.01,0.0,Alex Freeland (690976)
964,mu_player[Aaron Hicks (543305)],69.95,0.08,69.8,70.1,2548.55,4248.79,1.0,0.0,0.0,Aaron Hicks (543305)
965,mu_player[Adam Rosales (489267)],69.95,0.15,69.65,70.25,7671.99,5834.24,1.0,0.0,0.0,Adam Rosales (489267)
966,mu_player[Michael Massey (686681)],69.95,0.15,69.66,70.23,9554.26,6440.27,1.0,0.0,0.0,Michael Massey (686681)
967,mu_player[Carlos Cortes (666126)],69.96,0.54,68.9,71.01,9942.83,6399.53,1.0,0.01,0.0,Carlos Cortes (666126)
968,mu_player[Dae-Ho Lee (493193)],69.96,0.2,69.57,70.35,9508.73,5987.65,1.0,0.0,0.0,Dae-Ho Lee (493193)
969,mu_player[Ivan Johnson (671155)],69.97,1.78,66.55,73.54,9835.9,5964.76,1.0,0.02,0.01,Ivan Johnson (671155)
970,mu_player[Phillip Evans (595943)],69.98,0.2,69.58,70.37,8740.32,5937.05,1.0,0.0,0.0,Phillip Evans (595943)
971,mu_player[JJ Bleday (668709)],69.98,0.15,69.68,70.28,7452.16,6279.78,1.0,0.0,0.0,JJ Bleday (668709)
972,mu_player[J.J. Hardy (429666)],69.98,0.15,69.68,70.27,8976.98,6250.06,1.0,0.0,0.0,J.J. Hardy (429666)
973,mu_player[Nick Plummer (663911)],69.99,0.69,68.66,71.34,10497.52,6467.64,1.0,0.01,0.0,Nick Plummer (663911)
974,mu_player[Chris Herrmann (543302)],69.99,0.14,69.72,70.27,9954.15,6600.98,1.0,0.0,0.0,Chris Herrmann (543302)
975,mu_player[Adley Rutschman (668939)],69.99,0.12,69.75,70.22,5703.1,5504.56,1.0,0.0,0.0,Adley Rutschman (668939)
976,mu_player[Edward Olivares (658668)],70.0,0.14,69.73,70.28,7451.98,5378.91,1.0,0.0,0.0,Edward Olivares (658668)
977,mu_player[Emmanuel Rivera (656896)],70.0,0.14,69.72,70.27,6660.58,6073.03,1.0,0.0,0.0,Emmanuel Rivera (656896)
978,mu_player[Franklin Barreto (620439)],70.01,0.23,69.55,70.46,8289.09,6198.45,1.0,0.0,0.0,Franklin Barreto (620439)
979,mu_player[Jonathan Aranda (666018)],70.01,0.24,69.53,70.47,9593.09,6372.43,1.0,0.0,0.0,Jonathan Aranda (666018)
980,mu_player[Justin Foscue (679822)],70.01,0.68,68.64,71.34,10332.24,6173.38,1.0,0.01,0.0,Justin Foscue (679822)
981,mu_player[Drew Waters (671221)],70.02,0.22,69.6,70.45,9025.77,5822.08,1.0,0.0,0.0,Drew Waters (671221)
982,mu_player[Jared Triolo (669707)],70.02,0.29,69.45,70.6,11331.64,6402.83,1.0,0.0,0.0,Jared Triolo (669707)
983,mu_player[Stephen Piscotty (572039)],70.03,0.07,69.88,70.16,2443.49,3954.77,1.0,0.0,0.0,Stephen Piscotty (572039)
984,mu_player[Willi Castro (650489)],70.04,0.09,69.86,70.22,3064.28,4283.6,1.0,0.0,0.0,Willi Castro (650489)
985,mu_player[Jacob Nottingham (641924)],70.04,0.29,69.47,70.6,10441.05,6065.1,1.0,0.0,0.0,Jacob Nottingham (641924)
986,mu_player[César Puello (527049)],70.04,0.26,69.52,70.54,9749.6,6426.19,1.0,0.0,0.0,César Puello (527049)
987,mu_player[Jordan Lawlar (691783)],70.04,0.81,68.43,71.64,11307.45,6268.3,1.0,0.01,0.01,Jordan Lawlar (691783)
988,mu_player[Greg Jones (675659)],70.05,1.51,67.16,72.97,10579.72,6146.62,1.0,0.01,0.01,Greg Jones (675659)
989,mu_player[Niko Kavadas (694359)],70.05,0.92,68.23,71.86,10540.72,6320.15,1.0,0.01,0.01,Niko Kavadas (694359)
990,mu_player[Ryan McBroom (643436)],70.05,0.27,69.53,70.57,10049.41,5937.62,1.0,0.0,0.0,Ryan McBroom (643436)
991,mu_player[Erik Kratz (456124)],70.06,0.18,69.71,70.41,9480.59,6326.87,1.0,0.0,0.0,Erik Kratz (456124)
992,mu_player[Leo Jiménez (677870)],70.07,0.51,69.06,71.06,9384.77,6580.58,1.0,0.01,0.0,Leo Jiménez (677870)
993,mu_player[Korey Lee (686676)],70.07,0.36,69.37,70.79,9952.2,6274.07,1.0,0.0,0.0,Korey Lee (686676)
994,mu_player[Steve Pearce (456665)],70.07,0.11,69.85,70.29,6224.98,5542.15,1.0,0.0,0.0,Steve Pearce (456665)
995,mu_player[Brooks Baldwin (681460)],70.07,0.48,69.15,71.0,10755.86,6037.04,1.0,0.0,0.0,Brooks Baldwin (681460)
996,mu_player[Angel Genao (694197)],70.08,1.33,67.46,72.71,10002.7,6481.36,1.0,0.01,0.01,Angel Genao (694197)
997,mu_player[Chris Parmelee (476633)],70.08,1.04,68.04,72.05,11046.39,6522.1,1.0,0.01,0.01,Chris Parmelee (476633)
998,mu_player[Nolan Reimold (460099)],70.08,0.25,69.6,70.56,9637.76,6235.42,1.0,0.0,0.0,Nolan Reimold (460099)
999,mu_player[Masyn Winn (691026)],70.09,0.26,69.57,70.59,9266.4,5957.88,1.0,0.0,0.0,Masyn Winn (691026)
1000,mu_player[Adael Amador (691182)],70.09,0.79,68.54,71.63,9753.46,6149.62,1.0,0.01,0.01,Adael Amador (691182)
1001,mu_player[Will Smith (669257)],70.09,0.09,69.92,70.27,3620.17,4470.85,1.0,0.0,0.0,Will Smith (669257)
1002,mu_player[Gage Workman (669398)],70.1,1.14,67.88,72.33,10319.05,6363.92,1.0,0.01,0.01,Gage Workman (669398)
1003,mu_player[James McCann (543510)],70.1,0.07,69.97,70.24,2214.55,4468.05,1.0,0.0,0.0,James McCann (543510)
1004,mu_player[Tyler Freeman (671289)],70.1,0.22,69.68,70.52,10180.46,6462.67,1.0,0.0,0.0,Tyler Freeman (671289)
1005,mu_player[Matt Thaiss (642136)],70.1,0.16,69.8,70.41,8862.23,6169.46,1.0,0.0,0.0,Matt Thaiss (642136)
1006,mu_player[Chris Taylor (621035)],70.11,0.07,69.98,70.24,1816.76,3721.24,1.0,0.0,0.0,Chris Taylor (621035)
1007,mu_player[Jean Segura (516416)],70.11,0.06,69.99,70.23,1826.97,3979.25,1.0,0.0,0.0,Jean Segura (516416)
1008,mu_player[A.J. Ewing (805999)],70.11,0.56,69.01,71.19,11544.62,6799.01,1.0,0.01,0.0,A.J. Ewing (805999)
1009,mu_player[Dustin Fowler (641583)],70.11,0.22,69.67,70.54,8058.82,5784.32,1.0,0.0,0.0,Dustin Fowler (641583)
1010,mu_player[Dusty Coleman (543038)],70.12,0.41,69.33,70.91,10492.0,6331.37,1.0,0.0,0.0,Dusty Coleman (543038)
1011,mu_player[Johan Rojas (679032)],70.12,0.43,69.27,70.96,10057.14,5971.12,1.0,0.0,0.0,Johan Rojas (679032)
1012,mu_player[Willy García (591994)],70.12,0.33,69.47,70.75,11088.62,6318.51,1.0,0.0,0.0,Willy García (591994)
1013,mu_player[Alex Kirilloff (666135)],70.12,0.15,69.84,70.41,7410.23,5364.23,1.0,0.0,0.0,Alex Kirilloff (666135)
1014,mu_player[Brian Navarreto (640459)],70.13,1.01,68.17,72.09,9924.82,6259.2,1.0,0.01,0.01,Brian Navarreto (640459)
1015,mu_player[José Ramírez (608070)],70.13,0.06,70.01,70.24,1427.35,2627.91,1.0,0.0,0.0,José Ramírez (608070)
1016,mu_player[Cristian Pache (665506)],70.14,0.18,69.78,70.48,8501.59,5195.1,1.0,0.0,0.0,Cristian Pache (665506)
1017,mu_player[Brandon Belt (474832)],70.14,0.06,70.01,70.26,2167.93,3602.81,1.0,0.0,0.0,Brandon Belt (474832)
1018,mu_player[Nick Fortes (663743)],70.15,0.16,69.83,70.47,8341.59,6700.11,1.0,0.0,0.0,Nick Fortes (663743)
1019,mu_player[Nolan Arenado (571448)],70.15,0.06,70.04,70.26,1400.32,3091.94,1.0,0.0,0.0,Nolan Arenado (571448)
1020,mu_player[Amed Rosario (642708)],70.16,0.07,70.03,70.29,1793.04,3007.66,1.0,0.0,0.0,Amed Rosario (642708)
1021,mu_player[Connor Joe (656582)],70.16,0.12,69.93,70.4,6888.62,6161.62,1.0,0.0,0.0,Connor Joe (656582)
1022,mu_player[Kelly Johnson (430637)],70.16,0.2,69.77,70.56,10815.86,6230.63,1.0,0.0,0.0,Kelly Johnson (430637)
1023,mu_player[Seth Mejias-Brean (623180)],70.16,0.63,68.93,71.4,10148.29,6327.98,1.0,0.01,0.0,Seth Mejias-Brean (623180)
1024,mu_player[Adrian Beltré (134181)],70.17,0.1,69.98,70.36,4994.5,4719.09,1.0,0.0,0.0,Adrian Beltré (134181)
1025,mu_player[Devon Travis (581527)],70.17,0.11,69.95,70.39,5720.52,6065.18,1.0,0.0,0.0,Devon Travis (581527)
1026,mu_player[Edmundo Sosa (624641)],70.17,0.12,69.93,70.41,5764.88,5690.21,1.0,0.0,0.0,Edmundo Sosa (624641)
1027,mu_player[Kyler Fedko (693459)],70.17,1.61,66.98,73.33,10218.25,6297.22,1.0,0.02,0.01,Kyler Fedko (693459)
1028,mu_player[Max Stassi (545358)],70.18,0.11,69.97,70.39,5203.24,5302.12,1.0,0.0,0.0,Max Stassi (545358)
1029,mu_player[Rob Refsnyder (608701)],70.18,0.12,69.95,70.42,6167.25,6330.86,1.0,0.0,0.0,Rob Refsnyder (608701)
1030,mu_player[Marwin Gonzalez (503556)],70.18,0.07,70.04,70.32,2302.88,4687.12,1.0,0.0,0.0,Marwin Gonzalez (503556)
1031,mu_player[Jacob Gonzalez (694378)],70.18,0.69,68.84,71.52,10566.03,6020.93,1.0,0.01,0.0,Jacob Gonzalez (694378)
1032,mu_player[Zack Collins (641470)],70.18,0.17,69.85,70.51,7606.27,5247.03,1.0,0.0,0.0,Zack Collins (641470)
1033,mu_player[Austin Slater (596103)],70.18,0.1,69.99,70.37,3983.61,5915.76,1.0,0.0,0.0,Austin Slater (596103)
1034,mu_player[Shane Peterson (451089)],70.19,0.36,69.5,70.88,10867.31,6635.59,1.0,0.0,0.0,Shane Peterson (451089)
1035,mu_player[Jose F Miranda (669304)],70.2,0.14,69.92,70.47,7395.84,5614.57,1.0,0.0,0.0,Jose F Miranda (669304)
1036,mu_player[Daniel Schneemann (682177)],70.2,0.35,69.52,70.88,9142.16,5847.58,1.0,0.0,0.0,Daniel Schneemann (682177)
1037,mu_player[Melky Cabrera (466320)],70.2,0.09,70.03,70.36,3176.18,5589.08,1.0,0.0,0.0,Melky Cabrera (466320)
1038,mu_player[Anthony Volpe (683011)],70.21,0.16,69.89,70.53,8204.58,6258.38,1.0,0.0,0.0,Anthony Volpe (683011)
1039,mu_player[Harrison Bader (664056)],70.21,0.08,70.06,70.37,3108.35,4654.12,1.0,0.0,0.0,Harrison Bader (664056)
1040,mu_player[Travis Blankenhorn (663905)],70.21,0.53,69.16,71.25,9662.24,5989.84,1.0,0.01,0.0,Travis Blankenhorn (663905)
1041,mu_player[Eguy Rosario (666703)],70.21,0.9,68.44,71.98,10387.45,6294.49,1.0,0.01,0.01,Eguy Rosario (666703)
1042,mu_player[Gabriel Moreno (672515)],70.21,0.18,69.85,70.57,9068.71,5885.59,1.0,0.0,0.0,Gabriel Moreno (672515)
1043,mu_player[Paul DeJong (657557)],70.22,0.07,70.08,70.36,2072.44,4254.39,1.0,0.0,0.0,Paul DeJong (657557)
1044,mu_player[Kris Bryant (592178)],70.22,0.06,70.1,70.35,1509.68,3590.14,1.0,0.0,0.0,Kris Bryant (592178)
1045,mu_player[Bruce Maxwell (622194)],70.22,0.18,69.86,70.56,8090.77,5523.44,1.0,0.0,0.0,Bruce Maxwell (622194)
1046,mu_player[Kole Calhoun (594777)],70.23,0.06,70.11,70.36,1820.69,4868.16,1.0,0.0,0.0,Kole Calhoun (594777)
1047,mu_player[Enrique Hernández (571771)],70.23,0.07,70.09,70.36,1848.84,2839.26,1.0,0.0,0.0,Enrique Hernández (571771)
1048,mu_player[Casey McGehee (431171)],70.23,0.37,69.53,70.96,10454.59,6268.06,1.0,0.0,0.0,Casey McGehee (431171)
1049,mu_player[Alex Verdugo (657077)],70.23,0.08,70.08,70.39,1984.58,4234.06,1.0,0.0,0.0,Alex Verdugo (657077)
1050,mu_player[LaMonte Wade Jr. (664774)],70.23,0.11,70.0,70.45,5164.49,5236.84,1.0,0.0,0.0,LaMonte Wade Jr. (664774)
1051,mu_player[J.P. Martínez (679881)],70.23,1.27,67.75,72.67,9933.74,6303.57,1.0,0.01,0.01,J.P. Martínez (679881)
1052,mu_player[Dane Myers (667472)],70.25,0.41,69.42,71.06,10210.97,6026.13,1.0,0.0,0.0,Dane Myers (667472)
1053,mu_player[Wynton Bernard (592144)],70.26,0.5,69.28,71.25,9726.94,6017.57,1.0,0.01,0.0,Wynton Bernard (592144)
1054,mu_player[Kyle Isbel (664728)],70.26,0.15,69.98,70.56,8678.19,5413.13,1.0,0.0,0.0,Kyle Isbel (664728)
1055,mu_player[Jonathan Ornelas (680716)],70.26,1.04,68.22,72.26,11225.9,6441.53,1.0,0.01,0.01,Jonathan Ornelas (680716)
1056,mu_player[Wyatt Mathisen (621500)],70.27,0.39,69.52,71.02,10754.92,6902.49,1.0,0.0,0.0,Wyatt Mathisen (621500)
1057,mu_player[Jay Bruce (457803)],70.27,0.08,70.11,70.43,3142.81,4946.82,1.0,0.0,0.0,Jay Bruce (457803)
1058,mu_player[Sócrates Brito (593647)],70.28,0.25,69.8,70.76,9605.3,6580.5,1.0,0.0,0.0,Sócrates Brito (593647)
1059,mu_player[Aledmys Díaz (649557)],70.28,0.08,70.13,70.43,2528.45,3660.45,1.0,0.0,0.0,Aledmys Díaz (649557)
1060,mu_player[Dansby Swanson (621020)],70.29,0.06,70.17,70.4,1610.75,2911.45,1.0,0.0,0.0,Dansby Swanson (621020)
1061,mu_player[Kenny Piper (700652)],70.29,1.86,66.62,73.95,10397.79,6647.33,1.0,0.02,0.01,Kenny Piper (700652)
1062,mu_player[Sandro Fabian (660758)],70.29,2.02,66.21,74.21,10014.02,6204.67,1.0,0.02,0.01,Sandro Fabian (660758)
1063,mu_player[Shawn Ross (676566)],70.31,2.13,66.18,74.57,10611.49,6436.46,1.0,0.02,0.01,Shawn Ross (676566)
1064,mu_player[Jonny DeLuca (676356)],70.31,0.34,69.64,70.98,9828.72,6045.43,1.0,0.0,0.0,Jonny DeLuca (676356)
1065,mu_player[Abraham Almonte (501659)],70.31,0.12,70.07,70.54,6695.12,5506.06,1.0,0.0,0.0,Abraham Almonte (501659)
1066,mu_player[Danny Santana (542454)],70.32,0.1,70.13,70.52,4720.32,5922.92,1.0,0.0,0.0,Danny Santana (542454)
1067,mu_player[Ramón Urías (602104)],70.32,0.11,70.1,70.55,5317.27,5824.22,1.0,0.0,0.0,Ramón Urías (602104)
1068,mu_player[Jake Marisnick (545350)],70.33,0.09,70.16,70.51,2567.95,3675.89,1.0,0.0,0.0,Jake Marisnick (545350)
1069,mu_player[Mike Yastrzemski (573262)],70.33,0.08,70.17,70.49,2424.27,3527.91,1.0,0.0,0.0,Mike Yastrzemski (573262)
1070,mu_player[Andrew Lambo (518911)],70.33,2.1,66.2,74.51,10589.72,6391.49,1.0,0.02,0.01,Andrew Lambo (518911)
1071,mu_player[Efren Navarro (519068)],70.34,0.38,69.6,71.09,9815.86,6727.64,1.0,0.0,0.0,Efren Navarro (519068)
1072,mu_player[Willie Calhoun (641432)],70.34,0.11,70.12,70.56,4173.22,4958.78,1.0,0.0,0.0,Willie Calhoun (641432)
1073,mu_player[Spencer Steer (668715)],70.34,0.14,70.06,70.63,7005.77,6044.63,1.0,0.0,0.0,Spencer Steer (668715)
1074,mu_player[J.C. Escarra (641555)],70.34,0.77,68.83,71.87,10958.26,6404.94,1.0,0.01,0.01,J.C. Escarra (641555)
1075,mu_player[Yuli Gurriel (493329)],70.35,0.07,70.22,70.48,3331.14,4606.43,1.0,0.0,0.0,Yuli Gurriel (493329)
1076,mu_player[Evan Carter (694497)],70.35,0.42,69.54,71.19,9903.07,5965.27,1.0,0.0,0.0,Evan Carter (694497)
1077,mu_player[Taylor Ward (621493)],70.35,0.09,70.16,70.53,3206.83,5738.96,1.0,0.0,0.0,Taylor Ward (621493)
1078,mu_player[Justin Morneau (408047)],70.35,0.23,69.9,70.8,9419.58,6303.65,1.0,0.0,0.0,Justin Morneau (408047)
1079,mu_player[CJ Kayfus (692216)],70.35,0.77,68.85,71.82,11037.73,6580.39,1.0,0.01,0.01,CJ Kayfus (692216)
1080,mu_player[Ryan Ward (669899)],70.36,1.07,68.3,72.47,10902.19,6600.64,1.0,0.01,0.01,Ryan Ward (669899)
1081,mu_player[Kevin Kiermaier (595281)],70.36,0.07,70.22,70.5,2100.67,4145.94,1.0,0.0,0.0,Kevin Kiermaier (595281)
1082,mu_player[Matt McLain (680574)],70.36,0.2,69.96,70.76,9457.31,6175.27,1.0,0.0,0.0,Matt McLain (680574)
1083,mu_player[Trent Grisham (663757)],70.37,0.09,70.19,70.54,3162.92,4654.76,1.0,0.0,0.0,Trent Grisham (663757)
1084,mu_player[Sam Travis (607752)],70.37,0.21,69.95,70.79,10237.92,6526.61,1.0,0.0,0.0,Sam Travis (607752)
1085,mu_player[Rymer Liriano (542642)],70.38,0.46,69.46,71.29,9598.64,6056.48,1.0,0.0,0.0,Rymer Liriano (542642)
1086,mu_player[Jared Oliva (666931)],70.39,0.45,69.5,71.29,10499.06,5857.46,1.0,0.0,0.0,Jared Oliva (666931)
1087,mu_player[Luis Matos (682641)],70.4,0.33,69.73,71.04,9678.17,6324.4,1.0,0.0,0.0,Luis Matos (682641)
1088,mu_player[Colby Rasmus (458675)],70.4,0.14,70.12,70.67,6713.43,6096.6,1.0,0.0,0.0,Colby Rasmus (458675)
1089,mu_player[Kyle Higashioka (543309)],70.41,0.12,70.18,70.65,6427.25,6093.78,1.0,0.0,0.0,Kyle Higashioka (543309)
1090,mu_player[Miguel Andujar (609280)],70.41,0.1,70.21,70.62,4936.85,5642.81,1.0,0.0,0.0,Miguel Andujar (609280)
1091,mu_player[Mikie Mahtook (543484)],70.41,0.12,70.16,70.65,5799.16,5586.76,1.0,0.0,0.0,Mikie Mahtook (543484)
1092,mu_player[Gleyber Torres (650402)],70.42,0.07,70.28,70.55,1999.0,3649.23,1.0,0.0,0.0,Gleyber Torres (650402)
1093,mu_player[Dairon Blanco (680118)],70.42,0.41,69.62,71.23,10630.21,6108.44,1.0,0.0,0.0,Dairon Blanco (680118)
1094,mu_player[Jordan Westburg (676059)],70.42,0.33,69.78,71.07,8148.02,6109.7,1.0,0.0,0.0,Jordan Westburg (676059)
1095,mu_player[Austin Dean (621573)],70.43,0.19,70.06,70.81,8795.15,6774.66,1.0,0.0,0.0,Austin Dean (621573)
1096,mu_player[Jackie Bradley Jr. (598265)],70.43,0.06,70.3,70.55,1640.56,3148.53,1.0,0.0,0.0,Jackie Bradley Jr. (598265)
1097,mu_player[Carson Benge (701807)],70.44,0.47,69.5,71.37,10204.95,6324.62,1.0,0.0,0.0,Carson Benge (701807)
1098,mu_player[Hao-Yu Lee (701678)],70.44,0.69,69.09,71.79,9903.25,6007.64,1.0,0.01,0.0,Hao-Yu Lee (701678)
1099,mu_player[Welington Castillo (456078)],70.44,0.11,70.23,70.65,5028.0,5575.44,1.0,0.0,0.0,Welington Castillo (456078)
1100,mu_player[Pedro Severino (600474)],70.44,0.1,70.24,70.63,4642.99,4990.51,1.0,0.0,0.0,Pedro Severino (600474)
1101,mu_player[Mookie Betts (605141)],70.44,0.06,70.32,70.55,1458.15,2958.18,1.0,0.0,0.0,Mookie Betts (605141)
1102,mu_player[Bo Naylor (666310)],70.45,0.28,69.92,70.98,10702.74,6110.25,1.0,0.0,0.0,Bo Naylor (666310)
1103,mu_player[Mickey Gasper (681508)],70.47,0.7,69.07,71.85,10642.93,5879.53,1.0,0.01,0.0,Mickey Gasper (681508)
1104,mu_player[Kerry Carpenter (681481)],70.48,0.17,70.15,70.81,7985.67,5644.8,1.0,0.0,0.0,Kerry Carpenter (681481)
1105,mu_player[Edouard Julien (666397)],70.48,0.24,70.01,70.96,9873.32,6665.08,1.0,0.0,0.0,Edouard Julien (666397)
1106,mu_player[Tristin English (663536)],70.49,1.56,67.41,73.57,9294.6,5631.3,1.0,0.02,0.01,Tristin English (663536)
1107,mu_player[José Osuna (591741)],70.49,0.13,70.23,70.74,4999.86,5684.98,1.0,0.0,0.0,José Osuna (591741)
1108,mu_player[Canaan Smith-Njigba (675986)],70.5,0.53,69.48,71.54,10831.58,6146.29,1.0,0.01,0.0,Canaan Smith-Njigba (675986)
1109,mu_player[Christian Arroyo (624414)],70.5,0.11,70.28,70.72,6419.06,5804.8,1.0,0.0,0.0,Christian Arroyo (624414)
1110,mu_player[Alex Jackson (656577)],70.5,0.23,70.05,70.96,9964.29,6094.09,1.0,0.0,0.0,Alex Jackson (656577)
1111,mu_player[Joshua Palacios (641943)],70.5,0.24,70.04,70.96,8831.75,6053.95,1.0,0.0,0.0,Joshua Palacios (641943)
1112,mu_player[Michael Saunders (459431)],70.51,0.12,70.27,70.75,6396.01,6026.95,1.0,0.0,0.0,Michael Saunders (459431)
1113,mu_player[Evan Longoria (446334)],70.52,0.07,70.39,70.65,2429.21,4582.79,1.0,0.0,0.0,Evan Longoria (446334)
1114,mu_player[Endy Rodríguez (682848)],70.52,0.53,69.5,71.58,10273.12,6210.04,1.0,0.01,0.0,Endy Rodríguez (682848)
1115,mu_player[Troy Tulowitzki (453064)],70.54,0.13,70.28,70.79,7454.04,5562.02,1.0,0.0,0.0,Troy Tulowitzki (453064)
1116,mu_player[Otto Lopez (672640)],70.55,0.28,70.0,71.1,10504.63,6370.14,1.0,0.0,0.0,Otto Lopez (672640)
1117,mu_player[Pavin Smith (656976)],70.56,0.12,70.34,70.79,5133.0,6359.17,1.0,0.0,0.0,Pavin Smith (656976)
1118,mu_player[Blake Dunn (694362)],70.56,0.68,69.22,71.9,9850.11,6205.72,1.0,0.01,0.0,Blake Dunn (694362)
1119,mu_player[Shay Whitcomb (694376)],70.56,0.95,68.69,72.45,10784.72,6551.02,1.0,0.01,0.01,Shay Whitcomb (694376)
1120,mu_player[LuJames Groover (694410)],70.57,1.27,68.07,73.09,10186.54,6499.06,1.0,0.01,0.01,LuJames Groover (694410)
1121,mu_player[Daz Cameron (663662)],70.57,0.22,70.15,71.01,9628.61,5981.04,1.0,0.0,0.0,Daz Cameron (663662)
1122,mu_player[Adalberto Mondesi (609275)],70.58,0.09,70.4,70.76,4194.54,5289.68,1.0,0.0,0.0,Adalberto Mondesi (609275)
1123,mu_player[Zac Veen (691728)],70.58,1.17,68.26,72.9,10288.39,5730.36,1.0,0.01,0.01,Zac Veen (691728)
1124,mu_player[Tom Murphy (608596)],70.59,0.12,70.37,70.82,5914.46,5700.09,1.0,0.0,0.0,Tom Murphy (608596)
1125,mu_player[George Lombard Jr. (806146)],70.6,1.19,68.25,72.94,10102.4,6176.66,1.0,0.01,0.01,George Lombard Jr. (806146)
1126,mu_player[Jackson Holliday (702616)],70.6,0.32,69.97,71.24,9194.31,6281.53,1.0,0.0,0.0,Jackson Holliday (702616)
1127,mu_player[Yu Chang (644374)],70.61,0.15,70.33,70.89,8438.44,5829.77,1.0,0.0,0.0,Yu Chang (644374)
1128,mu_player[Jonatan Clase (682729)],70.61,0.72,69.21,72.0,10587.36,6295.49,1.0,0.01,0.0,Jonatan Clase (682729)
1129,mu_player[Yunel Escobar (488862)],70.63,0.12,70.39,70.87,6889.02,5931.87,1.0,0.0,0.0,Yunel Escobar (488862)
1130,mu_player[Ty France (664034)],70.63,0.08,70.48,70.79,2560.55,3961.97,1.0,0.0,0.0,Ty France (664034)
1131,mu_player[Jeimer Candelario (600869)],70.63,0.07,70.49,70.76,1827.99,3081.82,1.0,0.0,0.0,Jeimer Candelario (600869)
1132,mu_player[Nick Castellanos (592206)],70.64,0.06,70.53,70.75,1143.06,2315.99,1.0,0.0,0.0,Nick Castellanos (592206)
1133,mu_player[Héctor Olivera (493343)],70.64,0.78,69.11,72.17,11287.73,6196.48,1.0,0.01,0.01,Héctor Olivera (493343)
1134,mu_player[Ryan Schimpf (572114)],70.64,0.15,70.34,70.94,9941.83,5240.28,1.0,0.0,0.0,Ryan Schimpf (572114)
1135,mu_player[Chris Johnson (453400)],70.65,0.21,70.23,71.06,9608.54,6022.25,1.0,0.0,0.0,Chris Johnson (453400)
1136,mu_player[Lane Thomas (657041)],70.66,0.1,70.46,70.87,4626.9,5384.6,1.0,0.0,0.0,Lane Thomas (657041)
1137,mu_player[Jonathan India (663697)],70.66,0.1,70.47,70.86,2906.04,4549.4,1.0,0.0,0.0,Jonathan India (663697)
1138,mu_player[Richie Shaffer (572128)],70.66,0.48,69.74,71.59,9999.38,6272.14,1.0,0.0,0.0,Richie Shaffer (572128)
1139,mu_player[CJ Abrams (682928)],70.67,0.13,70.42,70.91,5891.32,5388.33,1.0,0.0,0.0,CJ Abrams (682928)
1140,mu_player[Andrew McCutchen (457705)],70.67,0.06,70.55,70.79,2208.54,4488.97,1.0,0.0,0.0,Andrew McCutchen (457705)
1141,mu_player[Lenyn Sosa (672820)],70.67,0.22,70.24,71.11,10365.55,6522.74,1.0,0.0,0.0,Lenyn Sosa (672820)
1142,mu_player[Colt Keith (690993)],70.67,0.29,70.09,71.25,10772.97,6559.19,1.0,0.0,0.0,Colt Keith (690993)
1143,mu_player[Kevin Cron (605196)],70.68,0.33,70.05,71.32,9431.91,5668.83,1.0,0.0,0.0,Kevin Cron (605196)
1144,mu_player[Russell Martin (431145)],70.68,0.1,70.49,70.88,5651.46,5263.57,1.0,0.0,0.0,Russell Martin (431145)
1145,mu_player[Davis Wendzel (673995)],70.68,1.22,68.26,73.11,10220.39,5630.11,1.0,0.01,0.01,Davis Wendzel (673995)
1146,mu_player[Manuel Margot (622534)],70.68,0.07,70.54,70.82,2244.23,3960.89,1.0,0.0,0.0,Manuel Margot (622534)
1147,mu_player[Alejandro Osuna (696030)],70.68,0.54,69.61,71.75,10058.23,5953.08,1.0,0.01,0.0,Alejandro Osuna (696030)
1148,mu_player[Taylor Trammell (666211)],70.7,0.18,70.35,71.05,9112.3,6208.89,1.0,0.0,0.0,Taylor Trammell (666211)
1149,mu_player[Cody Bellinger (641355)],70.71,0.06,70.58,70.83,1582.24,4211.98,1.0,0.0,0.0,Cody Bellinger (641355)
1150,mu_player[Yonder Alonso (475174)],70.72,0.08,70.56,70.88,3137.3,4925.77,1.0,0.0,0.0,Yonder Alonso (475174)
1151,mu_player[José Marmolejos (592530)],70.72,0.23,70.27,71.17,8952.61,6287.86,1.0,0.0,0.0,José Marmolejos (592530)
1152,mu_player[Jorge Mateo (622761)],70.72,0.11,70.51,70.94,4429.22,5398.78,1.0,0.0,0.0,Jorge Mateo (622761)
1153,mu_player[Luis García Jr. (671277)],70.73,0.1,70.53,70.93,5342.05,5682.02,1.0,0.0,0.0,Luis García Jr. (671277)
1154,mu_player[Matt Adams (571431)],70.73,0.09,70.55,70.91,3378.01,4256.74,1.0,0.0,0.0,Matt Adams (571431)
1155,mu_player[Collin Price (805672)],70.73,1.8,67.15,74.17,9604.41,6331.23,1.0,0.02,0.01,Collin Price (805672)
1156,mu_player[AJ Pollock (572041)],70.73,0.07,70.59,70.87,2930.44,6050.43,1.0,0.0,0.0,AJ Pollock (572041)
1157,mu_player[Jesús Aguilar (542583)],70.74,0.07,70.6,70.88,2187.66,4569.23,1.0,0.0,0.0,Jesús Aguilar (542583)
1158,mu_player[Chase DeLauter (800050)],70.74,0.53,69.71,71.79,10654.54,6588.49,1.0,0.01,0.0,Chase DeLauter (800050)
1159,mu_player[Taylor Jones (622100)],70.74,0.29,70.17,71.31,9938.33,6243.88,1.0,0.0,0.0,Taylor Jones (622100)
1160,mu_player[Masataka Yoshida (807799)],70.74,0.18,70.38,71.1,9891.83,6236.89,1.0,0.0,0.0,Masataka Yoshida (807799)
1161,mu_player[Lourdes Gurriel Jr. (666971)],70.75,0.07,70.61,70.9,2655.52,5034.03,1.0,0.0,0.0,Lourdes Gurriel Jr. (666971)
1162,mu_player[Jesse Winker (608385)],70.75,0.08,70.59,70.91,2731.7,4600.6,1.0,0.0,0.0,Jesse Winker (608385)
1163,mu_player[Brenton Doyle (686668)],70.75,0.19,70.37,71.12,7197.93,6049.21,1.0,0.0,0.0,Brenton Doyle (686668)
1164,mu_player[Tim Beckham (542921)],70.76,0.09,70.59,70.94,3431.33,5672.15,1.0,0.0,0.0,Tim Beckham (542921)
1165,mu_player[Jefry Marte (527043)],70.76,0.15,70.47,71.05,9290.12,6324.38,1.0,0.0,0.0,Jefry Marte (527043)
1166,mu_player[Eric Thames (519346)],70.77,0.09,70.58,70.95,4226.77,5078.17,1.0,0.0,0.0,Eric Thames (519346)
1167,mu_player[Patrick Bailey (672275)],70.78,0.21,70.37,71.2,10098.65,6044.34,1.0,0.0,0.0,Patrick Bailey (672275)
1168,mu_player[Eduardo Núñez (456488)],70.78,0.09,70.61,70.95,3242.0,4105.28,1.0,0.0,0.0,Eduardo Núñez (456488)
1169,mu_player[Ronny Simon (682927)],70.79,0.91,68.97,72.56,10272.98,6242.77,1.0,0.01,0.01,Ronny Simon (682927)
1170,mu_player[Osleivis Basabe (678545)],70.79,0.76,69.27,72.25,10984.81,5669.34,1.0,0.01,0.01,Osleivis Basabe (678545)
1171,mu_player[Austin Hays (669720)],70.8,0.09,70.63,70.97,2568.0,4415.82,1.0,0.0,0.0,Austin Hays (669720)
1172,mu_player[Bryce Brentz (518490)],70.8,0.45,69.93,71.67,10848.66,5430.03,1.0,0.0,0.0,Bryce Brentz (518490)
1173,mu_player[Michael Morse (434604)],70.8,0.46,69.89,71.72,10468.66,6769.71,1.0,0.0,0.0,Michael Morse (434604)
1174,mu_player[Miguel Amaya (665804)],70.81,0.3,70.22,71.39,10726.81,6454.25,1.0,0.0,0.0,Miguel Amaya (665804)
1175,mu_player[John Hicks (543308)],70.81,0.12,70.59,71.04,5256.54,5367.41,1.0,0.0,0.0,John Hicks (543308)
1176,mu_player[Will Benson (666181)],70.81,0.22,70.38,71.25,9848.85,5930.02,1.0,0.0,0.0,Will Benson (666181)
1177,mu_player[Blake Sabol (666165)],70.82,0.23,70.38,71.26,9459.92,6264.06,1.0,0.0,0.0,Blake Sabol (666165)
1178,mu_player[Dylan Cozens (622226)],70.82,0.54,69.74,71.87,10330.0,6358.77,1.0,0.01,0.0,Dylan Cozens (622226)
1179,mu_player[Kevin McGonigle (805808)],70.82,0.46,69.93,71.7,10619.43,6166.0,1.0,0.0,0.0,Kevin McGonigle (805808)
1180,mu_player[Frank Schwindel (643524)],70.83,0.15,70.55,71.11,7908.36,5354.3,1.0,0.0,0.0,Frank Schwindel (643524)
1181,mu_player[Keon Broxton (542979)],70.83,0.11,70.61,71.06,4385.82,6192.12,1.0,0.0,0.0,Keon Broxton (542979)
1182,mu_player[DJ LeMahieu (518934)],70.84,0.06,70.73,70.96,1622.8,3918.46,1.0,0.0,0.0,DJ LeMahieu (518934)
1183,mu_player[Brian Anderson (605119)],70.84,0.07,70.7,70.99,2435.1,4212.42,1.0,0.0,0.0,Brian Anderson (605119)
1184,mu_player[Todd Frazier (453943)],70.84,0.08,70.69,70.99,3111.16,5041.5,1.0,0.0,0.0,Todd Frazier (453943)
1185,mu_player[DJ Stewart (621466)],70.84,0.14,70.57,71.1,5460.1,5380.06,1.0,0.0,0.0,DJ Stewart (621466)
1186,mu_player[Alejandro Kirk (672386)],70.85,0.11,70.63,71.08,5448.54,5040.86,1.0,0.0,0.0,Alejandro Kirk (672386)
1187,mu_player[Tyler Collins (607385)],70.85,0.2,70.44,71.25,8881.83,5798.92,1.0,0.0,0.0,Tyler Collins (607385)
1188,mu_player[Jace Jung (690291)],70.85,0.81,69.23,72.47,10152.7,6399.01,1.0,0.01,0.01,Jace Jung (690291)
1189,mu_player[Moisés Sierra (501213)],70.85,0.47,69.94,71.78,10284.41,5851.68,1.0,0.0,0.0,Moisés Sierra (501213)
1190,mu_player[Willy Adames (642715)],70.86,0.07,70.72,71.0,1884.95,3556.56,1.0,0.0,0.0,Willy Adames (642715)
1191,mu_player[Ezequiel Tovar (678662)],70.86,0.15,70.57,71.14,6531.13,5822.52,1.0,0.0,0.0,Ezequiel Tovar (678662)
1192,mu_player[Maikel Garcia (672580)],70.86,0.19,70.49,71.23,9706.51,5803.21,1.0,0.0,0.0,Maikel Garcia (672580)
1193,mu_player[Sean Rodríguez (446481)],70.86,0.12,70.61,71.1,6350.44,5911.87,1.0,0.0,0.0,Sean Rodríguez (446481)
1194,mu_player[Alek Thomas (677950)],70.87,0.14,70.6,71.14,6998.02,5759.24,1.0,0.0,0.0,Alek Thomas (677950)
1195,mu_player[Kyle Garlick (664247)],70.88,0.19,70.51,71.25,9402.13,5298.95,1.0,0.0,0.0,Kyle Garlick (664247)
1196,mu_player[Tirso Ornelas (672359)],70.88,1.79,67.38,74.41,11319.41,6134.42,1.0,0.02,0.01,Tirso Ornelas (672359)
1197,mu_player[Logan O'Hoppe (681351)],70.89,0.24,70.43,71.35,10669.49,6071.81,1.0,0.0,0.0,Logan O'Hoppe (681351)
1198,mu_player[Cooper Hummel (669450)],70.89,0.24,70.43,71.36,10568.2,6303.53,1.0,0.0,0.0,Cooper Hummel (669450)
1199,mu_player[Alec Burleson (676475)],70.89,0.18,70.55,71.24,9919.22,5987.06,1.0,0.0,0.0,Alec Burleson (676475)
1200,mu_player[Jake Lamb (571875)],70.89,0.08,70.73,71.05,3329.44,5049.34,1.0,0.0,0.0,Jake Lamb (571875)
1201,mu_player[Sung-Mun Song (823550)],70.89,0.9,69.18,72.68,10390.7,6148.65,1.0,0.01,0.01,Sung-Mun Song (823550)
1202,mu_player[Cole Young (702284)],70.9,0.39,70.14,71.65,11239.85,6413.1,1.0,0.0,0.0,Cole Young (702284)
1203,mu_player[Starlin Castro (516770)],70.9,0.07,70.76,71.04,2420.02,4478.39,1.0,0.0,0.0,Starlin Castro (516770)
1204,mu_player[Eddys Leonard (678760)],70.9,1.84,67.27,74.55,10309.77,6334.19,1.0,0.02,0.01,Eddys Leonard (678760)
1205,mu_player[Justin Smoak (475253)],70.9,0.08,70.74,71.06,3176.87,4752.44,1.0,0.0,0.0,Justin Smoak (475253)
1206,mu_player[Casey Schmitt (669477)],70.91,0.22,70.47,71.33,9945.49,6212.17,1.0,0.0,0.0,Casey Schmitt (669477)
1207,mu_player[Clint Frazier (640449)],70.91,0.12,70.67,71.15,5693.69,6251.15,1.0,0.0,0.0,Clint Frazier (640449)
1208,mu_player[Nick Hundley (460026)],70.92,0.11,70.7,71.15,6192.76,6111.31,1.0,0.0,0.0,Nick Hundley (460026)
1209,mu_player[Eugenio Suárez (553993)],70.92,0.06,70.81,71.03,1506.95,2957.58,1.0,0.0,0.0,Eugenio Suárez (553993)
1210,mu_player[Gavin Sheets (657757)],70.92,0.12,70.69,71.14,3906.93,4891.46,1.0,0.0,0.0,Gavin Sheets (657757)
1211,mu_player[Jason Heyward (518792)],70.92,0.07,70.79,71.06,2123.45,3819.33,1.0,0.0,0.0,Jason Heyward (518792)
1212,mu_player[Joey Wiemer (686894)],70.92,0.21,70.51,71.34,9528.07,5848.25,1.0,0.0,0.0,Joey Wiemer (686894)
1213,mu_player[Luis Vázquez (676679)],70.92,1.14,68.69,73.17,10878.4,6183.94,1.0,0.01,0.01,Luis Vázquez (676679)
1214,mu_player[Brandon Marsh (669016)],70.92,0.11,70.71,71.13,4231.33,4476.7,1.0,0.0,0.0,Brandon Marsh (669016)
1215,mu_player[Brandon Lockridge (663604)],70.93,0.62,69.7,72.14,11620.51,6315.47,1.0,0.01,0.0,Brandon Lockridge (663604)
1216,mu_player[Jake Bauers (641343)],70.93,0.1,70.74,71.13,4289.46,5144.18,1.0,0.0,0.0,Jake Bauers (641343)
1217,mu_player[Dillon Dingler (693307)],70.93,0.32,70.3,71.57,10546.05,6230.71,1.0,0.0,0.0,Dillon Dingler (693307)
1218,mu_player[Austin Romine (519222)],70.93,0.1,70.74,71.12,4487.76,5391.48,1.0,0.0,0.0,Austin Romine (519222)
1219,mu_player[Bryan De La Cruz (650559)],70.94,0.11,70.73,71.16,4674.05,5348.84,1.0,0.0,0.0,Bryan De La Cruz (650559)
1220,mu_player[Josh Jung (673962)],70.94,0.15,70.65,71.22,8181.07,5910.64,1.0,0.0,0.0,Josh Jung (673962)
1221,mu_player[Ryan O'Hearn (656811)],70.94,0.1,70.75,71.12,4059.77,4608.67,1.0,0.0,0.0,Ryan O'Hearn (656811)
1222,mu_player[Travis d'Arnaud (518595)],70.95,0.08,70.8,71.11,3202.09,5048.14,1.0,0.0,0.0,Travis d'Arnaud (518595)
1223,mu_player[Braxton Fulford (690924)],70.95,0.74,69.49,72.36,10403.44,6372.51,1.0,0.01,0.01,Braxton Fulford (690924)
1224,mu_player[Joey Meneses (608841)],70.95,0.14,70.66,71.23,7105.39,6411.63,1.0,0.0,0.0,Joey Meneses (608841)
1225,mu_player[Zach Neto (687263)],70.96,0.18,70.61,71.31,7973.41,6461.74,1.0,0.0,0.0,Zach Neto (687263)
1226,mu_player[Chris Shaw (622046)],70.96,0.37,70.23,71.69,10513.66,6279.52,1.0,0.0,0.0,Chris Shaw (622046)
1227,mu_player[Dwight Smith Jr. (596105)],70.97,0.16,70.67,71.28,6855.61,5727.11,1.0,0.0,0.0,Dwight Smith Jr. (596105)
1228,mu_player[Matt Kemp (461314)],70.97,0.08,70.81,71.14,3694.42,5461.96,1.0,0.0,0.0,Matt Kemp (461314)
1229,mu_player[René Pinto (650907)],70.98,0.33,70.34,71.63,9745.82,6296.66,1.0,0.0,0.0,René Pinto (650907)
1230,mu_player[Mark Reynolds (448602)],70.98,0.1,70.79,71.17,4677.85,5713.8,1.0,0.0,0.0,Mark Reynolds (448602)
1231,mu_player[Brandon Drury (592273)],70.98,0.07,70.83,71.13,1938.31,4495.01,1.0,0.0,0.0,Brandon Drury (592273)
1232,mu_player[Brandon Nimmo (607043)],70.98,0.07,70.84,71.12,2259.98,3635.09,1.0,0.0,0.0,Brandon Nimmo (607043)
1233,mu_player[Patrick Kivlehan (623182)],70.98,0.23,70.54,71.43,10867.56,6349.33,1.0,0.0,0.0,Patrick Kivlehan (623182)
1234,mu_player[Starling Marte (516782)],70.99,0.06,70.87,71.11,1697.42,3254.27,1.0,0.0,0.0,Starling Marte (516782)
1235,mu_player[Luisangel Acuña (682668)],70.99,0.53,69.96,72.02,9512.3,6350.79,1.0,0.01,0.0,Luisangel Acuña (682668)
1236,mu_player[Ryan Howard (429667)],71.0,0.18,70.64,71.35,10119.95,6191.86,1.0,0.0,0.0,Ryan Howard (429667)
1237,mu_player[Brett Callahan (814430)],71.01,1.89,67.25,74.72,10878.11,6361.36,1.0,0.02,0.01,Brett Callahan (814430)
1238,mu_player[Kyle Tucker (663656)],71.02,0.08,70.86,71.17,2408.27,3570.0,1.0,0.0,0.0,Kyle Tucker (663656)
1239,mu_player[Xavier Scruggs (489305)],71.02,0.45,70.13,71.92,10296.94,5887.9,1.0,0.0,0.0,Xavier Scruggs (489305)
1240,mu_player[Erik González (570481)],71.02,0.12,70.79,71.25,3903.75,4703.88,1.0,0.0,0.0,Erik González (570481)
1241,mu_player[Chris Davis (448801)],71.03,0.08,70.87,71.19,3185.68,5310.33,1.0,0.0,0.0,Chris Davis (448801)
1242,mu_player[Will Wilson (669717)],71.04,0.92,69.25,72.84,10757.55,6555.3,1.0,0.01,0.01,Will Wilson (669717)
1243,mu_player[Jimmy Crooks (699625)],71.04,0.72,69.63,72.48,9694.31,6259.4,1.0,0.01,0.01,Jimmy Crooks (699625)
1244,mu_player[Rodolfo Durán (660710)],71.04,1.05,68.97,73.11,10778.59,6557.4,1.0,0.01,0.01,Rodolfo Durán (660710)
1245,mu_player[Jaylin Davis (664041)],71.04,0.35,70.37,71.73,9360.3,6380.76,1.0,0.0,0.0,Jaylin Davis (664041)
1246,mu_player[Brett Lawrie (543434)],71.05,0.19,70.68,71.42,8775.59,5825.98,1.0,0.0,0.0,Brett Lawrie (543434)
1247,mu_player[Jason Castro (488771)],71.05,0.09,70.87,71.24,3662.59,5169.53,1.0,0.0,0.0,Jason Castro (488771)
1248,mu_player[Danny Espinosa (457787)],71.05,0.12,70.82,71.29,4598.18,5588.97,1.0,0.0,0.0,Danny Espinosa (457787)
1249,mu_player[Rodolfo Castro (666801)],71.05,0.14,70.77,71.34,6814.11,6542.83,1.0,0.0,0.0,Rodolfo Castro (666801)
1250,mu_player[Tommy Troy (694371)],71.05,0.88,69.33,72.76,10644.12,6188.21,1.0,0.01,0.01,Tommy Troy (694371)
1251,mu_player[Bryan Ramos (682868)],71.06,0.93,69.27,72.85,10750.72,6613.84,1.0,0.01,0.01,Bryan Ramos (682868)
1252,mu_player[Paulo Orlando (449181)],71.07,0.14,70.8,71.34,7625.06,5727.17,1.0,0.0,0.0,Paulo Orlando (449181)
1253,mu_player[Evan White (657108)],71.08,0.2,70.68,71.48,9084.4,6267.2,1.0,0.0,0.0,Evan White (657108)
1254,mu_player[Leody Taveras (665750)],71.08,0.11,70.86,71.29,4009.03,4687.57,1.0,0.0,0.0,Leody Taveras (665750)
1255,mu_player[Kyle Lewis (641786)],71.09,0.15,70.79,71.38,9457.86,6100.99,1.0,0.0,0.0,Kyle Lewis (641786)
1256,mu_player[Michael A. Taylor (572191)],71.09,0.07,70.95,71.23,2233.84,4261.9,1.0,0.0,0.0,Michael A. Taylor (572191)
1257,mu_player[Freddie Freeman (518692)],71.1,0.05,71.0,71.21,1282.12,2667.68,1.0,0.0,0.0,Freddie Freeman (518692)
1258,mu_player[Edwin Rios (621458)],71.1,0.2,70.71,71.48,8742.74,6060.36,1.0,0.0,0.0,Edwin Rios (621458)
1259,mu_player[Jon Singleton (572138)],71.1,0.39,70.31,71.86,9466.49,6253.1,1.0,0.0,0.0,Jon Singleton (572138)
1260,mu_player[Cheslor Cuthbert (596144)],71.11,0.11,70.9,71.32,5125.73,5973.4,1.0,0.0,0.0,Cheslor Cuthbert (596144)
1261,mu_player[Nick Williams (608384)],71.11,0.12,70.88,71.33,5352.88,5363.34,1.0,0.0,0.0,Nick Williams (608384)
1262,mu_player[Jabari Blash (518466)],71.11,0.2,70.71,71.49,9396.4,6496.28,1.0,0.0,0.0,Jabari Blash (518466)
1263,mu_player[Carlos Gómez (460576)],71.11,0.09,70.92,71.29,4268.1,5307.2,1.0,0.0,0.0,Carlos Gómez (460576)
1264,mu_player[Evan Gattis (594828)],71.12,0.11,70.91,71.33,6155.62,6184.34,1.0,0.0,0.0,Evan Gattis (594828)
1265,mu_player[Sam Huff (669087)],71.12,0.25,70.63,71.61,9225.61,6512.33,1.0,0.0,0.0,Sam Huff (669087)
1266,mu_player[Jahmai Jones (663330)],71.12,0.34,70.44,71.78,10589.72,6339.98,1.0,0.0,0.0,Jahmai Jones (663330)
1267,mu_player[Adam Duvall (594807)],71.13,0.07,71.0,71.27,1916.91,4050.38,1.0,0.0,0.0,Adam Duvall (594807)
1268,mu_player[Jeremy Peña (665161)],71.13,0.11,70.91,71.35,3958.2,4317.75,1.0,0.0,0.0,Jeremy Peña (665161)
1269,mu_player[Josh Lowe (666139)],71.15,0.14,70.88,71.43,7189.84,5622.6,1.0,0.0,0.0,Josh Lowe (666139)
1270,mu_player[Jair Camargo (665856)],71.15,1.99,67.35,75.13,10936.18,6211.76,1.0,0.02,0.01,Jair Camargo (665856)
1271,mu_player[George Valera (671655)],71.16,1.05,69.07,73.22,10315.71,6428.24,1.0,0.01,0.01,George Valera (671655)
1272,mu_player[Deyvison De Los Santos (691277)],71.18,1.92,67.36,74.93,10798.71,6704.81,1.0,0.02,0.01,Deyvison De Los Santos (691277)
1273,mu_player[Mike Ford (645801)],71.18,0.17,70.85,71.51,7990.89,5731.12,1.0,0.0,0.0,Mike Ford (645801)
1274,mu_player[Michael Chavis (656308)],71.2,0.1,71.0,71.41,4022.01,5288.62,1.0,0.0,0.0,Michael Chavis (656308)
1275,mu_player[Ramón Laureano (657656)],71.2,0.08,71.04,71.36,3366.97,5199.05,1.0,0.0,0.0,Ramón Laureano (657656)
1276,mu_player[Kyle Jensen (571812)],71.21,0.6,70.03,72.37,10734.25,6314.67,1.0,0.01,0.0,Kyle Jensen (571812)
1277,mu_player[Hayden Senger (663584)],71.23,0.99,69.31,73.17,10762.79,6417.05,1.0,0.01,0.01,Hayden Senger (663584)
1278,mu_player[Luis Lara (800325)],71.23,0.93,69.42,73.02,10740.68,6451.33,1.0,0.01,0.01,Luis Lara (800325)
1279,mu_player[Andrew Pinckney (687605)],71.24,1.96,67.44,75.11,10520.98,6309.21,1.0,0.02,0.01,Andrew Pinckney (687605)
1280,mu_player[Wander Franco (677551)],71.25,0.12,71.02,71.49,5080.21,5584.46,1.0,0.0,0.0,Wander Franco (677551)
1281,mu_player[Francisco Lindor (596019)],71.25,0.05,71.15,71.36,1131.85,2535.86,1.0,0.0,0.0,Francisco Lindor (596019)
1282,mu_player[Logan Davidson (669722)],71.26,1.28,68.64,73.79,10531.13,6745.38,1.0,0.01,0.01,Logan Davidson (669722)
1283,mu_player[Max Muncy (571970)],71.27,0.07,71.14,71.42,2358.95,4219.43,1.0,0.0,0.0,Max Muncy (571970)
1284,mu_player[Trevor Plouffe (461858)],71.27,0.14,71.0,71.56,8189.1,6158.05,1.0,0.0,0.0,Trevor Plouffe (461858)
1285,mu_player[Yasmani Grandal (518735)],71.27,0.07,71.14,71.4,2012.08,4431.78,1.0,0.0,0.0,Yasmani Grandal (518735)
1286,mu_player[Junior Lake (516809)],71.28,0.54,70.22,72.34,9009.17,6404.13,1.0,0.01,0.0,Junior Lake (516809)
1287,mu_player[Rhys Hoskins (656555)],71.28,0.07,71.14,71.42,1946.85,3476.68,1.0,0.0,0.0,Rhys Hoskins (656555)
1288,mu_player[Connor Wong (657136)],71.28,0.18,70.94,71.63,8180.85,5854.97,1.0,0.0,0.0,Connor Wong (657136)
1289,mu_player[Kirk Nieuwenhuis (543590)],71.3,0.18,70.96,71.65,8524.49,6612.5,1.0,0.0,0.0,Kirk Nieuwenhuis (543590)
1290,mu_player[Anthony Recker (489232)],71.3,0.35,70.61,71.99,10024.62,6547.06,1.0,0.0,0.0,Anthony Recker (489232)
1291,mu_player[Vinnie Pasquantino (686469)],71.31,0.14,71.04,71.57,5923.28,6344.0,1.0,0.0,0.0,Vinnie Pasquantino (686469)
1292,mu_player[Jarred Kelenic (672284)],71.32,0.12,71.09,71.55,4873.51,5118.41,1.0,0.0,0.0,Jarred Kelenic (672284)
1293,mu_player[Daniel Vogelbach (596129)],71.32,0.1,71.13,71.51,4933.78,5059.92,1.0,0.0,0.0,Daniel Vogelbach (596129)
1294,mu_player[Lorenzo Cain (456715)],71.32,0.07,71.19,71.47,2575.22,4233.01,1.0,0.0,0.0,Lorenzo Cain (456715)
1295,mu_player[Carlos Beltrán (136860)],71.33,0.12,71.1,71.57,4196.34,4516.48,1.0,0.0,0.0,Carlos Beltrán (136860)
1296,mu_player[Lucas Spence (828599)],71.33,1.36,68.62,74.0,9833.71,6129.81,1.0,0.01,0.01,Lucas Spence (828599)
1297,mu_player[Clint Robinson (519208)],71.34,0.26,70.85,71.86,10203.83,6233.49,1.0,0.0,0.0,Clint Robinson (519208)
1298,mu_player[Andrew Young (670370)],71.34,0.3,70.75,71.93,9154.17,5936.14,1.0,0.0,0.0,Andrew Young (670370)
1299,mu_player[Billy Cook (695257)],71.35,0.91,69.57,73.14,10256.95,5812.2,1.0,0.01,0.01,Billy Cook (695257)
1300,mu_player[Eric Haase (606992)],71.36,0.11,71.15,71.58,5072.54,5348.92,1.0,0.0,0.0,Eric Haase (606992)
1301,mu_player[Daulton Varsho (662139)],71.36,0.09,71.18,71.54,3872.91,4881.99,1.0,0.0,0.0,Daulton Varsho (662139)
1302,mu_player[Lewis Brinson (621446)],71.36,0.1,71.16,71.56,4095.39,4784.79,1.0,0.0,0.0,Lewis Brinson (621446)
1303,mu_player[Brendan Rodgers (663898)],71.37,0.11,71.17,71.58,5637.59,5853.8,1.0,0.0,0.0,Brendan Rodgers (663898)
1304,mu_player[Domingo Santana (570267)],71.37,0.09,71.19,71.53,2963.74,5186.88,1.0,0.0,0.0,Domingo Santana (570267)
1305,mu_player[Christian Bethancourt (542194)],71.37,0.13,71.12,71.61,4833.33,5667.51,1.0,0.0,0.0,Christian Bethancourt (542194)
1306,mu_player[Austin Meadows (640457)],71.38,0.09,71.21,71.55,3465.92,4853.96,1.0,0.0,0.0,Austin Meadows (640457)
1307,mu_player[JJ Wetherholt (802139)],71.38,0.46,70.48,72.29,10276.32,6592.51,1.0,0.0,0.0,JJ Wetherholt (802139)
1308,mu_player[Preston Tucker (605512)],71.38,0.19,71.0,71.75,9677.47,6411.25,1.0,0.0,0.0,Preston Tucker (605512)
1309,mu_player[Brandon Dixon (641525)],71.38,0.13,71.12,71.65,8048.19,6115.4,1.0,0.0,0.0,Brandon Dixon (641525)
1310,mu_player[Odúbel Herrera (546318)],71.39,0.07,71.26,71.53,2015.35,4255.33,1.0,0.0,0.0,Odúbel Herrera (546318)
1311,mu_player[Leonys Martin (547982)],71.39,0.09,71.21,71.58,3325.18,5542.49,1.0,0.0,0.0,Leonys Martin (547982)
1312,mu_player[Tyler Locklear (682988)],71.4,0.69,70.06,72.77,10637.46,6530.5,1.0,0.01,0.0,Tyler Locklear (682988)
1313,mu_player[José Tena (677588)],71.41,0.41,70.59,72.22,11097.78,6568.11,1.0,0.0,0.0,José Tena (677588)
1314,mu_player[Mitch Garver (641598)],71.43,0.1,71.23,71.63,5159.16,5491.09,1.0,0.0,0.0,Mitch Garver (641598)
1315,mu_player[JaCoby Jones (592444)],71.44,0.1,71.24,71.64,5173.73,5613.89,1.0,0.0,0.0,JaCoby Jones (592444)
1316,mu_player[Ryon Healy (592387)],71.45,0.09,71.26,71.63,3473.67,4494.7,1.0,0.0,0.0,Ryon Healy (592387)
1317,mu_player[Carlos Narváez (665966)],71.45,0.38,70.7,72.18,11266.82,6244.47,1.0,0.0,0.0,Carlos Narváez (665966)
1318,mu_player[Charles McAdoo (807727)],71.46,1.2,69.07,73.78,10934.65,6282.82,1.0,0.01,0.01,Charles McAdoo (807727)
1319,mu_player[Travis Shaw (543768)],71.46,0.07,71.31,71.6,2459.82,4437.46,1.0,0.0,0.0,Travis Shaw (543768)
1320,mu_player[Victor Caratini (605170)],71.46,0.1,71.26,71.64,4327.73,5200.84,1.0,0.0,0.0,Victor Caratini (605170)
1321,mu_player[Trea Turner (607208)],71.46,0.06,71.35,71.58,1288.97,2887.06,1.0,0.0,0.0,Trea Turner (607208)
1322,mu_player[Luis De Los Santos (665782)],71.46,1.52,68.49,74.42,10341.43,6464.36,1.0,0.01,0.01,Luis De Los Santos (665782)
1323,mu_player[Elias Díaz (553869)],71.47,0.08,71.32,71.62,2893.87,4839.37,1.0,0.0,0.0,Elias Díaz (553869)
1324,mu_player[Tanner Murray (695020)],71.48,1.57,68.43,74.56,10787.18,6706.18,1.0,0.02,0.01,Tanner Murray (695020)
1325,mu_player[Billy Butler (456714)],71.49,0.22,71.06,71.92,9550.59,6102.19,1.0,0.0,0.0,Billy Butler (456714)
1326,mu_player[Mickey Moniak (666160)],71.49,0.16,71.18,71.81,8084.9,5743.6,1.0,0.0,0.0,Mickey Moniak (666160)
1327,mu_player[Ryan Waldschmidt (814439)],71.49,0.71,70.09,72.86,10027.67,6469.07,1.0,0.01,0.0,Ryan Waldschmidt (814439)
1328,mu_player[Xander Bogaerts (593428)],71.49,0.06,71.37,71.6,1485.7,3795.91,1.0,0.0,0.0,Xander Bogaerts (593428)
1329,mu_player[Oswald Peraza (672724)],71.5,0.28,70.95,72.04,10020.72,6070.79,1.0,0.0,0.0,Oswald Peraza (672724)
1330,mu_player[Jonathan Villar (542340)],71.5,0.06,71.37,71.62,1941.47,3206.61,1.0,0.0,0.0,Jonathan Villar (542340)
1331,mu_player[Jacob Melton (689200)],71.51,1.07,69.43,73.65,10013.38,6478.42,1.0,0.01,0.01,Jacob Melton (689200)
1332,mu_player[Michael Conforto (624424)],71.51,0.07,71.37,71.64,2371.95,2808.97,1.0,0.0,0.0,Michael Conforto (624424)
1333,mu_player[Pedro Ramírez (699393)],71.52,0.8,69.97,73.1,11569.71,6278.35,1.0,0.01,0.01,Pedro Ramírez (699393)
1334,mu_player[Dérmis Garcia (660650)],71.52,0.3,70.92,72.12,9119.55,6153.98,1.0,0.0,0.0,Dérmis Garcia (660650)
1335,mu_player[Zack Gelof (680869)],71.53,0.3,70.94,72.13,10758.26,6082.54,1.0,0.0,0.0,Zack Gelof (680869)
1336,mu_player[J.T. Realmuto (592663)],71.53,0.06,71.41,71.64,1618.59,3003.27,1.0,0.0,0.0,J.T. Realmuto (592663)
1337,mu_player[James Outman (681546)],71.54,0.19,71.17,71.91,9628.17,6389.02,1.0,0.0,0.0,James Outman (681546)
1338,mu_player[Chad Pinder (640461)],71.54,0.09,71.37,71.7,3740.09,4465.71,1.0,0.0,0.0,Chad Pinder (640461)
1339,mu_player[Trayce Thompson (572204)],71.55,0.12,71.31,71.8,6058.92,4701.01,1.0,0.0,0.0,Trayce Thompson (572204)
1340,mu_player[Will Middlebrooks (519025)],71.55,0.44,70.68,72.42,9328.08,6438.2,1.0,0.0,0.0,Will Middlebrooks (519025)
1341,mu_player[Seth Smith (452234)],71.57,0.13,71.32,71.83,7744.93,6713.12,1.0,0.0,0.0,Seth Smith (452234)
1342,mu_player[Pedro Pagés (686780)],71.57,0.35,70.87,72.27,10680.82,6114.3,1.0,0.0,0.0,Pedro Pagés (686780)
1343,mu_player[Alec Bohm (664761)],71.58,0.09,71.41,71.75,2813.92,4771.11,1.0,0.0,0.0,Alec Bohm (664761)
1344,mu_player[Blaze Alexander (677942)],71.59,0.39,70.82,72.38,10166.25,6595.94,1.0,0.0,0.0,Blaze Alexander (677942)
1345,mu_player[Joey Loperfido (694388)],71.59,0.47,70.68,72.52,10868.59,6364.21,1.0,0.0,0.0,Joey Loperfido (694388)
1346,mu_player[Nick Yorke (694377)],71.6,0.71,70.24,72.99,11316.84,6716.3,1.0,0.01,0.0,Nick Yorke (694377)
1347,mu_player[Rougned Odor (596059)],71.6,0.06,71.48,71.73,1423.22,3096.42,1.0,0.0,0.0,Rougned Odor (596059)
1348,mu_player[Matt Vierling (663837)],71.62,0.13,71.36,71.87,5874.09,6071.86,1.0,0.0,0.0,Matt Vierling (663837)
1349,mu_player[Mitch Haniger (571745)],71.62,0.07,71.48,71.77,2490.3,3782.91,1.0,0.0,0.0,Mitch Haniger (571745)
1350,mu_player[Pablo Sandoval (467055)],71.63,0.11,71.42,71.84,5466.14,5744.74,1.0,0.0,0.0,Pablo Sandoval (467055)
1351,mu_player[Brett Wallace (477165)],71.64,0.23,71.19,72.09,10594.66,6507.04,1.0,0.0,0.0,Brett Wallace (477165)
1352,mu_player[Dylan Beavers (687637)],71.64,0.55,70.57,72.72,10009.77,6306.46,1.0,0.01,0.0,Dylan Beavers (687637)
1353,mu_player[Kevin Padlo (656821)],71.64,0.46,70.73,72.54,10311.35,5786.01,1.0,0.0,0.0,Kevin Padlo (656821)
1354,mu_player[Travis Demeritte (641513)],71.65,0.21,71.25,72.05,9011.01,5873.43,1.0,0.0,0.0,Travis Demeritte (641513)
1355,mu_player[Rickie Weeks Jr. (430001)],71.65,0.21,71.25,72.07,9998.32,6391.26,1.0,0.0,0.0,Rickie Weeks Jr. (430001)
1356,mu_player[Brandon Valenzuela (678218)],71.66,0.65,70.39,72.96,10296.28,5807.81,1.0,0.01,0.0,Brandon Valenzuela (678218)
1357,mu_player[Adrian Del Castillo (680728)],71.66,0.51,70.68,72.66,9375.77,6455.77,1.0,0.01,0.0,Adrian Del Castillo (680728)
1358,mu_player[Anthony Rizzo (519203)],71.68,0.06,71.57,71.8,1224.49,2568.63,1.0,0.0,0.0,Anthony Rizzo (519203)
1359,mu_player[Oswaldo Arcia (542455)],71.68,0.23,71.23,72.13,8446.99,6059.7,1.0,0.0,0.0,Oswaldo Arcia (542455)
1360,mu_player[Mike Moustakas (519058)],71.68,0.07,71.55,71.82,2575.56,4512.85,1.0,0.0,0.0,Mike Moustakas (519058)
1361,mu_player[David Freese (501896)],71.69,0.1,71.5,71.88,5066.88,6124.69,1.0,0.0,0.0,David Freese (501896)
1362,mu_player[Jeremiah Jackson (669236)],71.69,0.48,70.75,72.65,10625.73,6461.67,1.0,0.0,0.0,Jeremiah Jackson (669236)
1363,mu_player[Nelson Velázquez (676369)],71.7,0.21,71.3,72.1,10484.18,6232.23,1.0,0.0,0.0,Nelson Velázquez (676369)
1364,mu_player[Shin-Soo Choo (425783)],71.7,0.08,71.54,71.86,5415.76,5500.12,1.0,0.0,0.0,Shin-Soo Choo (425783)
1365,mu_player[Otto Kemp (805249)],71.7,0.66,70.41,72.99,10454.06,6315.04,1.0,0.01,0.0,Otto Kemp (805249)
1366,mu_player[Grant McCray (687529)],71.72,0.7,70.35,73.1,10285.6,6588.45,1.0,0.01,0.0,Grant McCray (687529)
1367,mu_player[Andrew Vaughn (683734)],71.74,0.09,71.55,71.93,3538.89,5235.51,1.0,0.0,0.0,Andrew Vaughn (683734)
1368,mu_player[Christian Franklin (681047)],71.76,1.58,68.64,74.81,10400.19,6021.71,1.0,0.02,0.01,Christian Franklin (681047)
1369,mu_player[Ji Man Choi (596847)],71.77,0.09,71.6,71.95,3271.34,4990.87,1.0,0.0,0.0,Ji Man Choi (596847)
1370,mu_player[Peyton Burdick (680814)],71.77,0.29,71.19,72.34,10181.63,6208.99,1.0,0.0,0.0,Peyton Burdick (680814)
1371,mu_player[Joey Ortiz (687401)],71.77,0.28,71.23,72.32,9192.22,6234.16,1.0,0.0,0.0,Joey Ortiz (687401)
1372,mu_player[Jose Siri (642350)],71.78,0.14,71.51,72.05,7366.0,6296.75,1.0,0.0,0.0,Jose Siri (642350)
1373,mu_player[Bryan Reynolds (668804)],71.79,0.07,71.65,71.94,2200.37,3645.62,1.0,0.0,0.0,Bryan Reynolds (668804)
1374,mu_player[Ketel Marte (606466)],71.79,0.06,71.66,71.92,2063.11,4280.37,1.0,0.0,0.0,Ketel Marte (606466)
1375,mu_player[Darrell Ceciliani (571553)],71.79,0.57,70.68,72.91,11344.9,6489.47,1.0,0.01,0.0,Darrell Ceciliani (571553)
1376,mu_player[Jazz Chisholm Jr. (665862)],71.79,0.11,71.58,71.99,4094.04,6018.07,1.0,0.0,0.0,Jazz Chisholm Jr. (665862)
1377,mu_player[Joey Bart (663698)],71.8,0.15,71.51,72.1,9099.69,5848.13,1.0,0.0,0.0,Joey Bart (663698)
1378,mu_player[MJ Melendez (669004)],71.8,0.12,71.57,72.03,5710.78,5275.06,1.0,0.0,0.0,MJ Melendez (669004)
1379,mu_player[Yoán Moncada (660162)],71.81,0.07,71.67,71.95,1820.15,3306.43,1.0,0.0,0.0,Yoán Moncada (660162)
1380,mu_player[Matthew Lugo (683090)],71.82,1.12,69.64,74.04,10285.87,6168.57,1.0,0.01,0.01,Matthew Lugo (683090)
1381,mu_player[José A. Martínez (500874)],71.84,0.1,71.64,72.03,4278.78,5818.19,1.0,0.0,0.0,José A. Martínez (500874)
1382,mu_player[Sal Stewart (701398)],71.84,0.41,71.03,72.65,10640.14,5720.13,1.0,0.0,0.0,Sal Stewart (701398)
1383,mu_player[Jarrett Parker (592620)],71.84,0.19,71.46,72.22,8835.71,5963.03,1.0,0.0,0.0,Jarrett Parker (592620)
1384,mu_player[Gregory Polanco (570256)],71.86,0.08,71.71,72.01,2651.76,4932.76,1.0,0.0,0.0,Gregory Polanco (570256)
1385,mu_player[Ezequiel Duran (677649)],71.87,0.15,71.59,72.16,7126.85,5904.65,1.0,0.0,0.0,Ezequiel Duran (677649)
1386,mu_player[Kaelen Culpepper (701785)],71.87,1.36,69.2,74.56,10706.52,5986.55,1.0,0.01,0.01,Kaelen Culpepper (701785)
1387,mu_player[Mike Napoli (435063)],71.88,0.11,71.68,72.09,6356.01,5869.08,1.0,0.0,0.0,Mike Napoli (435063)
1388,mu_player[Wil Myers (571976)],71.88,0.07,71.75,72.01,1957.69,3732.18,1.0,0.0,0.0,Wil Myers (571976)
1389,mu_player[Jordan Diaz (672478)],71.89,0.27,71.34,72.43,10359.43,6355.62,1.0,0.0,0.0,Jordan Diaz (672478)
1390,mu_player[Brewer Hicklen (676551)],71.91,1.4,69.22,74.68,9774.23,6263.02,1.0,0.01,0.01,Brewer Hicklen (676551)
1391,mu_player[Adam Lind (452252)],71.91,0.14,71.64,72.17,7185.93,6483.14,1.0,0.0,0.0,Adam Lind (452252)
1392,mu_player[Kyren Paris (677347)],71.93,0.66,70.65,73.24,11390.51,5719.71,1.0,0.01,0.0,Kyren Paris (677347)
1393,mu_player[Franklin Gutierrez (429711)],71.95,0.19,71.58,72.33,10396.29,6065.07,1.0,0.0,0.0,Franklin Gutierrez (429711)
1394,mu_player[Mac Williamson (607776)],71.95,0.16,71.63,72.28,9923.0,6543.1,1.0,0.0,0.0,Mac Williamson (607776)
1395,mu_player[Dalton Rushing (687221)],71.95,0.53,70.9,72.98,9575.54,6168.02,1.0,0.01,0.0,Dalton Rushing (687221)
1396,mu_player[ByungHo Park (666560)],71.96,0.22,71.53,72.39,9310.01,6249.04,1.0,0.0,0.0,ByungHo Park (666560)
1397,mu_player[Brandon Lowe (664040)],71.96,0.08,71.81,72.11,1940.89,4492.18,1.0,0.0,0.0,Brandon Lowe (664040)
1398,mu_player[Prince Fielder (425902)],71.98,0.2,71.59,72.37,7434.06,6047.26,1.0,0.0,0.0,Prince Fielder (425902)
1399,mu_player[Carlos Santana (467793)],71.99,0.06,71.88,72.1,1940.23,4287.74,1.0,0.0,0.0,Carlos Santana (467793)
1400,mu_player[Ryan Jeffers (680777)],72.0,0.12,71.76,72.24,6710.11,5936.92,1.0,0.0,0.0,Ryan Jeffers (680777)
1401,mu_player[Yainer Diaz (673237)],72.0,0.19,71.64,72.38,7438.82,6175.45,1.0,0.0,0.0,Yainer Diaz (673237)
1402,mu_player[Ben Rice (700250)],72.01,0.31,71.41,72.61,8707.75,5913.86,1.0,0.0,0.0,Ben Rice (700250)
1403,mu_player[Kahlil Watson (696135)],72.01,0.99,70.1,73.92,10657.02,6830.35,1.0,0.01,0.01,Kahlil Watson (696135)
1404,mu_player[Wilson Ramos (467092)],72.01,0.08,71.85,72.17,2577.53,4441.77,1.0,0.0,0.0,Wilson Ramos (467092)
1405,mu_player[Roberto Pérez (547379)],72.02,0.1,71.83,72.22,4151.45,5194.15,1.0,0.0,0.0,Roberto Pérez (547379)
1406,mu_player[Matt Mervis (670223)],72.02,0.3,71.43,72.61,9351.2,6459.55,1.0,0.0,0.0,Matt Mervis (670223)
1407,mu_player[Ian Happ (664023)],72.02,0.07,71.88,72.15,2068.77,3119.17,1.0,0.0,0.0,Ian Happ (664023)
1408,mu_player[José Pirela (517369)],72.03,0.13,71.78,72.28,4763.66,5326.57,1.0,0.0,0.0,José Pirela (517369)
1409,mu_player[Albert Pujols (405395)],72.03,0.07,71.88,72.17,5547.51,5475.17,1.0,0.0,0.0,Albert Pujols (405395)
1410,mu_player[Kazuma Okamoto (672960)],72.06,0.45,71.17,72.94,10848.01,6249.39,1.0,0.0,0.0,Kazuma Okamoto (672960)
1411,mu_player[Alex Dickerson (543105)],72.06,0.12,71.83,72.29,5566.41,5571.53,1.0,0.0,0.0,Alex Dickerson (543105)
1412,mu_player[Weston Wilson (642215)],72.06,0.56,70.95,73.16,10477.07,6276.49,1.0,0.01,0.0,Weston Wilson (642215)
1413,mu_player[Blaze Jordan (691458)],72.06,0.74,70.59,73.53,10828.68,6463.71,1.0,0.01,0.01,Blaze Jordan (691458)
1414,mu_player[Jared Young (676724)],72.06,0.42,71.24,72.88,9761.27,5774.48,1.0,0.0,0.0,Jared Young (676724)
1415,mu_player[Austin Wells (669224)],72.07,0.3,71.49,72.65,10017.48,6014.73,1.0,0.0,0.0,Austin Wells (669224)
1416,mu_player[Hunter Dozier (641531)],72.08,0.08,71.93,72.24,2412.13,3705.28,1.0,0.0,0.0,Hunter Dozier (641531)
1417,mu_player[Lucas Duda (446263)],72.09,0.11,71.87,72.31,5607.98,5773.36,1.0,0.0,0.0,Lucas Duda (446263)
1418,mu_player[Max Kepler (596146)],72.09,0.06,71.97,72.22,1511.57,3075.79,1.0,0.0,0.0,Max Kepler (596146)
1419,mu_player[Jayson Werth (150029)],72.1,0.13,71.86,72.35,8134.0,6091.93,1.0,0.0,0.0,Jayson Werth (150029)
1420,mu_player[Josh Naylor (647304)],72.1,0.09,71.92,72.28,4002.96,5451.62,1.0,0.0,0.0,Josh Naylor (647304)
1421,mu_player[Darin Ruf (573131)],72.1,0.12,71.87,72.34,6696.39,5871.23,1.0,0.0,0.0,Darin Ruf (573131)
1422,mu_player[Nolan Gorman (669357)],72.1,0.13,71.84,72.35,5833.69,6199.6,1.0,0.0,0.0,Nolan Gorman (669357)
1423,mu_player[Max Clark (703601)],72.11,1.05,70.07,74.16,10876.92,6365.02,1.0,0.01,0.01,Max Clark (703601)
1424,mu_player[Jordan Beck (687597)],72.11,0.36,71.41,72.82,11081.58,6290.46,1.0,0.0,0.0,Jordan Beck (687597)
1425,mu_player[Marco Luciano (682617)],72.13,0.93,70.35,73.98,10225.31,6450.41,1.0,0.01,0.01,Marco Luciano (682617)
1426,mu_player[Steven Souza Jr. (519306)],72.14,0.1,71.95,72.33,3878.47,4634.66,1.0,0.0,0.0,Steven Souza Jr. (519306)
1427,mu_player[Jackson Merrill (701538)],72.15,0.26,71.64,72.66,9485.89,6352.48,1.0,0.0,0.0,Jackson Merrill (701538)
1428,mu_player[Harold Ramírez (623912)],72.16,0.09,71.98,72.33,3725.24,4244.37,1.0,0.0,0.0,Harold Ramírez (623912)
1429,mu_player[Eric Wagaman (676572)],72.16,0.44,71.3,73.02,11080.83,6311.92,1.0,0.0,0.0,Eric Wagaman (676572)
1430,mu_player[Spencer Torkelson (679529)],72.17,0.12,71.94,72.4,7723.29,5891.08,1.0,0.0,0.0,Spencer Torkelson (679529)
1431,mu_player[Tristan Gray (656484)],72.18,0.56,71.1,73.27,10318.66,6324.33,1.0,0.01,0.0,Tristan Gray (656484)
1432,mu_player[Liover Peguero (678894)],72.18,0.56,71.1,73.27,8922.5,6388.45,1.0,0.01,0.0,Liover Peguero (678894)
1433,mu_player[Colt Emerson (806068)],72.18,0.61,70.97,73.34,9538.69,6262.47,1.0,0.01,0.0,Colt Emerson (806068)
1434,mu_player[Corey Seager (608369)],72.18,0.06,72.06,72.31,1493.18,3534.05,1.0,0.0,0.0,Corey Seager (608369)
1435,mu_player[Howie Kendrick (435062)],72.18,0.09,72.0,72.36,5585.68,5605.75,1.0,0.0,0.0,Howie Kendrick (435062)
1436,mu_player[Seiya Suzuki (673548)],72.18,0.12,71.95,72.43,4643.71,6078.12,1.0,0.0,0.0,Seiya Suzuki (673548)
1437,mu_player[Curtis Mead (678554)],72.18,0.38,71.44,72.92,9396.83,6080.04,1.0,0.0,0.0,Curtis Mead (678554)
1438,mu_player[Kameron Misner (670224)],72.19,0.6,71.02,73.36,8712.23,5770.02,1.0,0.01,0.0,Kameron Misner (670224)
1439,mu_player[Andy Pages (681624)],72.19,0.25,71.69,72.68,9624.15,5670.06,1.0,0.0,0.0,Andy Pages (681624)
1440,mu_player[Trevor Story (596115)],72.2,0.06,72.08,72.32,1552.79,2825.3,1.0,0.0,0.0,Trevor Story (596115)
1441,mu_player[Randy Arozarena (668227)],72.2,0.08,72.03,72.37,2789.94,5126.31,1.0,0.0,0.0,Randy Arozarena (668227)
1442,mu_player[Dominic Canzone (686527)],72.2,0.33,71.55,72.85,9343.19,5738.56,1.0,0.0,0.0,Dominic Canzone (686527)
1443,mu_player[Yasmany Tomás (630111)],72.21,0.13,71.97,72.46,5832.96,6207.97,1.0,0.0,0.0,Yasmany Tomás (630111)
1444,mu_player[Aristides Aquino (606157)],72.22,0.12,71.98,72.45,5749.06,5506.96,1.0,0.0,0.0,Aristides Aquino (606157)
1445,mu_player[Brice Matthews (694728)],72.23,0.62,71.04,73.46,10415.92,6303.53,1.0,0.01,0.0,Brice Matthews (694728)
1446,mu_player[Jarren Duran (680776)],72.24,0.13,71.98,72.48,4679.77,5634.93,1.0,0.0,0.0,Jarren Duran (680776)
1447,mu_player[Rafael Flores Jr. (804668)],72.25,1.1,70.14,74.39,9288.73,6058.87,1.0,0.01,0.01,Rafael Flores Jr. (804668)
1448,mu_player[Ryan McMahon (641857)],72.25,0.07,72.12,72.39,1560.16,3061.24,1.0,0.0,0.0,Ryan McMahon (641857)
1449,mu_player[Mark Vientos (668901)],72.26,0.22,71.81,72.7,8821.32,5926.86,1.0,0.0,0.0,Mark Vientos (668901)
1450,mu_player[Ke'Bryan Hayes (663647)],72.26,0.1,72.06,72.45,4846.35,4904.28,1.0,0.0,0.0,Ke'Bryan Hayes (663647)
1451,mu_player[Stone Garrett (656448)],72.27,0.22,71.85,72.7,9393.12,6451.17,1.0,0.0,0.0,Stone Garrett (656448)
1452,mu_player[Jung Ho Kang (628356)],72.28,0.15,71.98,72.58,8749.53,6183.04,1.0,0.0,0.0,Jung Ho Kang (628356)
1453,mu_player[Adolis García (666969)],72.29,0.08,72.13,72.45,3305.4,5455.74,1.0,0.0,0.0,Adolis García (666969)
1454,mu_player[Eduardo Valencia (680664)],72.29,1.1,70.07,74.44,10212.56,6103.47,1.0,0.01,0.01,Eduardo Valencia (680664)
1455,mu_player[Javier Báez (595879)],72.29,0.06,72.18,72.41,1271.95,2928.74,1.0,0.0,0.0,Javier Báez (595879)
1456,mu_player[Kelvin Gutiérrez (642721)],72.3,0.18,71.94,72.65,7326.46,5719.1,1.0,0.0,0.0,Kelvin Gutiérrez (642721)
1457,mu_player[Michael Toglia (669911)],72.3,0.22,71.86,72.74,10343.55,6147.46,1.0,0.0,0.0,Michael Toglia (669911)
1458,mu_player[Mark Contreras (676628)],72.3,0.41,71.49,73.12,10554.72,6196.89,1.0,0.0,0.0,Mark Contreras (676628)
1459,mu_player[Keston Hiura (669374)],72.31,0.11,72.1,72.51,5002.93,5756.88,1.0,0.0,0.0,Keston Hiura (669374)
1460,mu_player[Christian Moore (695681)],72.31,0.68,70.98,73.66,11268.8,6141.25,1.0,0.01,0.0,Christian Moore (695681)
1461,mu_player[Pete Crow-Armstrong (691718)],72.31,0.25,71.81,72.8,9623.99,6356.55,1.0,0.0,0.0,Pete Crow-Armstrong (691718)
1462,mu_player[Darick Hall (669742)],72.31,0.27,71.79,72.83,9566.66,5844.42,1.0,0.0,0.0,Darick Hall (669742)
1463,mu_player[Lars Nootbaar (663457)],72.31,0.14,72.04,72.57,8659.25,5948.27,1.0,0.0,0.0,Lars Nootbaar (663457)
1464,mu_player[Juan Uribe (346874)],72.32,0.22,71.88,72.75,9431.38,6035.57,1.0,0.0,0.0,Juan Uribe (346874)
1465,mu_player[Maikel Franco (596748)],72.32,0.07,72.19,72.45,1883.8,3191.89,1.0,0.0,0.0,Maikel Franco (596748)
1466,mu_player[David Wright (431151)],72.32,0.29,71.75,72.89,10376.51,5958.51,1.0,0.0,0.0,David Wright (431151)
1467,mu_player[Kyle McCann (668832)],72.35,0.81,70.75,73.94,10755.44,6630.15,1.0,0.01,0.01,Kyle McCann (668832)
1468,mu_player[Isaac Collins (686555)],72.36,0.38,71.62,73.1,8872.76,6009.68,1.0,0.0,0.0,Isaac Collins (686555)
1469,mu_player[Derek Fisher (605233)],72.36,0.18,72.01,72.72,8985.88,5546.84,1.0,0.0,0.0,Derek Fisher (605233)
1470,mu_player[Jared Walsh (665120)],72.37,0.1,72.18,72.56,4262.51,5801.88,1.0,0.0,0.0,Jared Walsh (665120)
1471,mu_player[Danny Valencia (502143)],72.37,0.1,72.16,72.57,5123.34,5527.26,1.0,0.0,0.0,Danny Valencia (502143)
1472,mu_player[Jase Bowen (687749)],72.37,1.13,70.15,74.57,10342.51,6537.08,1.0,0.01,0.01,Jase Bowen (687749)
1473,mu_player[Nomar Mazara (608577)],72.37,0.07,72.22,72.51,1983.18,3228.42,1.0,0.0,0.0,Nomar Mazara (608577)
1474,mu_player[Ryan Noda (676116)],72.38,0.2,71.99,72.77,9641.18,5839.01,1.0,0.0,0.0,Ryan Noda (676116)
1475,mu_player[Peter O'Brien (598284)],72.38,0.25,71.9,72.86,10153.53,6395.93,1.0,0.0,0.0,Peter O'Brien (598284)
1476,mu_player[Kristian Campbell (692225)],72.39,0.67,71.07,73.69,10348.22,6275.29,1.0,0.01,0.0,Kristian Campbell (692225)
1477,mu_player[Scott Schebler (594988)],72.39,0.1,72.2,72.59,3902.54,5543.23,1.0,0.0,0.0,Scott Schebler (594988)
1478,mu_player[Christian Encarnacion-Strand (687952)],72.4,0.42,71.59,73.22,10933.66,5834.58,1.0,0.0,0.0,Christian Encarnacion-Strand (687952)
1479,mu_player[Kennys Vargas (573627)],72.4,0.17,72.07,72.74,6651.1,6200.91,1.0,0.0,0.0,Kennys Vargas (573627)
1480,mu_player[Anthony Santander (623993)],72.4,0.07,72.25,72.55,1924.0,4379.73,1.0,0.0,0.0,Anthony Santander (623993)
1481,mu_player[Chris Gittens (656467)],72.41,0.56,71.33,73.52,11126.44,6578.7,1.0,0.01,0.0,Chris Gittens (656467)
1482,mu_player[Henry Davis (680779)],72.41,0.3,71.82,72.99,9786.97,6470.11,1.0,0.0,0.0,Henry Davis (680779)
1483,mu_player[Tyler Austin (592122)],72.42,0.15,72.13,72.7,7629.28,6012.37,1.0,0.0,0.0,Tyler Austin (592122)
1484,mu_player[Brad Miller (543543)],72.43,0.08,72.28,72.58,2616.53,4016.16,1.0,0.0,0.0,Brad Miller (543543)
1485,mu_player[Brandon Moss (461235)],72.43,0.12,72.19,72.67,5621.69,6247.52,1.0,0.0,0.0,Brandon Moss (461235)
1486,mu_player[Bobby Bradley (656252)],72.43,0.19,72.04,72.81,8986.37,6225.77,1.0,0.0,0.0,Bobby Bradley (656252)
1487,mu_player[Mitch Moreland (519048)],72.43,0.08,72.28,72.59,3065.95,4370.28,1.0,0.0,0.0,Mitch Moreland (519048)
1488,mu_player[Moisés Ballesteros (694208)],72.43,0.6,71.26,73.61,10879.86,6046.9,1.0,0.01,0.0,Moisés Ballesteros (694208)
1489,mu_player[Salvador Perez (521692)],72.44,0.06,72.32,72.57,1714.38,3397.21,1.0,0.0,0.0,Salvador Perez (521692)
1490,mu_player[Blaine Crim (688760)],72.45,1.13,70.22,74.67,10252.15,6737.21,1.0,0.01,0.01,Blaine Crim (688760)
1491,mu_player[Nolan Jones (666134)],72.46,0.2,72.05,72.86,6784.46,5188.37,1.0,0.0,0.0,Nolan Jones (666134)
1492,mu_player[Aaron Altherr (571437)],72.46,0.12,72.23,72.69,5361.24,5756.4,1.0,0.0,0.0,Aaron Altherr (571437)
1493,mu_player[Garrett Cooper (643265)],72.47,0.09,72.29,72.64,4357.26,5485.52,1.0,0.0,0.0,Garrett Cooper (643265)
1494,mu_player[Anderson Tejeda (660731)],72.47,0.37,71.72,73.19,9046.97,6270.71,1.0,0.0,0.0,Anderson Tejeda (660731)
1495,mu_player[Ian Desmond (435622)],72.49,0.08,72.32,72.65,3508.59,4564.81,1.0,0.0,0.0,Ian Desmond (435622)
1496,mu_player[Elehuris Montero (660707)],72.5,0.2,72.12,72.88,9428.64,6344.96,1.0,0.0,0.0,Elehuris Montero (660707)
1497,mu_player[Jonathan Schoop (570731)],72.5,0.06,72.38,72.62,1553.33,3234.67,1.0,0.0,0.0,Jonathan Schoop (570731)
1498,mu_player[Justin Williams (642211)],72.5,0.32,71.87,73.12,9814.03,6337.72,1.0,0.0,0.0,Justin Williams (642211)
1499,mu_player[Oscar Gonzalez (660757)],72.5,0.15,72.19,72.79,8517.08,6093.46,1.0,0.0,0.0,Oscar Gonzalez (660757)
1500,mu_player[Cole Carrigg (694249)],72.52,0.69,71.2,73.84,10381.72,6291.01,1.0,0.01,0.0,Cole Carrigg (694249)
1501,mu_player[Hunter Pence (452254)],72.53,0.09,72.35,72.71,5309.73,6576.78,1.0,0.0,0.0,Hunter Pence (452254)
1502,mu_player[Noelvi Marte (682622)],72.53,0.34,71.85,73.2,10980.84,6760.74,1.0,0.0,0.0,Noelvi Marte (682622)
1503,mu_player[Trey Mancini (641820)],72.54,0.06,72.42,72.67,1814.79,3930.87,1.0,0.0,0.0,Trey Mancini (641820)
1504,mu_player[Matt Davidson (571602)],72.55,0.11,72.34,72.76,4452.37,4507.9,1.0,0.0,0.0,Matt Davidson (571602)
1505,mu_player[Andrés Chaparro (665953)],72.56,0.55,71.5,73.61,11214.22,6333.17,1.0,0.01,0.0,Andrés Chaparro (665953)
1506,mu_player[Byron Buxton (621439)],72.57,0.07,72.42,72.71,2181.39,4387.31,1.0,0.0,0.0,Byron Buxton (621439)
1507,mu_player[Trevor Larnach (663616)],72.57,0.13,72.32,72.82,5663.35,5629.81,1.0,0.0,0.0,Trevor Larnach (663616)
1508,mu_player[Logan Morrison (489149)],72.57,0.1,72.38,72.76,4072.66,5647.0,1.0,0.0,0.0,Logan Morrison (489149)
1509,mu_player[Bradley Zimmer (605548)],72.58,0.12,72.35,72.82,4607.09,5759.97,1.0,0.0,0.0,Bradley Zimmer (605548)
1510,mu_player[Brady House (691781)],72.59,0.43,71.72,73.44,9962.8,6137.69,1.0,0.0,0.0,Brady House (691781)
1511,mu_player[Steven Moya (570615)],72.6,0.31,71.99,73.2,9602.13,6287.32,1.0,0.0,0.0,Steven Moya (570615)
1512,mu_player[Luke Voit (572228)],72.6,0.08,72.44,72.76,2888.1,3872.41,1.0,0.0,0.0,Luke Voit (572228)
1513,mu_player[Jack Suwinski (669261)],72.6,0.14,72.32,72.87,8519.57,5711.63,1.0,0.0,0.0,Jack Suwinski (669261)
1514,mu_player[Renato Núñez (600524)],72.6,0.1,72.4,72.8,3165.41,5098.16,1.0,0.0,0.0,Renato Núñez (600524)
1515,mu_player[Cameron Rupp (519237)],72.6,0.13,72.34,72.86,6273.43,5565.58,1.0,0.0,0.0,Cameron Rupp (519237)
1516,mu_player[David Peralta (444482)],72.63,0.07,72.5,72.76,2090.31,4452.21,1.0,0.0,0.0,David Peralta (444482)
1517,mu_player[Josh Bell (605137)],72.63,0.06,72.51,72.76,1914.88,3146.72,1.0,0.0,0.0,Josh Bell (605137)
1518,mu_player[Paul Goldschmidt (502671)],72.64,0.05,72.53,72.74,1724.57,3201.53,1.0,0.0,0.0,Paul Goldschmidt (502671)
1519,mu_player[J.D. Davis (605204)],72.64,0.08,72.47,72.8,2650.37,5177.04,1.0,0.0,0.0,J.D. Davis (605204)
1520,mu_player[Carson McCusker (676812)],72.64,1.47,69.82,75.52,11237.29,6216.74,1.0,0.01,0.01,Carson McCusker (676812)
1521,mu_player[Seth Brown (664913)],72.67,0.1,72.47,72.88,4989.29,5542.4,1.0,0.0,0.0,Seth Brown (664913)
1522,mu_player[Cal Raleigh (663728)],72.67,0.1,72.48,72.88,4774.31,5822.88,1.0,0.0,0.0,Cal Raleigh (663728)
1523,mu_player[Ryan Rua (607387)],72.69,0.15,72.39,72.99,9702.27,6485.25,1.0,0.0,0.0,Ryan Rua (607387)
1524,mu_player[Edwin Encarnación (429665)],72.69,0.07,72.54,72.84,3208.16,5452.81,1.0,0.0,0.0,Edwin Encarnación (429665)
1525,mu_player[Miguel Cabrera (408234)],72.7,0.07,72.57,72.83,2712.13,4123.6,1.0,0.0,0.0,Miguel Cabrera (408234)
1526,mu_player[Junior Perez (678577)],72.7,1.39,69.96,75.4,9948.49,6790.73,1.0,0.01,0.01,Junior Perez (678577)
1527,mu_player[Will Robertson (683770)],72.71,1.07,70.58,74.79,10657.45,6082.78,1.0,0.01,0.01,Will Robertson (683770)
1528,mu_player[Tim Elko (671284)],72.75,1.08,70.64,74.84,10313.5,6267.81,1.0,0.01,0.01,Tim Elko (671284)
1529,mu_player[Sean Murphy (669221)],72.76,0.09,72.58,72.93,3104.35,5321.11,1.0,0.0,0.0,Sean Murphy (669221)
1530,mu_player[Bob Seymour (676044)],72.76,1.04,70.76,74.82,10419.15,6421.74,1.0,0.01,0.01,Bob Seymour (676044)
1531,mu_player[Riley Adams (656180)],72.77,0.18,72.41,73.13,9680.78,6472.26,1.0,0.0,0.0,Riley Adams (656180)
1532,mu_player[Khris Davis (501981)],72.78,0.07,72.64,72.92,2986.45,3931.5,1.0,0.0,0.0,Khris Davis (501981)
1533,mu_player[Carson Williams (700246)],72.79,0.8,71.23,74.34,10907.19,6467.19,1.0,0.01,0.01,Carson Williams (700246)
1534,mu_player[Bo Bichette (666182)],72.8,0.07,72.66,72.95,2077.24,3903.94,1.0,0.0,0.0,Bo Bichette (666182)
1535,mu_player[Tyler Flowers (452095)],72.8,0.1,72.6,72.99,3887.24,5648.87,1.0,0.0,0.0,Tyler Flowers (452095)
1536,mu_player[Christian Walker (572233)],72.81,0.07,72.67,72.95,3047.66,4636.67,1.0,0.0,0.0,Christian Walker (572233)
1537,mu_player[Wyatt Langford (694671)],72.81,0.29,72.23,73.36,9092.48,5201.16,1.0,0.0,0.0,Wyatt Langford (694671)
1538,mu_player[Victor Mesa Jr. (683748)],72.84,0.67,71.54,74.14,10372.79,6758.97,1.0,0.01,0.0,Victor Mesa Jr. (683748)
1539,mu_player[Corbin Carroll (682998)],72.84,0.14,72.56,73.13,7739.2,5797.97,1.0,0.0,0.0,Corbin Carroll (682998)
1540,mu_player[Iván Herrera (671056)],72.85,0.28,72.29,73.41,9950.95,6410.46,1.0,0.0,0.0,Iván Herrera (671056)
1541,mu_player[Tyler O'Neill (641933)],72.88,0.09,72.7,73.06,3546.83,4852.9,1.0,0.0,0.0,Tyler O'Neill (641933)
1542,mu_player[Felix Reyes (694025)],72.89,1.41,70.15,75.65,10112.2,6698.22,1.0,0.01,0.01,Felix Reyes (694025)
1543,mu_player[Tommy Joseph (571830)],72.89,0.12,72.65,73.12,4930.63,4870.31,1.0,0.0,0.0,Tommy Joseph (571830)
1544,mu_player[Nathaniel Lowe (663993)],72.9,0.08,72.74,73.05,2189.53,3809.0,1.0,0.0,0.0,Nathaniel Lowe (663993)
1545,mu_player[John Rave (670231)],72.9,0.68,71.55,74.23,9832.14,6120.36,1.0,0.01,0.0,John Rave (670231)
1546,mu_player[Romy Gonzalez (663853)],72.9,0.2,72.51,73.29,8713.81,6088.78,1.0,0.0,0.0,Romy Gonzalez (663853)
1547,mu_player[Luken Baker (663609)],72.9,0.53,71.86,73.95,10997.84,6291.1,1.0,0.01,0.0,Luken Baker (663609)
1548,mu_player[Jerar Encarnacion (666464)],72.92,0.32,72.28,73.54,10521.06,5247.91,1.0,0.0,0.0,Jerar Encarnacion (666464)
1549,mu_player[Dylan Crews (686611)],72.93,0.38,72.17,73.7,9338.44,6131.94,1.0,0.0,0.0,Dylan Crews (686611)
1550,mu_player[Royce Lewis (668904)],72.95,0.21,72.55,73.38,9214.79,6110.18,1.0,0.0,0.0,Royce Lewis (668904)
1551,mu_player[Randal Grichuk (545341)],72.95,0.06,72.83,73.07,1556.76,3425.11,1.0,0.0,0.0,Randal Grichuk (545341)
1552,mu_player[Luke Raley (670042)],72.95,0.16,72.64,73.26,8198.54,5753.9,1.0,0.0,0.0,Luke Raley (670042)
1553,mu_player[Ryan Mountcastle (663624)],72.95,0.08,72.78,73.11,3056.47,4055.42,1.0,0.0,0.0,Ryan Mountcastle (663624)
1554,mu_player[Griffin Conine (665052)],72.95,0.54,71.9,74.0,10242.38,6289.28,1.0,0.01,0.0,Griffin Conine (665052)
1555,mu_player[Tim Tawa (694374)],72.96,0.5,71.97,73.94,10449.41,6262.71,1.0,0.0,0.0,Tim Tawa (694374)
1556,mu_player[Chris Iannetta (455104)],72.98,0.11,72.78,73.19,4745.5,5544.98,1.0,0.0,0.0,Chris Iannetta (455104)
1557,mu_player[Brent Rooker (667670)],72.98,0.13,72.71,73.24,6079.1,5452.76,1.0,0.0,0.0,Brent Rooker (667670)
1558,mu_player[George Springer (543807)],72.99,0.06,72.88,73.11,1386.83,3297.21,1.0,0.0,0.0,George Springer (543807)
1559,mu_player[CJ Alexander (680769)],73.0,1.51,70.01,75.97,9484.28,6474.3,1.0,0.02,0.01,CJ Alexander (680769)
1560,mu_player[Shea Langeliers (669127)],73.0,0.14,72.71,73.28,8489.46,6348.67,1.0,0.0,0.0,Shea Langeliers (669127)
1561,mu_player[Tommy Pham (502054)],73.01,0.07,72.88,73.15,2519.59,3360.72,1.0,0.0,0.0,Tommy Pham (502054)
1562,mu_player[Sam Hilliard (656541)],73.01,0.13,72.75,73.26,8025.41,6146.22,1.0,0.0,0.0,Sam Hilliard (656541)
1563,mu_player[Trey Sweeney (700242)],73.02,0.49,72.06,74.0,10619.72,5455.89,1.0,0.0,0.0,Trey Sweeney (700242)
1564,mu_player[Robinson Canó (429664)],73.02,0.08,72.87,73.17,4011.95,4430.16,1.0,0.0,0.0,Robinson Canó (429664)
1565,mu_player[David Bote (623520)],73.02,0.11,72.81,73.24,3682.28,4636.25,1.0,0.0,0.0,David Bote (623520)
1566,mu_player[Patrick Wisdom (621550)],73.03,0.1,72.84,73.22,4066.69,4316.3,1.0,0.0,0.0,Patrick Wisdom (621550)
1567,mu_player[José Bautista (430832)],73.04,0.1,72.86,73.24,6864.83,5645.31,1.0,0.0,0.0,José Bautista (430832)
1568,mu_player[Colton Cowser (681297)],73.05,0.3,72.44,73.63,10045.42,6204.69,1.0,0.0,0.0,Colton Cowser (681297)
1569,mu_player[Denzer Guzman (694203)],73.06,0.64,71.8,74.3,10880.72,5354.18,1.0,0.01,0.0,Denzer Guzman (694203)
1570,mu_player[J.D. Martinez (502110)],73.06,0.06,72.95,73.17,1378.95,3344.68,1.0,0.0,0.0,J.D. Martinez (502110)
1571,mu_player[Alex Rodriguez (121347)],73.09,0.24,72.63,73.56,7755.43,6322.24,1.0,0.0,0.0,Alex Rodriguez (121347)
1572,mu_player[Jhostynxon Garcia (691373)],73.1,1.13,70.91,75.34,10086.89,5548.96,1.0,0.01,0.01,Jhostynxon Garcia (691373)
1573,mu_player[Lawrence Butler (671732)],73.1,0.27,72.58,73.63,10249.32,5989.28,1.0,0.0,0.0,Lawrence Butler (671732)
1574,mu_player[Max Muncy (691777)],73.11,0.49,72.14,74.07,9987.64,6184.33,1.0,0.0,0.0,Max Muncy (691777)
1575,mu_player[Justin Upton (457708)],73.13,0.07,72.99,73.27,2350.06,4554.6,1.0,0.0,0.0,Justin Upton (457708)
1576,mu_player[Kyle Stowers (669065)],73.13,0.22,72.7,73.55,9826.88,6275.05,1.0,0.0,0.0,Kyle Stowers (669065)
1577,mu_player[Heliot Ramos (671218)],73.15,0.23,72.7,73.61,9720.16,6048.55,1.0,0.0,0.0,Heliot Ramos (671218)
1578,mu_player[Ryan Braun (460075)],73.16,0.08,73.01,73.32,4289.31,5537.14,1.0,0.0,0.0,Ryan Braun (460075)
1579,mu_player[Victor Bericoto (682674)],73.16,1.01,71.22,75.16,10431.77,5617.92,1.0,0.01,0.01,Victor Bericoto (682674)
1580,mu_player[Kendrys Morales (434778)],73.16,0.08,72.99,73.32,3628.7,5496.61,1.0,0.0,0.0,Kendrys Morales (434778)
1581,mu_player[Everson Pereira (677592)],73.17,0.61,71.96,74.35,9866.01,6281.16,1.0,0.01,0.0,Everson Pereira (677592)
1582,mu_player[Matt Gorski (685301)],73.18,1.33,70.55,75.82,10303.75,6096.71,1.0,0.01,0.01,Matt Gorski (685301)
1583,mu_player[Justin Bour (571506)],73.18,0.1,72.99,73.38,3959.12,4139.87,1.0,0.0,0.0,Justin Bour (571506)
1584,mu_player[Joc Pederson (592626)],73.2,0.07,73.07,73.33,1675.68,3078.91,1.0,0.0,0.0,Joc Pederson (592626)
1585,mu_player[Heriberto Hernández (681715)],73.21,0.43,72.34,74.04,10556.91,6275.27,1.0,0.0,0.0,Heriberto Hernández (681715)
1586,mu_player[Joe Mack (691788)],73.23,0.66,71.94,74.52,10781.67,6087.41,1.0,0.01,0.0,Joe Mack (691788)
1587,mu_player[Oliver Dunn (686554)],73.24,0.88,71.51,74.95,10015.11,6293.28,1.0,0.01,0.01,Oliver Dunn (686554)
1588,mu_player[Brett Baty (683146)],73.24,0.19,72.87,73.62,9492.82,6510.14,1.0,0.0,0.0,Brett Baty (683146)
1589,mu_player[Yoenis Cespedes (493316)],73.26,0.11,73.04,73.48,6701.67,6172.96,1.0,0.0,0.0,Yoenis Cespedes (493316)
1590,mu_player[Hunter Renfroe (592669)],73.26,0.07,73.13,73.4,1847.9,3784.55,1.0,0.0,0.0,Hunter Renfroe (592669)
1591,mu_player[Bryce Eldridge (805811)],73.27,0.54,72.23,74.33,9941.04,6515.5,1.0,0.01,0.0,Bryce Eldridge (805811)
1592,mu_player[Carlos Correa (621043)],73.28,0.06,73.16,73.4,1647.42,2796.63,1.0,0.0,0.0,Carlos Correa (621043)
1593,mu_player[Ronny Mauricio (677595)],73.3,0.54,72.26,74.37,10183.26,6144.89,1.0,0.01,0.0,Ronny Mauricio (677595)
1594,mu_player[Bobby Dalbec (666915)],73.32,0.12,73.1,73.55,4581.95,5281.83,1.0,0.0,0.0,Bobby Dalbec (666915)
1595,mu_player[Jose Fernandez (699912)],73.33,0.76,71.84,74.79,10702.88,6273.48,1.0,0.01,0.01,Jose Fernandez (699912)
1596,mu_player[Eric Hosmer (543333)],73.34,0.06,73.22,73.46,1515.37,2641.6,1.0,0.0,0.0,Eric Hosmer (543333)
1597,mu_player[Héctor Rodríguez (699302)],73.41,1.44,70.63,76.25,11206.15,6170.74,1.0,0.01,0.01,Héctor Rodríguez (699302)
1598,mu_player[William Contreras (661388)],73.43,0.11,73.21,73.65,5120.73,5972.8,1.0,0.0,0.0,William Contreras (661388)
1599,mu_player[Wilyer Abreu (677800)],73.44,0.27,72.92,73.96,9862.4,6498.63,1.0,0.0,0.0,Wilyer Abreu (677800)
1600,mu_player[Triston Casas (671213)],73.44,0.18,73.1,73.79,7445.94,5858.37,1.0,0.0,0.0,Triston Casas (671213)
1601,mu_player[Luis Robert Jr. (673357)],73.45,0.09,73.28,73.63,2784.05,5040.19,1.0,0.0,0.0,Luis Robert Jr. (673357)
1602,mu_player[Francisco Alvarez (682626)],73.49,0.2,73.1,73.9,9588.89,5759.63,1.0,0.0,0.0,Francisco Alvarez (682626)
1603,mu_player[Teoscar Hernández (606192)],73.51,0.07,73.38,73.64,1358.32,2399.99,1.0,0.0,0.0,Teoscar Hernández (606192)
1604,mu_player[Jackson Chourio (694192)],73.54,0.27,73.01,74.07,9232.96,6438.1,1.0,0.0,0.0,Jackson Chourio (694192)
1605,mu_player[Tyler Soderstrom (691016)],73.57,0.29,72.99,74.14,10306.26,5774.66,1.0,0.0,0.0,Tyler Soderstrom (691016)
1606,mu_player[Ryan Zimmerman (475582)],73.58,0.09,73.4,73.75,5210.1,5839.01,1.0,0.0,0.0,Ryan Zimmerman (475582)
1607,mu_player[Josh Donaldson (518626)],73.58,0.07,73.45,73.71,3145.14,4945.11,1.0,0.0,0.0,Josh Donaldson (518626)
1608,mu_player[Gabriel Arias (672356)],73.59,0.19,73.21,73.98,10297.29,6701.02,1.0,0.0,0.0,Gabriel Arias (672356)
1609,mu_player[Zach Dezenzo (701305)],73.62,0.64,72.39,74.89,9995.59,6266.25,1.0,0.01,0.0,Zach Dezenzo (701305)
1610,mu_player[Garrett Mitchell (669003)],73.62,0.24,73.15,74.1,10596.18,6351.53,1.0,0.0,0.0,Garrett Mitchell (669003)
1611,mu_player[Carter Jensen (695600)],73.62,0.45,72.74,74.5,10010.18,6553.29,1.0,0.0,0.0,Carter Jensen (695600)
1612,mu_player[Marcelo Mayer (691785)],73.66,0.54,72.58,74.7,10302.76,6477.57,1.0,0.01,0.0,Marcelo Mayer (691785)
1613,mu_player[Avisaíl García (541645)],73.66,0.06,73.53,73.78,1334.01,2984.24,1.0,0.0,0.0,Avisaíl García (541645)
1614,mu_player[Rowdy Tellez (642133)],73.66,0.09,73.49,73.83,3143.38,5033.89,1.0,0.0,0.0,Rowdy Tellez (642133)
1615,mu_player[Rece Hinds (677956)],73.67,0.82,72.08,75.29,10868.85,5786.14,1.0,0.01,0.01,Rece Hinds (677956)
1616,mu_player[Oscar Colás (693049)],73.67,0.35,72.98,74.36,10651.79,6323.23,1.0,0.0,0.0,Oscar Colás (693049)
1617,mu_player[Sean Keys (815873)],73.68,1.29,71.15,76.2,9918.36,6197.72,1.0,0.01,0.01,Sean Keys (815873)
1618,mu_player[Trey Cabbage (663550)],73.69,0.72,72.27,75.07,9661.87,6149.89,1.0,0.01,0.01,Trey Cabbage (663550)
1619,mu_player[Kevin Alcántara (682634)],73.7,1.35,71.08,76.33,10859.76,6446.7,1.0,0.01,0.01,Kevin Alcántara (682634)
1620,mu_player[Mike Zunino (572287)],73.71,0.08,73.57,73.87,2326.18,3839.81,1.0,0.0,0.0,Mike Zunino (572287)
1621,mu_player[Eloy Jiménez (650391)],73.72,0.09,73.54,73.9,3764.23,5491.68,1.0,0.0,0.0,Eloy Jiménez (650391)
1622,mu_player[Yandy Díaz (650490)],73.73,0.08,73.58,73.89,3302.21,4239.75,1.0,0.0,0.0,Yandy Díaz (650490)
1623,mu_player[Denzel Clarke (672016)],73.75,0.71,72.33,75.13,10129.97,6365.03,1.0,0.01,0.01,Denzel Clarke (672016)
1624,mu_player[Yanquiel Fernández (692585)],73.77,0.77,72.27,75.29,10107.84,6496.93,1.0,0.01,0.01,Yanquiel Fernández (692585)
1625,mu_player[Christopher Morel (666624)],73.77,0.13,73.5,74.03,5729.03,5881.21,1.0,0.0,0.0,Christopher Morel (666624)
1626,mu_player[Marcell Ozuna (542303)],73.78,0.06,73.66,73.9,1619.84,3276.02,1.0,0.0,0.0,Marcell Ozuna (542303)
1627,mu_player[José Abreu (547989)],73.79,0.06,73.68,73.9,1802.92,2673.67,1.0,0.0,0.0,José Abreu (547989)
1628,mu_player[Bobby Witt Jr. (677951)],73.79,0.1,73.59,73.99,4364.32,5627.92,1.0,0.0,0.0,Bobby Witt Jr. (677951)
1629,mu_player[Matt Chapman (656305)],73.81,0.06,73.69,73.94,1809.09,3999.82,1.0,0.0,0.0,Matt Chapman (656305)
1630,mu_player[C.J. Cron (543068)],73.83,0.06,73.7,73.95,1558.68,3411.96,1.0,0.0,0.0,C.J. Cron (543068)
1631,mu_player[Sterlin Thompson (694514)],73.84,1.1,71.7,75.95,9881.73,6732.36,1.0,0.01,0.01,Sterlin Thompson (694514)
1632,mu_player[Jasson Domínguez (691176)],73.86,0.37,73.13,74.59,9247.27,5816.45,1.0,0.0,0.0,Jasson Domínguez (691176)
1633,mu_player[Munetaka Murakami (808959)],73.89,0.52,72.89,74.9,11374.1,6577.03,1.0,0.0,0.0,Munetaka Murakami (808959)
1634,mu_player[Willson Contreras (575929)],73.9,0.06,73.77,74.02,1988.74,4201.38,1.0,0.0,0.0,Willson Contreras (575929)
1635,mu_player[Chris Carter (474892)],73.94,0.12,73.7,74.18,6052.5,5894.52,1.0,0.0,0.0,Chris Carter (474892)
1636,mu_player[Yasiel Puig (624577)],73.94,0.08,73.77,74.1,3371.96,5466.42,1.0,0.0,0.0,Yasiel Puig (624577)
1637,mu_player[Jo Adell (666176)],73.94,0.13,73.69,74.19,7106.14,6325.09,1.0,0.0,0.0,Jo Adell (666176)
1638,mu_player[Abimelec Ortiz (694673)],73.98,1.13,71.81,76.19,10417.23,6119.79,1.0,0.01,0.01,Abimelec Ortiz (694673)
1639,mu_player[Esmerlyn Valdez (699013)],74.0,0.67,72.7,75.34,10374.51,6127.13,1.0,0.01,0.0,Esmerlyn Valdez (699013)
1640,mu_player[Bryce Harper (547180)],74.01,0.06,73.9,74.12,1426.34,2532.6,1.0,0.0,0.0,Bryce Harper (547180)
1641,mu_player[Christian Yelich (592885)],74.01,0.06,73.9,74.13,1312.44,2996.47,1.0,0.0,0.0,Christian Yelich (592885)
1642,mu_player[Zach Cole (805904)],74.06,0.96,72.19,75.94,10279.22,5916.16,1.0,0.01,0.01,Zach Cole (805904)
1643,mu_player[Jesús Sánchez (660821)],74.06,0.11,73.84,74.28,5049.91,5507.21,1.0,0.0,0.0,Jesús Sánchez (660821)
1644,mu_player[Hunter Goodman (696100)],74.07,0.28,73.52,74.62,9299.96,6141.86,1.0,0.0,0.0,Hunter Goodman (696100)
1645,mu_player[Owen Caissie (683357)],74.08,0.58,72.97,75.21,10024.01,5827.5,1.0,0.01,0.0,Owen Caissie (683357)
1646,mu_player[Riley Greene (682985)],74.11,0.12,73.87,74.35,5656.05,5723.46,1.0,0.0,0.0,Riley Greene (682985)
1647,mu_player[Pedro León (694175)],74.11,1.6,70.98,77.26,9302.61,6308.3,1.0,0.02,0.01,Pedro León (694175)
1648,mu_player[Matt Olson (621566)],74.14,0.06,74.01,74.25,1478.39,2868.69,1.0,0.0,0.0,Matt Olson (621566)
1649,mu_player[Gunnar Henderson (683002)],74.21,0.15,73.92,74.49,7902.51,6601.67,1.0,0.0,0.0,Gunnar Henderson (683002)
1650,mu_player[Ryan Vilade (668723)],74.23,0.54,73.15,75.3,9636.3,6390.4,1.0,0.01,0.0,Ryan Vilade (668723)
1651,mu_player[Samuel Basallo (694212)],74.27,0.48,73.33,75.21,11630.02,6027.23,1.0,0.0,0.0,Samuel Basallo (694212)
1652,mu_player[Drake Baldwin (686948)],74.32,0.34,73.65,74.98,9829.04,6217.3,1.0,0.0,0.0,Drake Baldwin (686948)
1653,mu_player[Colby Thomas (687515)],74.32,0.63,73.08,75.57,10940.93,6529.66,1.0,0.01,0.0,Colby Thomas (687515)
1654,mu_player[Gary Sánchez (596142)],74.34,0.07,74.2,74.48,1829.82,3313.5,1.0,0.0,0.0,Gary Sánchez (596142)
1655,mu_player[Manny Machado (592518)],74.34,0.06,74.23,74.45,1374.25,3170.01,1.0,0.0,0.0,Manny Machado (592518)
1656,mu_player[Coby Mayo (691723)],74.35,0.41,73.56,75.15,9639.01,6046.89,1.0,0.0,0.0,Coby Mayo (691723)
1657,mu_player[Yohendrick Piñango (682818)],74.36,0.73,72.94,75.78,11693.76,6281.04,1.0,0.01,0.0,Yohendrick Piñango (682818)
1658,mu_player[Juan Soto (665742)],74.42,0.07,74.27,74.57,2658.65,4111.97,1.0,0.0,0.0,Juan Soto (665742)
1659,mu_player[Hanley Ramirez (434670)],74.43,0.1,74.24,74.62,4967.91,5056.16,1.0,0.0,0.0,Hanley Ramirez (434670)
1660,mu_player[Addison Barger (680718)],74.45,0.39,73.67,75.2,10751.28,6474.0,1.0,0.0,0.0,Addison Barger (680718)
1661,mu_player[Austin Riley (663586)],74.45,0.07,74.3,74.6,2378.05,4398.79,1.0,0.0,0.0,Austin Riley (663586)
1662,mu_player[Gabriel Rincones Jr. (687282)],74.46,0.95,72.62,76.31,10198.16,6328.69,1.0,0.01,0.01,Gabriel Rincones Jr. (687282)
1663,mu_player[Matt Holliday (407812)],74.5,0.12,74.26,74.74,6755.07,5348.31,1.0,0.0,0.0,Matt Holliday (407812)
1664,mu_player[Agustín Ramírez (682663)],74.57,0.39,73.8,75.35,10452.66,6127.22,1.0,0.0,0.0,Agustín Ramírez (682663)
1665,mu_player[Jorge Alfaro (595751)],74.59,0.08,74.43,74.76,2397.72,5097.65,1.0,0.0,0.0,Jorge Alfaro (595751)
1666,mu_player[Rafael Devers (646240)],74.6,0.06,74.47,74.72,1588.85,3777.42,1.0,0.0,0.0,Rafael Devers (646240)
1667,mu_player[Roman Anthony (701350)],74.61,0.55,73.53,75.7,9301.08,6267.67,1.0,0.01,0.0,Roman Anthony (701350)
1668,mu_player[Pedro Álvarez (476883)],74.63,0.15,74.34,74.93,8341.35,5788.79,1.0,0.0,0.0,Pedro Álvarez (476883)
1669,mu_player[Michael Harris II (671739)],74.66,0.12,74.43,74.9,5695.44,4995.04,1.0,0.0,0.0,Michael Harris II (671739)
1670,mu_player[Kyle Schwarber (656941)],74.67,0.06,74.54,74.79,1661.09,3444.23,1.0,0.0,0.0,Kyle Schwarber (656941)
1671,mu_player[Franmil Reyes (614177)],74.68,0.08,74.52,74.83,2894.05,4985.25,1.0,0.0,0.0,Franmil Reyes (614177)
1672,mu_player[Jorge Soler (624585)],74.72,0.07,74.58,74.87,1950.94,4475.47,1.0,0.0,0.0,Jorge Soler (624585)
1673,mu_player[Jake Burger (669394)],74.79,0.13,74.52,75.05,7003.37,5613.9,1.0,0.0,0.0,Jake Burger (669394)
1674,mu_player[Carlos González (471865)],74.8,0.09,74.63,74.97,3294.04,4568.41,1.0,0.0,0.0,Carlos González (471865)
1675,mu_player[Elly De La Cruz (682829)],74.83,0.2,74.44,75.22,9672.39,5716.96,1.0,0.0,0.0,Elly De La Cruz (682829)
1676,mu_player[David Ortiz (120074)],74.89,0.16,74.58,75.2,5571.08,5494.61,1.0,0.0,0.0,David Ortiz (120074)
1677,mu_player[Mike Trout (545361)],75.0,0.07,74.87,75.13,2047.99,2922.82,1.0,0.0,0.0,Mike Trout (545361)
1678,mu_player[Franchy Cordero (614173)],75.12,0.13,74.87,75.36,5651.59,5917.95,1.0,0.0,0.0,Franchy Cordero (614173)
1679,mu_player[James Wood (695578)],75.14,0.29,74.57,75.73,10846.98,6049.64,1.0,0.0,0.0,James Wood (695578)
1680,mu_player[Fernando Tatis Jr. (665487)],75.18,0.09,75.0,75.35,2736.96,3603.86,1.0,0.0,0.0,Fernando Tatis Jr. (665487)
1681,mu_player[Shohei Ohtani (660271)],75.2,0.07,75.06,75.33,1828.47,3300.52,1.0,0.0,0.0,Shohei Ohtani (660271)
1682,mu_player[Joey Gallo (608336)],75.2,0.07,75.06,75.33,2073.12,3456.13,1.0,0.0,0.0,Joey Gallo (608336)
1683,mu_player[Alexander Canario (672744)],75.21,0.59,74.07,76.38,10718.45,6173.08,1.0,0.01,0.0,Alexander Canario (672744)
1684,mu_player[Miguel Sanó (593934)],75.24,0.07,75.1,75.38,2047.61,4072.81,1.0,0.0,0.0,Miguel Sanó (593934)
1685,mu_player[Konnor Griffin (804606)],75.27,0.63,74.02,76.47,10468.46,5997.81,1.0,0.01,0.0,Konnor Griffin (804606)
1686,mu_player[Matt Wallner (670242)],75.28,0.25,74.8,75.77,9493.05,5872.65,1.0,0.0,0.0,Matt Wallner (670242)
1687,mu_player[Joshua Báez (695491)],75.29,1.46,72.42,78.15,9721.41,6197.99,1.0,0.01,0.01,Joshua Báez (695491)
1688,mu_player[Pete Alonso (624413)],75.33,0.07,75.19,75.47,2208.78,4856.35,1.0,0.0,0.0,Pete Alonso (624413)
1689,mu_player[Johnathan Rodríguez (671286)],75.34,0.88,73.65,77.06,9904.9,6593.66,1.0,0.01,0.01,Johnathan Rodríguez (671286)
1690,mu_player[Cam Smith (701358)],75.42,0.33,74.77,76.06,9533.33,6208.01,1.0,0.0,0.0,Cam Smith (701358)
1691,mu_player[Julio Rodríguez (677594)],75.54,0.11,75.33,75.75,4390.76,5864.09,1.0,0.0,0.0,Julio Rodríguez (677594)
1692,mu_player[Ronald Acuña Jr. (660670)],75.64,0.07,75.5,75.77,2226.09,4336.94,1.0,0.0,0.0,Ronald Acuña Jr. (660670)
1693,mu_player[Mark Trumbo (444432)],75.65,0.09,75.48,75.82,3394.32,5062.56,1.0,0.0,0.0,Mark Trumbo (444432)
1694,mu_player[Jordan Walker (691023)],75.66,0.2,75.26,76.06,8725.26,6338.49,1.0,0.0,0.0,Jordan Walker (691023)
1695,mu_player[Yordan Alvarez (670541)],75.78,0.09,75.61,75.94,3207.02,5413.0,1.0,0.0,0.0,Yordan Alvarez (670541)
1696,mu_player[Daniel Palka (594953)],75.78,0.15,75.49,76.06,6233.2,5260.26,1.0,0.0,0.0,Daniel Palka (594953)
1697,mu_player[Henry Bolte (703607)],76.01,0.6,74.84,77.17,9986.35,6439.05,1.0,0.01,0.0,Henry Bolte (703607)
1698,mu_player[Colson Montgomery (695657)],76.02,0.37,75.3,76.73,10633.95,6300.98,1.0,0.0,0.0,Colson Montgomery (695657)
1699,mu_player[Spencer Jones (682987)],76.18,0.71,74.78,77.58,10180.32,6237.73,1.0,0.01,0.0,Spencer Jones (682987)
1700,mu_player[Jac Caglianone (695506)],76.55,0.39,75.78,77.33,10711.05,6129.77,1.0,0.0,0.0,Jac Caglianone (695506)
1701,mu_player[Nelson Cruz (443558)],76.77,0.06,76.64,76.89,4858.53,5476.4,1.0,0.0,0.0,Nelson Cruz (443558)
1702,mu_player[Jhonkensy Noel (678877)],76.82,0.52,75.8,77.84,11105.27,6208.57,1.0,0.0,0.0,Jhonkensy Noel (678877)
1703,mu_player[Vladimir Guerrero Jr. (665489)],76.85,0.07,76.7,76.99,2365.37,4497.88,1.0,0.0,0.0,Vladimir Guerrero Jr. (665489)
1704,mu_player[Nick Kurtz (701762)],76.95,0.37,76.23,77.68,10434.04,6394.86,1.0,0.0,0.0,Nick Kurtz (701762)
1705,mu_player[Aaron Judge (592450)],77.47,0.06,77.34,77.6,1596.17,3411.67,1.0,0.0,0.0,Aaron Judge (592450)
1706,mu_player[Oneil Cruz (665833)],77.57,0.16,77.26,77.88,6656.44,5766.08,1.0,0.0,0.0,Oneil Cruz (665833)
1707,mu_player[Junior Caminero (691406)],78.24,0.29,77.66,78.79,10269.78,6237.17,1.0,0.0,0.0,Junior Caminero (691406)
1708,mu_player[Giancarlo Stanton (519317)],79.54,0.07,79.42,79.67,1726.44,3144.9,1.0,0.0,0.0,Giancarlo Stanton (519317)
